country,year,transportation_mtco2
albania,1990,0.71
albania,1991,0.53
albania,1992,0.41
albania,1993,0.51
albania,1994,0.63
albania,1995,0.63
albania,1996,0.62
albania,1997,0.49
albania,1998,0.74
albania,1999,1.4
albania,2000,1.47
albania,2001,1.54
albania,2002,1.77
albania,2003,1.91
albania,2004,2.3
albania,2005,2.37
albania,2006,1.92
albania,2007,2.1
albania,2008,2.28
albania,2009,2.3
albania,2010,2.23
albania,2011,2.34
albania,2012,2.25
albania,2013,2.45
algeria,1990,15.8
algeria,1991,16.88
algeria,1992,16.8
algeria,1993,16.96
algeria,1994,15.52
algeria,1995,15.11
algeria,1996,14.96
algeria,1997,15.01
algeria,1998,15.46
algeria,1999,16.47
algeria,2000,16.84
algeria,2001,17.04
algeria,2002,19.35
algeria,2003,21.75
algeria,2004,22.02
algeria,2005,24.15
algeria,2006,25.62
algeria,2007,27.59
algeria,2008,29.19
algeria,2009,30.51
algeria,2010,31.7
algeria,2011,32.64
algeria,2012,36.03
algeria,2013,37.39
angola,1990,1.02
angola,1991,1.26
angola,1992,1.19
angola,1993,1.21
angola,1994,1.54
angola,1995,1.07
angola,1996,0.99
angola,1997,1.05
angola,1998,0.83
angola,1999,1.16
angola,2000,1.07
angola,2001,1.2
angola,2002,1.48
angola,2003,2.75
angola,2004,3.14
angola,2005,2.45
angola,2006,3.26
angola,2007,3.86
angola,2008,5.16
angola,2009,5.7
angola,2010,6.41
angola,2011,7.09
angola,2012,7.11
angola,2013,8.16
argentina,1990,28.44
argentina,1991,29.96
argentina,1992,32.12
argentina,1993,35.73
argentina,1994,37.14
argentina,1995,38.3
argentina,1996,39.45
argentina,1997,40.59
argentina,1998,42.48
argentina,1999,41.1
argentina,2000,40.25
argentina,2001,36.56
argentina,2002,34.06
argentina,2003,34.97
argentina,2004,37.89
argentina,2005,39.62
argentina,2006,41.79
argentina,2007,42.46
argentina,2008,45.11
argentina,2009,40.56
argentina,2010,43.4
argentina,2011,49.25
argentina,2012,48.78
argentina,2013,45.71
armenia,1990,2.96
armenia,1991,2.9
armenia,1992,1.83
armenia,1993,1.19
armenia,1994,0.16
armenia,1995,0.11
armenia,1996,0.06
armenia,1997,0.06
armenia,1998,0.07
armenia,1999,0.07
armenia,2000,0.57
armenia,2001,0.57
armenia,2002,0.54
armenia,2003,0.59
armenia,2004,0.61
armenia,2005,0.67
armenia,2006,0.66
armenia,2007,1.06
armenia,2008,1.26
armenia,2009,1.14
armenia,2010,1.26
armenia,2011,1.29
armenia,2012,1.3
armenia,2013,1.28
australia,1990,62.02
australia,1991,60.58
australia,1992,62.07
australia,1993,63.18
australia,1994,64.82
australia,1995,67.53
australia,1996,70.01
australia,1997,71.37
australia,1998,71.38
australia,1999,72.76
australia,2000,75
australia,2001,74.4
australia,2002,76.12
australia,2003,76.4
australia,2004,79.17
australia,2005,79.32
australia,2006,81.23
australia,2007,83.56
australia,2008,85.26
australia,2009,84.99
australia,2010,87.59
australia,2011,90.24
australia,2012,90.89
australia,2013,92.33
austria,1990,13.63
austria,1991,15.05
austria,1992,15.07
austria,1993,15.22
austria,1994,15.28
austria,1995,15.5
austria,1996,17.12
austria,1997,16.19
austria,1998,18.3
austria,1999,17.81
austria,2000,18.55
austria,2001,20.04
austria,2002,21.93
austria,2003,23.51
austria,2004,23.84
austria,2005,24.55
austria,2006,23.3
austria,2007,23.54
austria,2008,22.41
austria,2009,21.6
austria,2010,22.21
austria,2011,21.62
austria,2012,21.59
austria,2013,22.78
azerbaijan,1990,6.2
azerbaijan,1991,4.76
azerbaijan,1992,4
azerbaijan,1993,3.69
azerbaijan,1994,3.24
azerbaijan,1995,3.34
azerbaijan,1996,2.71
azerbaijan,1997,3.22
azerbaijan,1998,3
azerbaijan,1999,1.57
azerbaijan,2000,2.36
azerbaijan,2001,2.6
azerbaijan,2002,2.93
azerbaijan,2003,3.15
azerbaijan,2004,3.79
azerbaijan,2005,4.21
azerbaijan,2006,4.84
azerbaijan,2007,3.77
azerbaijan,2008,4.77
azerbaijan,2009,4.24
azerbaijan,2010,4.95
azerbaijan,2011,5.79
azerbaijan,2012,6.4
azerbaijan,2013,7.29
bahrain,1990,1
bahrain,1991,1.01
bahrain,1992,1.13
bahrain,1993,1.17
bahrain,1994,1.19
bahrain,1995,1.24
bahrain,1996,1.26
bahrain,1997,1.33
bahrain,1998,1.4
bahrain,1999,1.45
bahrain,2000,1.53
bahrain,2001,1.6
bahrain,2002,1.79
bahrain,2003,1.95
bahrain,2004,2.13
bahrain,2005,2.5
bahrain,2006,2.61
bahrain,2007,2.84
bahrain,2008,3.11
bahrain,2009,3.06
bahrain,2010,3.15
bahrain,2011,2.96
bahrain,2012,3.18
bahrain,2013,3.3
bangladesh,1990,1.67
bangladesh,1991,1.83
bangladesh,1992,2.11
bangladesh,1993,2.17
bangladesh,1994,2.21
bangladesh,1995,2.67
bangladesh,1996,2.94
bangladesh,1997,3.32
bangladesh,1998,3.4
bangladesh,1999,3.1
bangladesh,2000,3.03
bangladesh,2001,3.79
bangladesh,2002,3.85
bangladesh,2003,3.93
bangladesh,2004,4.54
bangladesh,2005,5.05
bangladesh,2006,5.27
bangladesh,2007,5.39
bangladesh,2008,6.02
bangladesh,2009,6.35
bangladesh,2010,7.35
bangladesh,2011,8.57
bangladesh,2012,8.66
bangladesh,2013,8.18
belarus,1990,11.48
belarus,1991,12.26
belarus,1992,11.33
belarus,1993,9.47
belarus,1994,6.73
belarus,1995,6.68
belarus,1996,7.25
belarus,1997,7.62
belarus,1998,8.05
belarus,1999,7.1
belarus,2000,6.46
belarus,2001,6.13
belarus,2002,6.61
belarus,2003,6.83
belarus,2004,6.99
belarus,2005,7.78
belarus,2006,9.14
belarus,2007,9.3
belarus,2008,10.56
belarus,2009,10.31
belarus,2010,10.94
belarus,2011,11.32
belarus,2012,11.69
belarus,2013,12.46
belgium,1990,20.34
belgium,1991,20.61
belgium,1992,21.46
belgium,1993,22.18
belgium,1994,22.88
belgium,1995,22.83
belgium,1996,23.43
belgium,1997,23.59
belgium,1998,24.17
belgium,1999,24.39
belgium,2000,24.49
belgium,2001,25.24
belgium,2002,25.22
belgium,2003,26
belgium,2004,26.87
belgium,2005,25.86
belgium,2006,25.29
belgium,2007,25.13
belgium,2008,27.21
belgium,2009,26.54
belgium,2010,26.53
belgium,2011,26.6
belgium,2012,24.52
belgium,2013,24.34
benin,1990,0.17
benin,1991,0.13
benin,1992,0.12
benin,1993,0.12
benin,1994,0.12
benin,1995,0.12
benin,1996,0.5
benin,1997,0.68
benin,1998,0.75
benin,1999,0.85
benin,2000,0.92
benin,2001,0.99
benin,2002,1.17
benin,2003,1.37
benin,2004,1.4
benin,2005,1.54
benin,2006,1.96
benin,2007,2.43
benin,2008,2.45
benin,2009,2.81
benin,2010,3.17
benin,2011,3.26
benin,2012,3.41
benin,2013,3.64
bolivia,1990,2.23
bolivia,1991,2.34
bolivia,1992,2.31
bolivia,1993,2.67
bolivia,1994,2.78
bolivia,1995,3.09
bolivia,1996,3.2
bolivia,1997,3.02
bolivia,1998,3.13
bolivia,1999,3.13
bolivia,2000,2.93
bolivia,2001,2.87
bolivia,2002,2.92
bolivia,2003,3.11
bolivia,2004,3.39
bolivia,2005,3.54
bolivia,2006,3.94
bolivia,2007,4.42
bolivia,2008,4.94
bolivia,2009,5.16
bolivia,2010,5.41
bolivia,2011,5.94
bolivia,2012,6.33
bolivia,2013,7
bosnia_herzegovina,1990,2.19
bosnia_herzegovina,1991,1.86
bosnia_herzegovina,1992,1.06
bosnia_herzegovina,1993,0.85
bosnia_herzegovina,1994,0.97
bosnia_herzegovina,1995,0.99
bosnia_herzegovina,1996,1.03
bosnia_herzegovina,1997,1.06
bosnia_herzegovina,1998,1.4
bosnia_herzegovina,1999,1.34
bosnia_herzegovina,2000,2.09
bosnia_herzegovina,2001,2.13
bosnia_herzegovina,2002,2.04
bosnia_herzegovina,2003,2.05
bosnia_herzegovina,2004,2.39
bosnia_herzegovina,2005,2.3
bosnia_herzegovina,2006,2.88
bosnia_herzegovina,2007,3.05
bosnia_herzegovina,2008,3.38
bosnia_herzegovina,2009,3.49
bosnia_herzegovina,2010,3.4
bosnia_herzegovina,2011,3.41
bosnia_herzegovina,2012,3.19
bosnia_herzegovina,2013,2.82
botswana,1990,0.65
botswana,1991,0.71
botswana,1992,0.81
botswana,1993,0.8
botswana,1994,0.77
botswana,1995,0.89
botswana,1996,0.9
botswana,1997,0.97
botswana,1998,1.04
botswana,1999,1.13
botswana,2000,1.22
botswana,2001,1.31
botswana,2002,1.25
botswana,2003,1.34
botswana,2004,1.46
botswana,2005,1.5
botswana,2006,1.62
botswana,2007,1.72
botswana,2008,1.98
botswana,2009,1.84
botswana,2010,1.94
botswana,2011,2.03
botswana,2012,2.05
botswana,2013,2.13
brazil,1990,82.15
brazil,1991,85.95
brazil,1992,86.59
brazil,1993,90.05
brazil,1994,94.18
brazil,1995,104.16
brazil,1996,113.63
brazil,1997,120.57
brazil,1998,126.85
brazil,1999,124.2
brazil,2000,125.42
brazil,2001,127.94
brazil,2002,129.87
brazil,2003,127.33
brazil,2004,136.24
brazil,2005,136.94
brazil,2006,139.96
brazil,2007,145.64
brazil,2008,151.03
brazil,2009,148.45
brazil,2010,167.67
brazil,2011,183.72
brazil,2012,200.88
brazil,2013,208.06
brunei,1990,0.55
brunei,1991,0.6
brunei,1992,0.65
brunei,1993,0.68
brunei,1994,0.72
brunei,1995,0.78
brunei,1996,0.84
brunei,1997,0.87
brunei,1998,0.82
brunei,1999,0.81
brunei,2000,0.81
brunei,2001,0.84
brunei,2002,0.88
brunei,2003,0.92
brunei,2004,0.97
brunei,2005,0.95
brunei,2006,1.03
brunei,2007,1.13
brunei,2008,1.13
brunei,2009,1.12
brunei,2010,1.18
brunei,2011,1.28
brunei,2012,1.34
brunei,2013,1.33
bulgaria,1990,6.44
bulgaria,1991,3.63
bulgaria,1992,3.81
bulgaria,1993,4.31
bulgaria,1994,3.93
bulgaria,1995,4.19
bulgaria,1996,4.14
bulgaria,1997,4.28
bulgaria,1998,5.42
bulgaria,1999,5.65
bulgaria,2000,5.43
bulgaria,2001,5.6
bulgaria,2002,5.83
bulgaria,2003,6.42
bulgaria,2004,6.83
bulgaria,2005,7.62
bulgaria,2006,8.12
bulgaria,2007,7.95
bulgaria,2008,8.34
bulgaria,2009,8.01
bulgaria,2010,7.79
bulgaria,2011,7.97
bulgaria,2012,8.24
bulgaria,2013,7.32
cambodia,1995,1.16
cambodia,1996,1.16
cambodia,1997,1.2
cambodia,1998,1.39
cambodia,1999,1.36
cambodia,2000,1.32
cambodia,2001,1.51
cambodia,2002,1.32
cambodia,2003,1.35
cambodia,2004,1.37
cambodia,2005,1.49
cambodia,2006,1.6
cambodia,2007,1.99
cambodia,2008,2.05
cambodia,2009,2.68
cambodia,2010,3.11
cambodia,2011,3.29
cambodia,2012,3.48
cambodia,2013,3.55
cameroon,1990,1.75
cameroon,1991,1.57
cameroon,1992,1.57
cameroon,1993,1.69
cameroon,1994,1.76
cameroon,1995,1.71
cameroon,1996,1.73
cameroon,1997,1.82
cameroon,1998,1.88
cameroon,1999,1.64
cameroon,2000,1.86
cameroon,2001,1.86
cameroon,2002,2.06
cameroon,2003,2.1
cameroon,2004,2.16
cameroon,2005,2.11
cameroon,2006,1.87
cameroon,2007,2.13
cameroon,2008,2.18
cameroon,2009,2.51
cameroon,2010,2.67
cameroon,2011,2.78
cameroon,2012,2.91
cameroon,2013,3.07
canada,1990,124.65
canada,1991,120.94
canada,1992,125.19
canada,1993,127.17
canada,1994,133.4
canada,1995,137.07
canada,1996,140.42
canada,1997,144.83
canada,1998,147.45
canada,1999,151.14
canada,2000,149.95
canada,2001,147.77
canada,2002,150.37
canada,2003,153.06
canada,2004,157.89
canada,2005,160.74
canada,2006,160.76
canada,2007,169.01
canada,2008,165.94
canada,2009,162.39
canada,2010,167.13
canada,2011,166.65
canada,2012,169.69
canada,2013,174.24
chile,1990,9.08
chile,1991,9.48
chile,1992,10.29
chile,1993,11.41
chile,1994,12.33
chile,1995,13.64
chile,1996,14.84
chile,1997,15.73
chile,1998,16.55
chile,1999,16.74
chile,2000,16.98
chile,2001,16.06
chile,2002,16.57
chile,2003,16.33
chile,2004,16.91
chile,2005,18.56
chile,2006,18.28
chile,2007,19.81
chile,2008,20.58
chile,2009,20.7
chile,2010,21.43
chile,2011,21.85
chile,2012,22.43
chile,2013,24.49
china,1990,107.03
china,1991,114.32
china,1992,125.29
china,1993,140.63
china,1994,130.43
china,1995,140.8
china,1996,188.68
china,1997,165.64
china,1998,161.59
china,1999,178.38
china,2000,263.51
china,2001,269.71
china,2002,292.54
china,2003,331.2
china,2004,387.28
china,2005,413.12
china,2006,450.01
china,2007,482.37
china,2008,520.26
china,2009,529.73
china,2010,581.4
china,2011,634.61
china,2012,698.22
china,2013,753.06
colombia,1990,16.32
colombia,1991,17.07
colombia,1992,18.01
colombia,1993,18.27
colombia,1994,17.02
colombia,1995,20.33
colombia,1996,20.87
colombia,1997,21.88
colombia,1998,21.41
colombia,1999,19.09
colombia,2000,18.57
colombia,2001,19.48
colombia,2002,17.28
colombia,2003,17.75
colombia,2004,20.26
colombia,2005,20.46
colombia,2006,21.41
colombia,2007,21.89
colombia,2008,22.3
colombia,2009,20.94
colombia,2010,21.71
colombia,2011,26.39
colombia,2012,27.8
colombia,2013,28.5
congo_dem_rep,1990,0.57
congo_dem_rep,1991,0.48
congo_dem_rep,1992,0.44
congo_dem_rep,1993,0.44
congo_dem_rep,1994,0.45
congo_dem_rep,1995,0.45
congo_dem_rep,1996,0.45
congo_dem_rep,1997,0.45
congo_dem_rep,1998,0.45
congo_dem_rep,1999,0.44
congo_dem_rep,2000,0.79
congo_dem_rep,2001,0.65
congo_dem_rep,2002,0.69
congo_dem_rep,2003,0.82
congo_dem_rep,2004,0.89
congo_dem_rep,2005,1.11
congo_dem_rep,2006,1.2
congo_dem_rep,2007,1.33
congo_dem_rep,2008,1.52
congo_dem_rep,2009,1.52
congo_dem_rep,2010,1.65
congo_dem_rep,2011,2.13
congo_dem_rep,2012,2.11
congo_dem_rep,2013,3.31
congo_rep,1990,0.51
congo_rep,1991,0.54
congo_rep,1992,0.47
congo_rep,1993,0.47
congo_rep,1994,0.29
congo_rep,1995,0.42
congo_rep,1996,0.32
congo_rep,1997,0.25
congo_rep,1998,0.32
congo_rep,1999,0.31
congo_rep,2000,0.43
congo_rep,2001,0.55
congo_rep,2002,0.43
congo_rep,2003,0.6
congo_rep,2004,0.71
congo_rep,2005,0.72
congo_rep,2006,0.88
congo_rep,2007,0.96
congo_rep,2008,1.18
congo_rep,2009,1.28
congo_rep,2010,1.48
congo_rep,2011,1.65
congo_rep,2012,1.6
congo_rep,2013,1.91
costa_rica,1990,1.59
costa_rica,1991,1.65
costa_rica,1992,2.4
costa_rica,1993,2.47
costa_rica,1994,2.6
costa_rica,1995,2.59
costa_rica,1996,2.61
costa_rica,1997,2.68
costa_rica,1998,2.96
costa_rica,1999,3.07
costa_rica,2000,2.97
costa_rica,2001,3.17
costa_rica,2002,3.51
costa_rica,2003,3.59
costa_rica,2004,3.84
costa_rica,2005,3.76
costa_rica,2006,3.96
costa_rica,2007,4.26
costa_rica,2008,4.36
costa_rica,2009,4.42
costa_rica,2010,4.56
costa_rica,2011,4.64
costa_rica,2012,4.76
costa_rica,2013,4.82
cote_d_ivoire,1990,1.19
cote_d_ivoire,1991,1.18
cote_d_ivoire,1992,1.14
cote_d_ivoire,1993,1.1
cote_d_ivoire,1994,1.09
cote_d_ivoire,1995,1.23
cote_d_ivoire,1996,1.25
cote_d_ivoire,1997,1.38
cote_d_ivoire,1998,1.21
cote_d_ivoire,1999,1.42
cote_d_ivoire,2000,1.29
cote_d_ivoire,2001,1.26
cote_d_ivoire,2002,1.41
cote_d_ivoire,2003,1.04
cote_d_ivoire,2004,1.14
cote_d_ivoire,2005,1.22
cote_d_ivoire,2006,1.28
cote_d_ivoire,2007,1.29
cote_d_ivoire,2008,1.56
cote_d_ivoire,2009,1.58
cote_d_ivoire,2010,1.5
cote_d_ivoire,2011,1.53
cote_d_ivoire,2012,2.38
cote_d_ivoire,2013,2.63
croatia,1990,3.56
croatia,1991,2.85
croatia,1992,2.76
croatia,1993,2.91
croatia,1994,3.08
croatia,1995,3.27
croatia,1996,3.47
croatia,1997,3.9
croatia,1998,4.06
croatia,1999,4.29
croatia,2000,4.32
croatia,2001,4.38
croatia,2002,4.68
croatia,2003,5.09
croatia,2004,5.25
croatia,2005,5.43
croatia,2006,5.78
croatia,2007,6.14
croatia,2008,6.05
croatia,2009,6.05
croatia,2010,5.82
croatia,2011,5.71
croatia,2012,5.51
croatia,2013,5.59
cuba,1990,5.07
cuba,1991,3.72
cuba,1992,2.6
cuba,1993,1.95
cuba,1994,1.89
cuba,1995,1.97
cuba,1996,2.2
cuba,1997,2.75
cuba,1998,2.49
cuba,1999,2.35
cuba,2000,2.17
cuba,2001,2.21
cuba,2002,2.06
cuba,2003,1.89
cuba,2004,1.97
cuba,2005,1.91
cuba,2006,1.83
cuba,2007,1.85
cuba,2008,1.82
cuba,2009,1.41
cuba,2010,1.25
cuba,2011,1.22
cuba,2012,1.27
cuba,2013,1.24
cyprus,1990,1.16
cyprus,1991,1.16
cyprus,1992,1.3
cyprus,1993,1.32
cyprus,1994,1.37
cyprus,1995,1.46
cyprus,1996,1.51
cyprus,1997,1.57
cyprus,1998,1.65
cyprus,1999,1.69
cyprus,2000,1.73
cyprus,2001,1.79
cyprus,2002,1.77
cyprus,2003,1.88
cyprus,2004,1.98
cyprus,2005,2.02
cyprus,2006,2
cyprus,2007,2.14
cyprus,2008,2.18
cyprus,2009,2.18
cyprus,2010,2.23
cyprus,2011,2.16
cyprus,2012,1.99
cyprus,2013,1.79
czech_republic,1990,6.95
czech_republic,1991,6.17
czech_republic,1992,7.92
czech_republic,1993,7.96
czech_republic,1994,8.54
czech_republic,1995,7.25
czech_republic,1996,10.08
czech_republic,1997,10.38
czech_republic,1998,10.67
czech_republic,1999,11.76
czech_republic,2000,11.87
czech_republic,2001,12.74
czech_republic,2002,13.29
czech_republic,2003,15.12
czech_republic,2004,15.84
czech_republic,2005,17.14
czech_republic,2006,17.45
czech_republic,2007,18.41
czech_republic,2008,18.26
czech_republic,2009,17.63
czech_republic,2010,16.59
czech_republic,2011,16.46
czech_republic,2012,16.09
czech_republic,2013,15.94
denmark,1990,10.31
denmark,1991,10.9
denmark,1992,10.86
denmark,1993,11.13
denmark,1994,11.57
denmark,1995,11.69
denmark,1996,11.81
denmark,1997,11.94
denmark,1998,12
denmark,1999,12.04
denmark,2000,11.99
denmark,2001,12.03
denmark,2002,12.21
denmark,2003,12.68
denmark,2004,13.07
denmark,2005,13.32
denmark,2006,13.52
denmark,2007,14.12
denmark,2008,13.9
denmark,2009,13.18
denmark,2010,13.02
denmark,2011,12.72
denmark,2012,11.38
denmark,2013,11.22
dominican_republic,1990,2.31
dominican_republic,1991,2.28
dominican_republic,1992,2.45
dominican_republic,1993,2.66
dominican_republic,1994,3.15
dominican_republic,1995,3.51
dominican_republic,1996,3.89
dominican_republic,1997,4.46
dominican_republic,1998,4.66
dominican_republic,1999,4.93
dominican_republic,2000,5.89
dominican_republic,2001,5.1
dominican_republic,2002,5.96
dominican_republic,2003,5.03
dominican_republic,2004,6.07
dominican_republic,2005,5.84
dominican_republic,2006,5.71
dominican_republic,2007,5.63
dominican_republic,2008,5.24
dominican_republic,2009,5.43
dominican_republic,2010,5.93
dominican_republic,2011,6.08
dominican_republic,2012,6.61
dominican_republic,2013,5.69
ecuador,1990,7.82
ecuador,1991,8.01
ecuador,1992,8.13
ecuador,1993,8.16
ecuador,1994,8.67
ecuador,1995,8.26
ecuador,1996,10.07
ecuador,1997,10.66
ecuador,1998,9.98
ecuador,1999,7.86
ecuador,2000,8.74
ecuador,2001,8.72
ecuador,2002,8.98
ecuador,2003,9.04
ecuador,2004,9.32
ecuador,2005,9.72
ecuador,2006,9.96
ecuador,2007,9.98
ecuador,2008,10.02
ecuador,2009,10.43
ecuador,2010,12.51
ecuador,2011,13.58
ecuador,2012,14.07
ecuador,2013,15.02
egypt,1990,16.15
egypt,1991,16.9
egypt,1992,17.56
egypt,1993,18.27
egypt,1994,20.02
egypt,1995,21.22
egypt,1996,22.47
egypt,1997,24.06
egypt,1998,26.71
egypt,1999,28.38
egypt,2000,29.24
egypt,2001,28.15
egypt,2002,29.01
egypt,2003,30.63
egypt,2004,31.33
egypt,2005,30.78
egypt,2006,33.45
egypt,2007,37.02
egypt,2008,39.04
egypt,2009,41.77
egypt,2010,44.83
egypt,2011,46.75
egypt,2012,50.89
egypt,2013,40.84
el_salvador,1990,1.27
el_salvador,1991,1.38
el_salvador,1992,1.6
el_salvador,1993,1.75
el_salvador,1994,1.86
el_salvador,1995,2.12
el_salvador,1996,2.1
el_salvador,1997,2.13
el_salvador,1998,2.29
el_salvador,1999,2.61
el_salvador,2000,2.52
el_salvador,2001,2.54
el_salvador,2002,2.47
el_salvador,2003,2.68
el_salvador,2004,2.84
el_salvador,2005,3.06
el_salvador,2006,2.94
el_salvador,2007,3.15
el_salvador,2008,2.95
el_salvador,2009,3.06
el_salvador,2010,3.01
el_salvador,2011,3.11
el_salvador,2012,2.74
el_salvador,2013,2.78
eritrea,1992,0.11
eritrea,1993,0.21
eritrea,1994,0.29
eritrea,1995,0.33
eritrea,1996,0.38
eritrea,1997,0.36
eritrea,1998,0.23
eritrea,1999,0.21
eritrea,2000,0.2
eritrea,2001,0.25
eritrea,2002,0.27
eritrea,2003,0.27
eritrea,2004,0.25
eritrea,2005,0.18
eritrea,2006,0.14
eritrea,2007,0.12
eritrea,2008,0.11
eritrea,2009,0.11
eritrea,2010,0.14
eritrea,2011,0.15
eritrea,2012,0.17
eritrea,2013,0.17
estonia,1990,2.36
estonia,1991,2.16
estonia,1992,1.07
estonia,1993,1.16
estonia,1994,1.39
estonia,1995,1.39
estonia,1996,1.52
estonia,1997,1.57
estonia,1998,1.65
estonia,1999,1.65
estonia,2000,1.65
estonia,2001,1.96
estonia,2002,2.08
estonia,2003,2
estonia,2004,2.04
estonia,2005,2.14
estonia,2006,2.3
estonia,2007,2.43
estonia,2008,2.36
estonia,2009,2.13
estonia,2010,2.25
estonia,2011,2.24
estonia,2012,2.26
estonia,2013,2.21
ethiopia,1990,0.93
ethiopia,1991,0.93
ethiopia,1992,0.73
ethiopia,1993,0.87
ethiopia,1994,0.98
ethiopia,1995,1.09
ethiopia,1996,1.21
ethiopia,1997,1.28
ethiopia,1998,1.41
ethiopia,1999,1.45
ethiopia,2000,1.59
ethiopia,2001,1.99
ethiopia,2002,2.08
ethiopia,2003,2.17
ethiopia,2004,2.33
ethiopia,2005,2.18
ethiopia,2006,2.34
ethiopia,2007,2.55
ethiopia,2008,2.63
ethiopia,2009,2.76
ethiopia,2010,2.85
ethiopia,2011,3
ethiopia,2012,3.41
ethiopia,2013,3.98
european_union_15,1990,680.34
european_union_15,1991,694.43
european_union_15,1992,714.24
european_union_15,1993,723.38
european_union_15,1994,727.92
european_union_15,1995,735.4
european_union_15,1996,752.91
european_union_15,1997,760.73
european_union_15,1998,786.47
european_union_15,1999,805.7
european_union_15,2000,807.4
european_union_15,2001,814.66
european_union_15,2002,821.91
european_union_15,2003,831.45
european_union_15,2004,844.99
european_union_15,2005,839.62
european_union_15,2006,845.19
european_union_15,2007,845.15
european_union_15,2008,818.14
european_union_15,2009,791.4
european_union_15,2010,784.51
european_union_15,2011,772.15
european_union_15,2012,742.15
european_union_15,2013,740.81
european_union_28,1990,756.89
european_union_28,1991,764.37
european_union_28,1992,783.21
european_union_28,1993,789.33
european_union_28,1994,795.44
european_union_28,1995,803.81
european_union_28,1996,831.06
european_union_28,1997,843.4
european_union_28,1998,871.92
european_union_28,1999,893.38
european_union_28,2000,890.89
european_union_28,2001,904.1
european_union_28,2002,913.43
european_union_28,2003,929.15
european_union_28,2004,949.89
european_union_28,2005,950.52
european_union_28,2006,962.86
european_union_28,2007,971.76
european_union_28,2008,949.92
european_union_28,2009,918.83
european_union_28,2010,912.1
european_union_28,2011,899.91
european_union_28,2012,867.85
european_union_28,2013,860.87
finland,1990,11.71
finland,1991,11.4
finland,1992,11.35
finland,1993,11.12
finland,1994,11.56
finland,1995,11.36
finland,1996,11.08
finland,1997,11.69
finland,1998,11.85
finland,1999,12.16
finland,2000,11.76
finland,2001,11.9
finland,2002,12.08
finland,2003,12.28
finland,2004,12.62
finland,2005,12.65
finland,2006,12.82
finland,2007,13.17
finland,2008,12.55
finland,2009,11.99
finland,2010,12.5
finland,2011,12.34
finland,2012,12.04
finland,2013,11.93
france,1990,113.44
france,1991,116.82
france,1992,119.33
france,1993,120.45
france,1994,121.35
france,1995,122.29
france,1996,122.09
france,1997,124.6
france,1998,129.08
france,1999,129.48
france,2000,132.44
france,2001,134.22
france,2002,134.14
france,2003,132.84
france,2004,133.08
france,2005,130.83
france,2006,131.17
france,2007,130.39
france,2008,124.4
france,2009,122.96
france,2010,123.27
france,2011,122.79
france,2012,121.87
france,2013,121.05
gabon,1990,0.32
gabon,1991,0.39
gabon,1992,0.37
gabon,1993,0.39
gabon,1994,0.31
gabon,1995,0.34
gabon,1996,0.35
gabon,1997,0.38
gabon,1998,0.41
gabon,1999,0.39
gabon,2000,0.32
gabon,2001,0.36
gabon,2002,0.39
gabon,2003,0.35
gabon,2004,0.37
gabon,2005,0.37
gabon,2006,0.37
gabon,2007,0.42
gabon,2008,0.43
gabon,2009,0.4
gabon,2010,0.63
gabon,2011,0.72
gabon,2012,0.75
gabon,2013,0.84
georgia,1990,3.72
georgia,1991,2.8
georgia,1992,2.32
georgia,1993,2
georgia,1994,1.47
georgia,1995,1.03
georgia,1996,2.52
georgia,1997,1.89
georgia,1998,1.25
georgia,1999,1.12
georgia,2000,0.95
georgia,2001,1.15
georgia,2002,1.21
georgia,2003,1.24
georgia,2004,1.2
georgia,2005,1.51
georgia,2006,1.57
georgia,2007,2.07
georgia,2008,1.74
georgia,2009,2.17
georgia,2010,2.26
georgia,2011,2.31
georgia,2012,2.45
georgia,2013,2.84
germany,1990,158.58
germany,1991,161.45
germany,1992,164.03
germany,1993,168.64
germany,1994,166
germany,1995,167.89
germany,1996,169.02
germany,1997,169.77
germany,1998,172.77
germany,1999,177.63
germany,2000,173.43
germany,2001,169.5
germany,2002,167.09
germany,2003,164
germany,2004,163.95
germany,2005,155.59
germany,2006,153.45
germany,2007,148.34
germany,2008,148.86
germany,2009,147.02
germany,2010,148.08
germany,2011,149.9
germany,2012,148.47
germany,2013,152.32
ghana,1990,1.62
ghana,1991,1.5
ghana,1992,1.79
ghana,1993,1.8
ghana,1994,1.88
ghana,1995,2.05
ghana,1996,2.23
ghana,1997,2.33
ghana,1998,2.78
ghana,1999,3.09
ghana,2000,2.93
ghana,2001,2.93
ghana,2002,3.39
ghana,2003,3.15
ghana,2004,3.65
ghana,2005,3.6
ghana,2006,3.65
ghana,2007,3.84
ghana,2008,3.73
ghana,2009,5.04
ghana,2010,5.14
ghana,2011,5.71
ghana,2012,6.81
ghana,2013,7.21
greece,1990,15.06
greece,1991,15.87
greece,1992,16.28
greece,1993,16.49
greece,1994,16.58
greece,1995,16.71
greece,1996,17.18
greece,1997,17.77
greece,1998,19.42
greece,1999,19.6
greece,2000,19.07
greece,2001,19.76
greece,2002,20.03
greece,2003,20.98
greece,2004,21.39
greece,2005,21.78
greece,2006,22.28
greece,2007,22.87
greece,2008,22.19
greece,2009,24.79
greece,2010,21.98
greece,2011,19.64
greece,2012,16.41
greece,2013,16.3
guatemala,1990,1.71
guatemala,1991,1.78
guatemala,1992,1.87
guatemala,1993,2.05
guatemala,1994,2.17
guatemala,1995,2.71
guatemala,1996,2.7
guatemala,1997,2.87
guatemala,1998,3.41
guatemala,1999,3.58
guatemala,2000,3.84
guatemala,2001,4.09
guatemala,2002,4.38
guatemala,2003,4.89
guatemala,2004,4.74
guatemala,2005,5.13
guatemala,2006,5.23
guatemala,2007,5.52
guatemala,2008,4.98
guatemala,2009,5.62
guatemala,2010,5.67
guatemala,2011,5.5
guatemala,2012,5.55
guatemala,2013,5.95
haiti,1990,0.43
haiti,1991,0.4
haiti,1992,0.41
haiti,1993,0.38
haiti,1994,0.11
haiti,1995,0.5
haiti,1996,0.56
haiti,1997,0.58
haiti,1998,0.64
haiti,1999,0.66
haiti,2000,0.71
haiti,2001,0.78
haiti,2002,0.82
haiti,2003,0.79
haiti,2004,1.12
haiti,2005,1.15
haiti,2006,1.18
haiti,2007,1.33
haiti,2008,1.33
haiti,2009,1.31
haiti,2010,1.08
haiti,2011,1.1
haiti,2012,0.96
haiti,2013,0.9
honduras,1990,1.04
honduras,1991,1.03
honduras,1992,1.16
honduras,1993,1.32
honduras,1994,1.54
honduras,1995,1.55
honduras,1996,1.5
honduras,1997,1.65
honduras,1998,1.83
honduras,1999,2.12
honduras,2000,2.11
honduras,2001,2.25
honduras,2002,2.26
honduras,2003,2.3
honduras,2004,2.33
honduras,2005,2.25
honduras,2006,2.24
honduras,2007,3.2
honduras,2008,2.97
honduras,2009,3.04
honduras,2010,2.99
honduras,2011,3.17
honduras,2012,3.3
honduras,2013,3.31
hungary,1990,8.4
hungary,1991,7.35
hungary,1992,7.11
hungary,1993,7.1
hungary,1994,6.92
hungary,1995,7.11
hungary,1996,7.11
hungary,1997,7.53
hungary,1998,8.4
hungary,1999,8.93
hungary,2000,8.87
hungary,2001,9.34
hungary,2002,9.95
hungary,2003,10.4
hungary,2004,10.88
hungary,2005,11.79
hungary,2006,12.6
hungary,2007,12.97
hungary,2008,12.88
hungary,2009,12.8
hungary,2010,11.65
hungary,2011,11.18
hungary,2012,10.83
hungary,2013,9.79
iceland,1990,0.63
iceland,1991,0.64
iceland,1992,0.63
iceland,1993,0.63
iceland,1994,0.66
iceland,1995,0.61
iceland,1996,0.68
iceland,1997,0.59
iceland,1998,0.61
iceland,1999,0.62
iceland,2000,0.63
iceland,2001,0.64
iceland,2002,0.64
iceland,2003,0.64
iceland,2004,0.67
iceland,2005,0.67
iceland,2006,0.9
iceland,2007,0.97
iceland,2008,0.91
iceland,2009,0.89
iceland,2010,0.84
iceland,2011,0.82
iceland,2012,0.8
iceland,2013,0.81
india,1990,64.63
india,1991,67.2
india,1992,68.82
india,1993,68.73
india,1994,70.86
india,1995,78.31
india,1996,83.8
india,1997,85.78
india,1998,88.75
india,1999,93.28
india,2000,95.06
india,2001,94.89
india,2002,97.71
india,2003,99.49
india,2004,108.01
india,2005,114.64
india,2006,119.64
india,2007,141.74
india,2008,161.9
india,2009,177.25
india,2010,191.22
india,2011,207.14
india,2012,219.17
india,2013,223.07
indonesia,1990,32.19
indonesia,1991,35.84
indonesia,1992,37.9
indonesia,1993,40.48
indonesia,1994,45.34
indonesia,1995,49.25
indonesia,1996,54.58
indonesia,1997,60.64
indonesia,1998,59.19
indonesia,1999,58.77
indonesia,2000,62.67
indonesia,2001,66.74
indonesia,2002,67.97
indonesia,2003,69.26
indonesia,2004,70.82
indonesia,2005,70.63
indonesia,2006,67.13
indonesia,2007,70.62
indonesia,2008,77.66
indonesia,2009,88.85
indonesia,2010,101.31
indonesia,2011,109.91
indonesia,2012,122.28
indonesia,2013,130.17
iran,1990,39.14
iran,1991,42.31
iran,1992,44.14
iran,1993,49.8
iran,1994,56.74
iran,1995,55.7
iran,1996,59.92
iran,1997,61.25
iran,1998,63.71
iran,1999,71.19
iran,2000,76.47
iran,2001,80.29
iran,2002,86.55
iran,2003,91.41
iran,2004,96.94
iran,2005,104.91
iran,2006,111.11
iran,2007,110.52
iran,2008,115.2
iran,2009,125.18
iran,2010,116.72
iran,2011,116.91
iran,2012,121.61
iran,2013,125.94
iraq,1990,21.76
iraq,1991,18.35
iraq,1992,23.27
iraq,1993,24.5
iraq,1994,24.79
iraq,1995,24.72
iraq,1996,24.15
iraq,1997,23.76
iraq,1998,24.21
iraq,1999,24.21
iraq,2000,26.36
iraq,2001,28.82
iraq,2002,27.76
iraq,2003,21.56
iraq,2004,24.13
iraq,2005,26.04
iraq,2006,25.87
iraq,2007,25.89
iraq,2008,24.71
iraq,2009,25.4
iraq,2010,27.96
iraq,2011,32.98
iraq,2012,35.66
iraq,2013,35.39
ireland,1990,4.9
ireland,1991,5.09
ireland,1992,5.5
ireland,1993,5.53
ireland,1994,5.77
ireland,1995,5.9
ireland,1996,6.92
ireland,1997,7.29
ireland,1998,8.65
ireland,1999,9.58
ireland,2000,10.33
ireland,2001,10.79
ireland,2002,10.99
ireland,2003,11.17
ireland,2004,11.82
ireland,2005,12.65
ireland,2006,13.72
ireland,2007,14.34
ireland,2008,13.5
ireland,2009,12.18
ireland,2010,11.54
ireland,2011,10.61
ireland,2012,10.33
ireland,2013,10.44
israel,1990,8.03
israel,1991,8.3
israel,1992,9.07
israel,1993,9.54
israel,1994,10.26
israel,1995,11.26
israel,1996,11.89
israel,1997,12.66
israel,1998,11.79
israel,1999,12.53
israel,2000,13.36
israel,2001,13.27
israel,2002,13.81
israel,2003,14.29
israel,2004,14.16
israel,2005,13.46
israel,2006,13.77
israel,2007,14.5
israel,2008,15.98
israel,2009,15.7
israel,2010,16.44
israel,2011,15.66
israel,2012,17.15
israel,2013,15.82
italy,1990,96.05
italy,1991,97.91
italy,1992,102.94
italy,1993,104.83
italy,1994,104.59
italy,1995,106.86
italy,1996,108.63
italy,1997,110.23
italy,1998,113.4
italy,1999,116.24
italy,2000,116.33
italy,2001,118.46
italy,2002,120.72
italy,2003,121.78
italy,2004,124
italy,2005,122.92
italy,2006,124.22
italy,2007,124.7
italy,2008,117.89
italy,2009,111.81
italy,2010,109.15
italy,2011,109.12
italy,2012,102.48
italy,2013,100.7
jamaica,1990,1.08
jamaica,1991,1.03
jamaica,1992,1.07
jamaica,1993,1.16
jamaica,1994,1.16
jamaica,1995,1.39
jamaica,1996,1.6
jamaica,1997,1.69
jamaica,1998,1.84
jamaica,1999,1.92
jamaica,2000,1.93
jamaica,2001,1.88
jamaica,2002,2.07
jamaica,2003,2.06
jamaica,2004,2.11
jamaica,2005,2.21
jamaica,2006,2.14
jamaica,2007,2.06
jamaica,2008,2.03
jamaica,2009,1.99
jamaica,2010,1.86
jamaica,2011,1.84
jamaica,2012,1.56
jamaica,2013,1.66
japan,1990,199.74
japan,1991,212.14
japan,1992,218.34
japan,1993,221.92
japan,1994,231.05
japan,1995,240
japan,1996,246.35
japan,1997,247.38
japan,1998,245.53
japan,1999,249.23
japan,2000,247.72
japan,2001,251.59
japan,2002,247.54
japan,2003,243.38
japan,2004,238.13
japan,2005,232.29
japan,2006,228.71
japan,2007,225.8
japan,2008,217.28
japan,2009,213.72
japan,2010,214.19
japan,2011,211.7
japan,2012,216.58
japan,2013,215.77
jordan,1990,2.73
jordan,1991,2.53
jordan,1992,2.67
jordan,1993,2.75
jordan,1994,2.75
jordan,1995,3
jordan,1996,3.06
jordan,1997,3.21
jordan,1998,3.25
jordan,1999,3.32
jordan,2000,3.59
jordan,2001,3.71
jordan,2002,3.77
jordan,2003,3.83
jordan,2004,4.4
jordan,2005,4.85
jordan,2006,4.77
jordan,2007,5.09
jordan,2008,4.63
jordan,2009,5.15
jordan,2010,5.22
jordan,2011,5.33
jordan,2012,6.87
jordan,2013,7.11
kazakhstan,1990,14.42
kazakhstan,1991,18.09
kazakhstan,1992,15.83
kazakhstan,1993,13.19
kazakhstan,1994,9.05
kazakhstan,1995,9.16
kazakhstan,1996,8.21
kazakhstan,1997,7.04
kazakhstan,1998,7.93
kazakhstan,1999,5.82
kazakhstan,2000,9.38
kazakhstan,2001,8.2
kazakhstan,2002,9.13
kazakhstan,2003,8.65
kazakhstan,2004,9.23
kazakhstan,2005,9.55
kazakhstan,2006,10.53
kazakhstan,2007,12.1
kazakhstan,2008,13.78
kazakhstan,2009,12.44
kazakhstan,2010,13.15
kazakhstan,2011,13.46
kazakhstan,2012,14.58
kazakhstan,2013,13.73
kenya,1990,2.69
kenya,1991,2.76
kenya,1992,2.56
kenya,1993,2.38
kenya,1994,2.28
kenya,1995,2.55
kenya,1996,2.67
kenya,1997,2.65
kenya,1998,2.71
kenya,1999,2.67
kenya,2000,2.69
kenya,2001,2.65
kenya,2002,2.77
kenya,2003,2.47
kenya,2004,2.73
kenya,2005,2.86
kenya,2006,3.2
kenya,2007,3.24
kenya,2008,3.34
kenya,2009,4.16
kenya,2010,5
kenya,2011,4.61
kenya,2012,4.9
kenya,2013,5.84
korea_dem_rep_north,1990,4.69
korea_dem_rep_north,1991,4.17
korea_dem_rep_north,1992,3.39
korea_dem_rep_north,1993,3.11
korea_dem_rep_north,1994,2.09
korea_dem_rep_north,1995,2.53
korea_dem_rep_north,1996,2.04
korea_dem_rep_north,1997,1.13
korea_dem_rep_north,1998,2.12
korea_dem_rep_north,1999,0.89
korea_dem_rep_north,2000,1.71
korea_dem_rep_north,2001,1.57
korea_dem_rep_north,2002,1.57
korea_dem_rep_north,2003,1.53
korea_dem_rep_north,2004,1.55
korea_dem_rep_north,2005,1.3
korea_dem_rep_north,2006,1
korea_dem_rep_north,2007,1.19
korea_dem_rep_north,2008,1.22
korea_dem_rep_north,2009,1.32
korea_dem_rep_north,2010,1.32
korea_dem_rep_north,2011,1.33
korea_dem_rep_north,2012,1.31
korea_dem_rep_north,2013,1.44
korea_rep_south,1990,43.73
korea_rep_south,1991,49.02
korea_rep_south,1992,54.5
korea_rep_south,1993,61.48
korea_rep_south,1994,64.55
korea_rep_south,1995,72.45
korea_rep_south,1996,76.35
korea_rep_south,1997,78.04
korea_rep_south,1998,65.15
korea_rep_south,1999,71.78
korea_rep_south,2000,77.75
korea_rep_south,2001,80.96
korea_rep_south,2002,86.36
korea_rep_south,2003,88.27
korea_rep_south,2004,88.92
korea_rep_south,2005,86.04
korea_rep_south,2006,85.94
korea_rep_south,2007,88.61
korea_rep_south,2008,84.14
korea_rep_south,2009,85.04
korea_rep_south,2010,86.58
korea_rep_south,2011,85.1
korea_rep_south,2012,87.56
korea_rep_south,2013,90.85
kuwait,1990,2.84
kuwait,1991,1.9
kuwait,1992,4.54
kuwait,1993,4.78
kuwait,1994,5.04
kuwait,1995,5.34
kuwait,1996,5.45
kuwait,1997,5.69
kuwait,1998,5.84
kuwait,1999,6.01
kuwait,2000,6.02
kuwait,2001,6.13
kuwait,2002,6.51
kuwait,2003,7.08
kuwait,2004,7.54
kuwait,2005,8.16
kuwait,2006,9.26
kuwait,2007,9.57
kuwait,2008,10.54
kuwait,2009,11.73
kuwait,2010,12.53
kuwait,2011,11.67
kuwait,2012,12.52
kuwait,2013,12.85
kyrgyzstan,1990,6.02
kyrgyzstan,1991,4.66
kyrgyzstan,1992,2.71
kyrgyzstan,1993,1.58
kyrgyzstan,1994,0.5
kyrgyzstan,1995,1.12
kyrgyzstan,1996,1.18
kyrgyzstan,1997,1.26
kyrgyzstan,1998,1.22
kyrgyzstan,1999,1.13
kyrgyzstan,2000,0.85
kyrgyzstan,2001,0.89
kyrgyzstan,2002,0.78
kyrgyzstan,2003,0.94
kyrgyzstan,2004,1.18
kyrgyzstan,2005,1.09
kyrgyzstan,2006,1.16
kyrgyzstan,2007,1.75
kyrgyzstan,2008,1.96
kyrgyzstan,2009,2.27
kyrgyzstan,2010,1.98
kyrgyzstan,2011,2.77
kyrgyzstan,2012,3.93
kyrgyzstan,2013,3.94
latvia,1990,3.06
latvia,1991,2.79
latvia,1992,2.45
latvia,1993,2.28
latvia,1994,2.1
latvia,1995,2.01
latvia,1996,1.93
latvia,1997,1.97
latvia,1998,1.94
latvia,1999,1.91
latvia,2000,2.12
latvia,2001,2.51
latvia,2002,2.59
latvia,2003,2.74
latvia,2004,2.87
latvia,2005,3
latvia,2006,3.31
latvia,2007,3.75
latvia,2008,3.54
latvia,2009,3.11
latvia,2010,3.18
latvia,2011,2.82
latvia,2012,2.73
latvia,2013,2.76
lebanon,1990,1.86
lebanon,1991,2.33
lebanon,1992,3.23
lebanon,1993,3.77
lebanon,1994,3.54
lebanon,1995,4.18
lebanon,1996,4.33
lebanon,1997,4.17
lebanon,1998,4.46
lebanon,1999,4.25
lebanon,2000,4
lebanon,2001,3.74
lebanon,2002,3.75
lebanon,2003,4
lebanon,2004,4.01
lebanon,2005,4.05
lebanon,2006,3.9
lebanon,2007,3.07
lebanon,2008,4.45
lebanon,2009,5.12
lebanon,2010,5.06
lebanon,2011,5.07
lebanon,2012,5.35
lebanon,2013,5.07
libya,1990,6.19
libya,1991,6.23
libya,1992,6.32
libya,1993,7.44
libya,1994,8.83
libya,1995,9.51
libya,1996,10.51
libya,1997,10.1
libya,1998,9.94
libya,1999,10.95
libya,2000,11.13
libya,2001,11.49
libya,2002,11.71
libya,2003,11.88
libya,2004,12.38
libya,2005,12.75
libya,2006,12.77
libya,2007,11.62
libya,2008,13.3
libya,2009,15.46
libya,2010,18.13
libya,2011,13.59
libya,2012,16.76
libya,2013,17.59
lithuania,1990,5.51
lithuania,1991,6.08
lithuania,1992,4.01
lithuania,1993,3.06
lithuania,1994,2.4
lithuania,1995,2.94
lithuania,1996,3.23
lithuania,1997,3.63
lithuania,1998,3.82
lithuania,1999,3.41
lithuania,2000,3.04
lithuania,2001,3.32
lithuania,2002,3.44
lithuania,2003,3.49
lithuania,2004,3.83
lithuania,2005,4.06
lithuania,2006,4.33
lithuania,2007,5.03
lithuania,2008,5.01
lithuania,2009,4.14
lithuania,2010,4.27
lithuania,2011,4.25
lithuania,2012,4.28
lithuania,2013,4.28
luxembourg,1990,2.62
luxembourg,1991,3.15
luxembourg,1992,3.44
luxembourg,1993,3.47
luxembourg,1994,3.52
luxembourg,1995,3.35
luxembourg,1996,3.44
luxembourg,1997,3.65
luxembourg,1998,3.82
luxembourg,1999,4.25
luxembourg,2000,4.85
luxembourg,2001,5.09
luxembourg,2002,5.3
luxembourg,2003,5.85
luxembourg,2004,6.83
luxembourg,2005,7.2
luxembourg,2006,6.89
luxembourg,2007,6.62
luxembourg,2008,6.71
luxembourg,2009,6.18
luxembourg,2010,6.54
luxembourg,2011,6.94
luxembourg,2012,6.62
luxembourg,2013,6.48
macedonia_fyr,1990,0.77
macedonia_fyr,1991,0.77
macedonia_fyr,1992,0.77
macedonia_fyr,1993,1.45
macedonia_fyr,1994,0.93
macedonia_fyr,1995,0.88
macedonia_fyr,1996,1.67
macedonia_fyr,1997,1.48
macedonia_fyr,1998,1.01
macedonia_fyr,1999,1.08
macedonia_fyr,2000,0.98
macedonia_fyr,2001,0.94
macedonia_fyr,2002,0.99
macedonia_fyr,2003,0.99
macedonia_fyr,2004,1.01
macedonia_fyr,2005,1.02
macedonia_fyr,2006,1.02
macedonia_fyr,2007,1.16
macedonia_fyr,2008,1.19
macedonia_fyr,2009,1.28
macedonia_fyr,2010,1.34
macedonia_fyr,2011,1.41
macedonia_fyr,2012,1.36
macedonia_fyr,2013,1.54
malaysia,1990,14.55
malaysia,1991,15.66
malaysia,1992,16.75
malaysia,1993,17.43
malaysia,1994,19.25
malaysia,1995,20.47
malaysia,1996,23.38
malaysia,1997,26.93
malaysia,1998,25.15
malaysia,1999,30.4
malaysia,2000,32.2
malaysia,2001,34.95
malaysia,2002,35.8
malaysia,2003,38.11
malaysia,2004,40.95
malaysia,2005,40.69
malaysia,2006,38.99
malaysia,2007,41.52
malaysia,2008,43.61
malaysia,2009,42.74
malaysia,2010,44.09
malaysia,2011,44.62
malaysia,2012,44.61
malaysia,2013,58.51
malta,1990,0.45
malta,1991,0.51
malta,1992,0.53
malta,1993,0.59
malta,1994,0.59
malta,1995,0.69
malta,1996,0.54
malta,1997,0.75
malta,1998,0.65
malta,1999,0.6
malta,2000,0.46
malta,2001,0.43
malta,2002,0.29
malta,2003,0.36
malta,2004,0.45
malta,2005,0.32
malta,2006,0.35
malta,2007,0.34
malta,2008,0.54
malta,2009,0.46
malta,2010,0.54
malta,2011,0.53
malta,2012,0.53
malta,2013,0.53
mauritius,1990,0.44
mauritius,1991,0.45
mauritius,1992,0.5
mauritius,1993,0.54
mauritius,1994,0.55
mauritius,1995,0.54
mauritius,1996,0.54
mauritius,1997,0.53
mauritius,1998,0.53
mauritius,1999,0.71
mauritius,2000,0.75
mauritius,2001,0.75
mauritius,2002,0.78
mauritius,2003,0.81
mauritius,2004,0.83
mauritius,2005,0.86
mauritius,2006,0.87
mauritius,2007,0.83
mauritius,2008,0.84
mauritius,2009,0.87
mauritius,2010,0.92
mauritius,2011,0.93
mauritius,2012,0.96
mauritius,2013,0.98
mexico,1990,83.48
mexico,1991,89.38
mexico,1992,89.67
mexico,1993,91.74
mexico,1994,97.41
mexico,1995,89.38
mexico,1996,91.7
mexico,1997,95.69
mexico,1998,98.29
mexico,1999,101.06
mexico,2000,105.6
mexico,2001,107.87
mexico,2002,109.77
mexico,2003,116.36
mexico,2004,122.74
mexico,2005,130.21
mexico,2006,137.39
mexico,2007,145.15
mexico,2008,151.16
mexico,2009,147.68
mexico,2010,150.56
mexico,2011,151.64
mexico,2012,152.48
mexico,2013,150.62
moldova,1990,2.42
moldova,1991,2.27
moldova,1992,2.2
moldova,1993,1.43
moldova,1994,1.31
moldova,1995,1.3
moldova,1996,1.39
moldova,1997,1.37
moldova,1998,1.08
moldova,1999,0.72
moldova,2000,0.71
moldova,2001,0.71
moldova,2002,0.96
moldova,2003,1.13
moldova,2004,1.26
moldova,2005,1.19
moldova,2006,1.2
moldova,2007,1.31
moldova,2008,1.59
moldova,2009,1.51
moldova,2010,1.73
moldova,2011,1.84
moldova,2012,1.62
moldova,2013,1.72
mongolia,1990,1.54
mongolia,1991,0.99
mongolia,1992,0.89
mongolia,1993,0.99
mongolia,1994,0.67
mongolia,1995,0.83
mongolia,1996,0.87
mongolia,1997,0.81
mongolia,1998,0.79
mongolia,1999,0.82
mongolia,2000,0.97
mongolia,2001,0.93
mongolia,2002,1.04
mongolia,2003,1
mongolia,2004,1.16
mongolia,2005,1.03
mongolia,2006,1.28
mongolia,2007,1.54
mongolia,2008,1.62
mongolia,2009,1.48
mongolia,2010,1.45
mongolia,2011,1.72
mongolia,2012,1.95
mongolia,2013,1.89
montenegro,2005,0.48
montenegro,2006,0.46
montenegro,2007,0.61
montenegro,2008,0.62
montenegro,2009,0.63
montenegro,2010,0.69
montenegro,2011,0.65
montenegro,2012,0.63
montenegro,2013,0.53
morocco,1990,3.89
morocco,1991,4.33
morocco,1992,4.79
morocco,1993,5.22
morocco,1994,5.64
morocco,1995,5.98
morocco,1996,6.39
morocco,1997,6.83
morocco,1998,7.27
morocco,1999,7.76
morocco,2000,8.17
morocco,2001,8.58
morocco,2002,8.99
morocco,2003,9.37
morocco,2004,9.79
morocco,2005,10.19
morocco,2006,10.5
morocco,2007,11.16
morocco,2008,12.23
morocco,2009,12.94
morocco,2010,13.61
morocco,2011,14.41
morocco,2012,14.62
morocco,2013,15.11
mozambique,1990,0.61
mozambique,1991,0.5
mozambique,1992,0.69
mozambique,1993,0.85
mozambique,1994,0.7
mozambique,1995,0.73
mozambique,1996,0.81
mozambique,1997,0.83
mozambique,1998,0.84
mozambique,1999,0.84
mozambique,2000,0.85
mozambique,2001,0.84
mozambique,2002,0.91
mozambique,2003,1.12
mozambique,2004,1.13
mozambique,2005,1.04
mozambique,2006,1.12
mozambique,2007,1.39
mozambique,2008,1.36
mozambique,2009,1.53
mozambique,2010,1.69
mozambique,2011,1.95
mozambique,2012,1.9
mozambique,2013,2.06
myanmar,1990,1.34
myanmar,1991,1.25
myanmar,1992,1.04
myanmar,1993,1.59
myanmar,1994,1.82
myanmar,1995,2.72
myanmar,1996,2.92
myanmar,1997,2.4
myanmar,1998,2.95
myanmar,1999,3
myanmar,2000,3.51
myanmar,2001,2.82
myanmar,2002,3.47
myanmar,2003,3.88
myanmar,2004,4.27
myanmar,2005,4.7
myanmar,2006,3.99
myanmar,2007,4.46
myanmar,2008,2.04
myanmar,2009,2.14
myanmar,2010,2.3
myanmar,2011,2.36
myanmar,2012,3.03
myanmar,2013,3.9
namibia,1991,0.48
namibia,1992,0.51
namibia,1993,0.53
namibia,1994,0.57
namibia,1995,0.62
namibia,1996,1.04
namibia,1997,1.07
namibia,1998,1.11
namibia,1999,1.13
namibia,2000,1.12
namibia,2001,1.36
namibia,2002,1.19
namibia,2003,1.25
namibia,2004,1.32
namibia,2005,1.54
namibia,2006,1.39
namibia,2007,1.41
namibia,2008,1.52
namibia,2009,1.68
namibia,2010,1.77
namibia,2011,1.79
namibia,2012,1.76
namibia,2013,1.87
nepal,1990,0.34
nepal,1991,0.4
nepal,1992,0.44
nepal,1993,0.48
nepal,1994,0.56
nepal,1995,0.62
nepal,1996,0.64
nepal,1997,0.74
nepal,1998,0.77
nepal,1999,0.77
nepal,2000,0.83
nepal,2001,0.75
nepal,2002,0.79
nepal,2003,0.78
nepal,2004,0.84
nepal,2005,0.84
nepal,2006,0.88
nepal,2007,0.91
nepal,2008,1.34
nepal,2009,1.75
nepal,2010,1.94
nepal,2011,1.96
nepal,2012,2.16
nepal,2013,2.37
netherlands,1990,26.03
netherlands,1991,26.14
netherlands,1992,27.22
netherlands,1993,27.74
netherlands,1994,28.24
netherlands,1995,29.56
netherlands,1996,30.81
netherlands,1997,30.81
netherlands,1998,31.53
netherlands,1999,32.08
netherlands,2000,32.09
netherlands,2001,32.36
netherlands,2002,33.12
netherlands,2003,33.65
netherlands,2004,34.18
netherlands,2005,34.41
netherlands,2006,35.3
netherlands,2007,34.58
netherlands,2008,34.94
netherlands,2009,33.43
netherlands,2010,34.04
netherlands,2011,34.14
netherlands,2012,32.67
netherlands,2013,31.8
new_zealand,1990,8.66
new_zealand,1991,8.66
new_zealand,1992,9.04
new_zealand,1993,9.44
new_zealand,1994,10.1
new_zealand,1995,10.78
new_zealand,1996,10.91
new_zealand,1997,11.13
new_zealand,1998,11.31
new_zealand,1999,11.59
new_zealand,2000,12.09
new_zealand,2001,12.15
new_zealand,2002,12.63
new_zealand,2003,13.16
new_zealand,2004,13.46
new_zealand,2005,13.53
new_zealand,2006,13.68
new_zealand,2007,13.81
new_zealand,2008,13.89
new_zealand,2009,13.62
new_zealand,2010,13.6
new_zealand,2011,13.64
new_zealand,2012,13.54
new_zealand,2013,13.69
nicaragua,1990,0.74
nicaragua,1991,0.81
nicaragua,1992,0.92
nicaragua,1993,0.95
nicaragua,1994,1.01
nicaragua,1995,1.11
nicaragua,1996,1.17
nicaragua,1997,1.23
nicaragua,1998,1.34
nicaragua,1999,1.41
nicaragua,2000,1.45
nicaragua,2001,1.47
nicaragua,2002,1.53
nicaragua,2003,1.52
nicaragua,2004,1.46
nicaragua,2005,1.45
nicaragua,2006,1.49
nicaragua,2007,1.55
nicaragua,2008,1.51
nicaragua,2009,1.54
nicaragua,2010,1.6
nicaragua,2011,1.67
nicaragua,2012,1.78
nicaragua,2013,1.73
niger,2000,0.35
niger,2001,0.36
niger,2002,0.36
niger,2003,0.39
niger,2004,0.4
niger,2005,0.4
niger,2006,0.41
niger,2007,0.49
niger,2008,0.5
niger,2009,0.65
niger,2010,0.8
niger,2011,0.77
niger,2012,1.04
niger,2013,1.1
nigeria,1990,11.76
nigeria,1991,15.33
nigeria,1992,18.71
nigeria,1993,16.07
nigeria,1994,12.9
nigeria,1995,14.91
nigeria,1996,17.13
nigeria,1997,21.91
nigeria,1998,18.02
nigeria,1999,19.63
nigeria,2000,21.88
nigeria,2001,26.59
nigeria,2002,27.55
nigeria,2003,29.09
nigeria,2004,29.59
nigeria,2005,28.65
nigeria,2006,24.09
nigeria,2007,20.96
nigeria,2008,25.21
nigeria,2009,23.51
nigeria,2010,27.55
nigeria,2011,24.75
nigeria,2012,25.45
nigeria,2013,23.95
norway,1990,10.03
norway,1991,10.15
norway,1992,10.4
norway,1993,11
norway,1994,10.84
norway,1995,11.52
norway,1996,12.04
norway,1997,12.24
norway,1998,12.67
norway,1999,12.88
norway,2000,12.05
norway,2001,12.26
norway,2002,12.26
norway,2003,12.63
norway,2004,13.01
norway,2005,13.07
norway,2006,13.68
norway,2007,14.27
norway,2008,13.92
norway,2009,13.63
norway,2010,14.19
norway,2011,13.68
norway,2012,13.38
norway,2013,13.93
oman,1990,1.68
oman,1991,1.8
oman,1992,1.95
oman,1993,2.08
oman,1994,2.11
oman,1995,2.19
oman,1996,2.27
oman,1997,2.42
oman,1998,2.49
oman,1999,2.54
oman,2000,2.62
oman,2001,2.88
oman,2002,2.81
oman,2003,3.1
oman,2004,3.24
oman,2005,3.67
oman,2006,4.1
oman,2007,6.17
oman,2008,7.32
oman,2009,7.37
oman,2010,8.16
oman,2011,9.48
oman,2012,10.76
oman,2013,11.87
pakistan,1990,13.78
pakistan,1991,14.29
pakistan,1992,16.11
pakistan,1993,18.41
pakistan,1994,19.46
pakistan,1995,20.23
pakistan,1996,23.91
pakistan,1997,24.5
pakistan,1998,26.19
pakistan,1999,27.57
pakistan,2000,27.19
pakistan,2001,27.03
pakistan,2002,27.25
pakistan,2003,28.75
pakistan,2004,31.06
pakistan,2005,28.99
pakistan,2006,29.39
pakistan,2007,34.64
pakistan,2008,33.74
pakistan,2009,34.32
pakistan,2010,35.13
pakistan,2011,36.52
pakistan,2012,37.3
pakistan,2013,38.2
panama,1990,1.27
panama,1991,1.33
panama,1992,1.43
panama,1993,1.54
panama,1994,1.65
panama,1995,1.73
panama,1996,1.82
panama,1997,1.94
panama,1998,2.16
panama,1999,2.31
panama,2000,2.33
panama,2001,2.23
panama,2002,2.36
panama,2003,2.48
panama,2004,2.56
panama,2005,2.86
panama,2006,3.04
panama,2007,2.81
panama,2008,3.12
panama,2009,3.39
panama,2010,3.52
panama,2011,3.64
panama,2012,3.69
panama,2013,3.65
paraguay,1990,1.62
paraguay,1991,1.53
paraguay,1992,1.83
paraguay,1993,2.28
paraguay,1994,2.57
paraguay,1995,2.93
paraguay,1996,2.96
paraguay,1997,3.32
paraguay,1998,3.48
paraguay,1999,3.48
paraguay,2000,2.8
paraguay,2001,2.99
paraguay,2002,3.16
paraguay,2003,3.37
paraguay,2004,3.37
paraguay,2005,3.05
paraguay,2006,3.23
paraguay,2007,3.46
paraguay,2008,3.66
paraguay,2009,3.81
paraguay,2010,4.31
paraguay,2011,4.53
paraguay,2012,4.58
paraguay,2013,4.6
peru,1990,7.14
peru,1991,6.38
peru,1992,6.9
peru,1993,7.05
peru,1994,8
peru,1995,8.7
peru,1996,9.09
peru,1997,9.4
peru,1998,9.34
peru,1999,9.87
peru,2000,9.71
peru,2001,9.05
peru,2002,8.92
peru,2003,9.37
peru,2004,10.61
peru,2005,10.07
peru,2006,10.82
peru,2007,11.28
peru,2008,13.79
peru,2009,15.02
peru,2010,16.43
peru,2011,17.01
peru,2012,17.92
peru,2013,19.23
philippines,1990,13.74
philippines,1991,13.94
philippines,1992,15.87
philippines,1993,16.91
philippines,1994,18.47
philippines,1995,22.14
philippines,1996,25.11
philippines,1997,27.05
philippines,1998,27.25
philippines,1999,27.16
philippines,2000,24.59
philippines,2001,26.63
philippines,2002,26.82
philippines,2003,25.76
philippines,2004,26.67
philippines,2005,25.15
philippines,2006,23.36
philippines,2007,21.97
philippines,2008,22.19
philippines,2009,23.29
philippines,2010,23.74
philippines,2011,23.52
philippines,2012,24.49
philippines,2013,25.56
poland,1990,20.22
poland,1991,21.09
poland,1992,21.47
poland,1993,20.89
poland,1994,21.54
poland,1995,22.31
poland,1996,25.27
poland,1997,26.74
poland,1998,28.18
poland,1999,30.66
poland,2000,26.96
poland,2001,26.79
poland,2002,25.88
poland,2003,28.29
poland,2004,32.08
poland,2005,34.5
poland,2006,38.25
poland,2007,42.31
poland,2008,44.26
poland,2009,44.67
poland,2010,47.09
poland,2011,47.71
poland,2012,45.86
poland,2013,43.16
portugal,1990,9.69
portugal,1991,10.35
portugal,1992,11.26
portugal,1993,11.82
portugal,1994,12.43
portugal,1995,12.91
portugal,1996,13.69
portugal,1997,14.24
portugal,1998,15.52
portugal,1999,16.24
portugal,2000,17.61
portugal,2001,17.85
portugal,2002,18.48
portugal,2003,19.43
portugal,2004,19.89
portugal,2005,19.07
portugal,2006,19.01
portugal,2007,19.17
portugal,2008,19.23
portugal,2009,18.95
portugal,2010,18.52
portugal,2011,17.19
portugal,2012,15.83
portugal,2013,15.6
qatar,1990,1.47
qatar,1991,1.49
qatar,1992,1.58
qatar,1993,1.67
qatar,1994,1.78
qatar,1995,1.97
qatar,1996,2.1
qatar,1997,2.35
qatar,1998,2.47
qatar,1999,2.29
qatar,2000,2.42
qatar,2001,2.62
qatar,2002,2.9
qatar,2003,3.36
qatar,2004,3.76
qatar,2005,4.73
qatar,2006,5.65
qatar,2007,5.77
qatar,2008,8.08
qatar,2009,10.75
qatar,2010,10.5
qatar,2011,10.11
qatar,2012,10.63
qatar,2013,11.74
romania,1990,11.73
romania,1991,10.28
romania,1992,10.43
romania,1993,8.34
romania,1994,8.86
romania,1995,8.16
romania,1996,11.47
romania,1997,11.68
romania,1998,11.05
romania,1999,9.3
romania,2000,9.45
romania,2001,11.55
romania,2002,11.78
romania,2003,12.42
romania,2004,12.88
romania,2005,12.06
romania,2006,12.52
romania,2007,13.3
romania,2008,14.97
romania,2009,14.85
romania,2010,13.82
romania,2011,14.04
romania,2012,15.33
romania,2013,14.93
russian_federation,1990,298.69
russian_federation,1991,293.03
russian_federation,1992,280.63
russian_federation,1993,235.57
russian_federation,1994,207.02
russian_federation,1995,190.9
russian_federation,1996,181.44
russian_federation,1997,166.54
russian_federation,1998,196.36
russian_federation,1999,198.02
russian_federation,2000,189.13
russian_federation,2001,195.6
russian_federation,2002,198.57
russian_federation,2003,207.51
russian_federation,2004,222.14
russian_federation,2005,220.85
russian_federation,2006,229.13
russian_federation,2007,230.67
russian_federation,2008,245.26
russian_federation,2009,228.28
russian_federation,2010,244.08
russian_federation,2011,249.64
russian_federation,2012,237.28
russian_federation,2013,244.59
saudi_arabia,1990,49.39
saudi_arabia,1991,51.46
saudi_arabia,1992,54.52
saudi_arabia,1993,57.42
saudi_arabia,1994,61.22
saudi_arabia,1995,54.12
saudi_arabia,1996,56.86
saudi_arabia,1997,57.71
saudi_arabia,1998,57.9
saudi_arabia,1999,58.12
saudi_arabia,2000,60.93
saudi_arabia,2001,62.7
saudi_arabia,2002,66.4
saudi_arabia,2003,68.67
saudi_arabia,2004,72.16
saudi_arabia,2005,75.74
saudi_arabia,2006,81.84
saudi_arabia,2007,91.24
saudi_arabia,2008,98.51
saudi_arabia,2009,101.53
saudi_arabia,2010,105.38
saudi_arabia,2011,110.25
saudi_arabia,2012,120.4
saudi_arabia,2013,124.53
senegal,1990,0.73
senegal,1991,0.75
senegal,1992,0.79
senegal,1993,0.76
senegal,1994,0.74
senegal,1995,0.78
senegal,1996,0.85
senegal,1997,0.92
senegal,1998,1.02
senegal,1999,1.1
senegal,2000,1.17
senegal,2001,1.17
senegal,2002,1.28
senegal,2003,1.41
senegal,2004,1.52
senegal,2005,1.46
senegal,2006,1.55
senegal,2007,2.03
senegal,2008,2.18
senegal,2009,1.95
senegal,2010,2.06
senegal,2011,2.2
senegal,2012,2.1
senegal,2013,2.33
serbia,1990,4.47
serbia,1991,3.19
serbia,1992,2.26
serbia,1993,2.7
serbia,1994,2.62
serbia,1995,2.73
serbia,1996,4.59
serbia,1997,6.31
serbia,1998,4.9
serbia,1999,2.59
serbia,2000,2.33
serbia,2001,3.7
serbia,2002,4.49
serbia,2003,4.92
serbia,2004,6.28
serbia,2005,6.56
serbia,2006,7.09
serbia,2007,5.54
serbia,2008,6.82
serbia,2009,6.4
serbia,2010,6.46
serbia,2011,5.81
serbia,2012,5.12
serbia,2013,5.65
singapore,1990,4.07
singapore,1991,4.93
singapore,1992,4.76
singapore,1993,4.72
singapore,1994,5.14
singapore,1995,5.64
singapore,1996,5.1
singapore,1997,5.06
singapore,1998,5.08
singapore,1999,5.14
singapore,2000,5.22
singapore,2001,5.32
singapore,2002,5.29
singapore,2003,5.3
singapore,2004,5.41
singapore,2005,5.59
singapore,2006,5.81
singapore,2007,6.01
singapore,2008,6.13
singapore,2009,6.7
singapore,2010,7.03
singapore,2011,7.55
singapore,2012,7.35
singapore,2013,7.11
slovakia,1990,4.09
slovakia,1991,3.39
slovakia,1992,3.55
slovakia,1993,2.94
slovakia,1994,3.35
slovakia,1995,3.79
slovakia,1996,3.52
slovakia,1997,4.11
slovakia,1998,4.17
slovakia,1999,4.24
slovakia,2000,4.06
slovakia,2001,5.34
slovakia,2002,6.14
slovakia,2003,5.63
slovakia,2004,5.93
slovakia,2005,6.51
slovakia,2006,6.11
slovakia,2007,6.69
slovakia,2008,7.33
slovakia,2009,6.32
slovakia,2010,7.15
slovakia,2011,7.12
slovakia,2012,6.47
slovakia,2013,6.47
slovenia,1990,2.62
slovenia,1991,2.48
slovenia,1992,2.56
slovenia,1993,3.09
slovenia,1994,3.45
slovenia,1995,3.84
slovenia,1996,4.36
slovenia,1997,4.56
slovenia,1998,3.79
slovenia,1999,3.59
slovenia,2000,3.53
slovenia,2001,3.69
slovenia,2002,3.8
slovenia,2003,3.86
slovenia,2004,4.04
slovenia,2005,4.31
slovenia,2006,4.55
slovenia,2007,5.15
slovenia,2008,6.06
slovenia,2009,5.08
slovenia,2010,5.21
slovenia,2011,5.57
slovenia,2012,5.58
slovenia,2013,5.29
south_africa,1990,29.54
south_africa,1991,29.57
south_africa,1992,30.06
south_africa,1993,30.22
south_africa,1994,31.33
south_africa,1995,35.17
south_africa,1996,34.31
south_africa,1997,35.22
south_africa,1998,34.89
south_africa,1999,35.35
south_africa,2000,35.18
south_africa,2001,36
south_africa,2002,36.79
south_africa,2003,38.97
south_africa,2004,41.25
south_africa,2005,43.19
south_africa,2006,44.34
south_africa,2007,48.74
south_africa,2008,48.76
south_africa,2009,46.76
south_africa,2010,48.08
south_africa,2011,50.49
south_africa,2012,50.48
south_africa,2013,55.28
spain,1990,63.18
spain,1991,65.79
spain,1992,69.35
spain,1993,68.35
spain,1994,70.65
spain,1995,71.9
spain,1996,76.77
spain,1997,76.7
spain,1998,84.17
spain,1999,88.43
spain,2000,90.33
spain,2001,94.41
spain,2002,96.11
spain,2003,101.09
spain,2004,105.46
spain,2005,109.21
spain,2006,113.07
spain,2007,116.05
spain,2008,109.82
spain,2009,101.25
spain,2010,98.35
spain,2011,91.86
spain,2012,82.63
spain,2013,81.56
sri_lanka,1990,2.49
sri_lanka,1991,2.51
sri_lanka,1992,2.8
sri_lanka,1993,2.99
sri_lanka,1994,3.48
sri_lanka,1995,3.7
sri_lanka,1996,5.07
sri_lanka,1997,4.67
sri_lanka,1998,4.87
sri_lanka,1999,5.4
sri_lanka,2000,5.15
sri_lanka,2001,5.22
sri_lanka,2002,5.31
sri_lanka,2003,5.66
sri_lanka,2004,5.84
sri_lanka,2005,6.31
sri_lanka,2006,5.99
sri_lanka,2007,6.57
sri_lanka,2008,6.02
sri_lanka,2009,5.5
sri_lanka,2010,6.92
sri_lanka,2011,7.38
sri_lanka,2012,7.37
sri_lanka,2013,7.72
sudan,1990,3.96
sudan,1991,3.13
sudan,1992,3.12
sudan,1993,2.05
sudan,1994,2.98
sudan,1995,2.79
sudan,1996,2.65
sudan,1997,3.13
sudan,1998,2.98
sudan,1999,2.42
sudan,2000,2.64
sudan,2001,3.42
sudan,2002,3.91
sudan,2003,3.79
sudan,2004,4.19
sudan,2005,4.91
sudan,2006,5.94
sudan,2007,6.48
sudan,2008,7.7
sudan,2009,7.83
sudan,2010,8.83
sudan,2011,8.76
sudan,2012,8.45
sudan,2013,8.2
suriname,2000,0.29
suriname,2001,0.3
suriname,2002,0.43
suriname,2003,0.46
suriname,2004,0.47
suriname,2005,0.5
suriname,2006,0.53
suriname,2007,0.54
suriname,2008,0.57
suriname,2009,0.58
suriname,2010,0.65
suriname,2011,0.57
suriname,2012,0.69
suriname,2013,0.62
sweden,1990,19.85
sweden,1991,19.56
sweden,1992,20.34
sweden,1993,19.43
sweden,1994,20.14
sweden,1995,20.34
sweden,1996,20.09
sweden,1997,20.33
sweden,1998,20.62
sweden,1999,21.07
sweden,2000,21.21
sweden,2001,21.14
sweden,2002,21.35
sweden,2003,21.64
sweden,2004,22.04
sweden,2005,22.41
sweden,2006,22.34
sweden,2007,22.62
sweden,2008,21.83
sweden,2009,21.24
sweden,2010,21.69
sweden,2011,21.06
sweden,2012,20.19
sweden,2013,19.67
switzerland,1990,14.51
switzerland,1991,14.95
switzerland,1992,15.29
switzerland,1993,14.27
switzerland,1994,14.62
switzerland,1995,14.37
switzerland,1996,14.38
switzerland,1997,14.85
switzerland,1998,14.99
switzerland,1999,14.97
switzerland,2000,16.55
switzerland,2001,16.24
switzerland,2002,16.27
switzerland,2003,16.39
switzerland,2004,16.49
switzerland,2005,16.57
switzerland,2006,16.69
switzerland,2007,17.03
switzerland,2008,17.45
switzerland,2009,17.24
switzerland,2010,17.17
switzerland,2011,16.97
switzerland,2012,17.13
switzerland,2013,17.08
syria,1990,7.24
syria,1991,7.6
syria,1992,7.15
syria,1993,7.5
syria,1994,7.52
syria,1995,7.5
syria,1996,8.8
syria,1997,9
syria,1998,9.3
syria,1999,8.01
syria,2000,8.46
syria,2001,8.04
syria,2002,8.72
syria,2003,7.85
syria,2004,10.34
syria,2005,13.62
syria,2006,14.47
syria,2007,15.1
syria,2008,15.17
syria,2009,12.79
syria,2010,12.28
syria,2011,11.75
syria,2012,8.42
syria,2013,7.23
tajikistan,1990,0.73
tajikistan,1991,0.73
tajikistan,1992,0.37
tajikistan,1993,0.29
tajikistan,1994,0.2
tajikistan,1995,0.18
tajikistan,1996,0.14
tajikistan,1997,0.14
tajikistan,1998,0.12
tajikistan,1999,0.06
tajikistan,2000,0.04
tajikistan,2001,0.09
tajikistan,2002,0.12
tajikistan,2003,0.1
tajikistan,2004,0.13
tajikistan,2005,0.12
tajikistan,2006,0.16
tajikistan,2007,0.26
tajikistan,2008,0.25
tajikistan,2009,0.24
tajikistan,2010,0.27
tajikistan,2011,0.29
tajikistan,2012,0.88
tajikistan,2013,0.93
tanzania,1990,0.7
tanzania,1991,0.65
tanzania,1992,0.68
tanzania,1993,0.71
tanzania,1994,0.71
tanzania,1995,0.9
tanzania,1996,1.2
tanzania,1997,1.18
tanzania,1998,1.39
tanzania,1999,1.16
tanzania,2000,1.46
tanzania,2001,1.75
tanzania,2002,2.2
tanzania,2003,2.31
tanzania,2004,2.4
tanzania,2005,2.7
tanzania,2006,2.79
tanzania,2007,2.77
tanzania,2008,3.02
tanzania,2009,2.94
tanzania,2010,3.45
tanzania,2011,4.81
tanzania,2012,5.97
tanzania,2013,6.08
thailand,1990,27.34
thailand,1991,28.34
thailand,1992,30
thailand,1993,35.32
thailand,1994,39.26
thailand,1995,46.78
thailand,1996,51.09
thailand,1997,50.83
thailand,1998,43.95
thailand,1999,45.3
thailand,2000,44.19
thailand,2001,45.37
thailand,2002,47.91
thailand,2003,51.19
thailand,2004,54.96
thailand,2005,54.93
thailand,2006,51.25
thailand,2007,55.61
thailand,2008,53.05
thailand,2009,56.34
thailand,2010,57.17
thailand,2011,60.18
thailand,2012,62.83
thailand,2013,62.44
togo,1990,0.43
togo,1991,0.32
togo,1992,0.27
togo,1993,0.17
togo,1994,0.32
togo,1995,0.39
togo,1996,0.66
togo,1997,0.43
togo,1998,0.48
togo,1999,0.58
togo,2000,0.43
togo,2001,0.29
togo,2002,0.48
togo,2003,0.7
togo,2004,0.64
togo,2005,0.61
togo,2006,0.58
togo,2007,0.64
togo,2008,0.87
togo,2009,1.93
togo,2010,1.6
togo,2011,1.48
togo,2012,1.26
togo,2013,1.29
trinidad_tobago,1990,1.35
trinidad_tobago,1991,1.42
trinidad_tobago,1992,1.36
trinidad_tobago,1993,1.22
trinidad_tobago,1994,1.28
trinidad_tobago,1995,1.34
trinidad_tobago,1996,1.39
trinidad_tobago,1997,1.5
trinidad_tobago,1998,1.55
trinidad_tobago,1999,1.57
trinidad_tobago,2000,1.64
trinidad_tobago,2001,1.64
trinidad_tobago,2002,1.69
trinidad_tobago,2003,1.68
trinidad_tobago,2004,2.05
trinidad_tobago,2005,2.15
trinidad_tobago,2006,2.63
trinidad_tobago,2007,2.78
trinidad_tobago,2008,3
trinidad_tobago,2009,3.04
trinidad_tobago,2010,3.2
trinidad_tobago,2011,3.19
trinidad_tobago,2012,3.11
trinidad_tobago,2013,3.21
tunisia,1990,2.49
tunisia,1991,2.56
tunisia,1992,2.64
tunisia,1993,2.96
tunisia,1994,3.09
tunisia,1995,3.2
tunisia,1996,3.32
tunisia,1997,3.51
tunisia,1998,3.61
tunisia,1999,3.84
tunisia,2000,4.03
tunisia,2001,4.13
tunisia,2002,4.24
tunisia,2003,4.38
tunisia,2004,4.41
tunisia,2005,4.59
tunisia,2006,4.56
tunisia,2007,4.8
tunisia,2008,4.65
tunisia,2009,5.71
tunisia,2010,6.86
tunisia,2011,6.4
tunisia,2012,6.35
tunisia,2013,6.05
turkey,1990,27.84
turkey,1991,26.55
turkey,1992,27.11
turkey,1993,32.26
turkey,1994,31.33
turkey,1995,35.19
turkey,1996,36.98
turkey,1997,34.34
turkey,1998,31.71
turkey,1999,33.29
turkey,2000,34.73
turkey,2001,33.3
turkey,2002,35.07
turkey,2003,35.12
turkey,2004,35.73
turkey,2005,36.93
turkey,2006,41.64
turkey,2007,47.43
turkey,2008,44.66
turkey,2009,44.24
turkey,2010,43.37
turkey,2011,43.98
turkey,2012,51.04
turkey,2013,57.18
turkmenistan,1990,9.82
turkmenistan,1991,8.79
turkmenistan,1992,6.88
turkmenistan,1993,7.09
turkmenistan,1994,4.25
turkmenistan,1995,3.99
turkmenistan,1996,4.49
turkmenistan,1997,2.68
turkmenistan,1998,3.26
turkmenistan,1999,4.15
turkmenistan,2000,6.5
turkmenistan,2001,6.62
turkmenistan,2002,7.3
turkmenistan,2003,8.19
turkmenistan,2004,8.27
turkmenistan,2005,8.64
turkmenistan,2006,8.61
turkmenistan,2007,9.18
turkmenistan,2008,9.53
turkmenistan,2009,7.22
turkmenistan,2010,8.26
turkmenistan,2011,9.97
turkmenistan,2012,10.38
turkmenistan,2013,11.11
ukraine,1990,54.85
ukraine,1991,66.1
ukraine,1992,40.94
ukraine,1993,35.43
ukraine,1994,32.24
ukraine,1995,33.31
ukraine,1996,30.14
ukraine,1997,35.89
ukraine,1998,33.57
ukraine,1999,28.1
ukraine,2000,26.91
ukraine,2001,28.46
ukraine,2002,29.7
ukraine,2003,29.16
ukraine,2004,31.17
ukraine,2005,30.59
ukraine,2006,30.22
ukraine,2007,39.94
ukraine,2008,39.91
ukraine,2009,33.41
ukraine,2010,33.9
ukraine,2011,33.69
ukraine,2012,31.29
ukraine,2013,31.35
united_arab_emirates,1990,11.29
united_arab_emirates,1991,11.61
united_arab_emirates,1992,11.8
united_arab_emirates,1993,12.6
united_arab_emirates,1994,12.48
united_arab_emirates,1995,13.1
united_arab_emirates,1996,13.26
united_arab_emirates,1997,13.2
united_arab_emirates,1998,13.23
united_arab_emirates,1999,13.57
united_arab_emirates,2000,14.85
united_arab_emirates,2001,16.28
united_arab_emirates,2002,18.76
united_arab_emirates,2003,20.86
united_arab_emirates,2004,21.06
united_arab_emirates,2005,22.74
united_arab_emirates,2006,23.92
united_arab_emirates,2007,24.58
united_arab_emirates,2008,26.16
united_arab_emirates,2009,26.3
united_arab_emirates,2010,27.09
united_arab_emirates,2011,27.72
united_arab_emirates,2012,30.97
united_arab_emirates,2013,32.84
united_kingdom,1990,114.95
united_kingdom,1991,114.34
united_kingdom,1992,115.81
united_kingdom,1993,116.98
united_kingdom,1994,117.36
united_kingdom,1995,116.31
united_kingdom,1996,120.83
united_kingdom,1997,121.93
united_kingdom,1998,121.17
united_kingdom,1999,124.7
united_kingdom,2000,122.92
united_kingdom,2001,121.87
united_kingdom,2002,123.14
united_kingdom,2003,124.55
united_kingdom,2004,125.95
united_kingdom,2005,127.17
united_kingdom,2006,128.81
united_kingdom,2007,129.51
united_kingdom,2008,122.7
united_kingdom,2009,118.28
united_kingdom,2010,117.09
united_kingdom,2011,115.62
united_kingdom,2012,115.12
united_kingdom,2013,114.62
united_states,1990,1426.86
united_states,1991,1399.56
united_states,1992,1430.55
united_states,1993,1454.06
united_states,1994,1506.76
united_states,1995,1537.61
united_states,1996,1577.04
united_states,1997,1601.97
united_states,1998,1640.2
united_states,1999,1686.01
united_states,2000,1717.67
united_states,2001,1719.86
united_states,2002,1741.46
united_states,2003,1766.56
united_states,2004,1788.47
united_states,2005,1807.52
united_states,2006,1805.81
united_states,2007,1806.16
united_states,2008,1708.08
united_states,2009,1622.37
united_states,2010,1675.37
united_states,2011,1654.31
united_states,2012,1691.78
united_states,2013,1688.28
uruguay,1990,1.52
uruguay,1991,1.61
uruguay,1992,1.73
uruguay,1993,1.95
uruguay,1994,2.2
uruguay,1995,2.19
uruguay,1996,2.32
uruguay,1997,2.52
uruguay,1998,2.69
uruguay,1999,2.78
uruguay,2000,2.43
uruguay,2001,2.45
uruguay,2002,2.2
uruguay,2003,2.12
uruguay,2004,2.24
uruguay,2005,2.3
uruguay,2006,2.39
uruguay,2007,2.58
uruguay,2008,2.68
uruguay,2009,2.78
uruguay,2010,3.11
uruguay,2011,3.24
uruguay,2012,3.3
uruguay,2013,3.47
uzbekistan,1990,5.72
uzbekistan,1991,7.98
uzbekistan,1992,6.66
uzbekistan,1993,6.08
uzbekistan,1994,6.03
uzbekistan,1995,7.26
uzbekistan,1996,9.36
uzbekistan,1997,9.49
uzbekistan,1998,10.24
uzbekistan,1999,10.44
uzbekistan,2000,10.34
uzbekistan,2001,10.26
uzbekistan,2002,10.32
uzbekistan,2003,10.76
uzbekistan,2004,9.52
uzbekistan,2005,8.73
uzbekistan,2006,8.72
uzbekistan,2007,8.7
uzbekistan,2008,9
uzbekistan,2009,8.76
uzbekistan,2010,7.99
uzbekistan,2011,7.96
uzbekistan,2012,7.83
uzbekistan,2013,6.9
venezuela,1990,28.55
venezuela,1991,30.25
venezuela,1992,29.77
venezuela,1993,31.91
venezuela,1994,32.39
venezuela,1995,33.49
venezuela,1996,34.82
venezuela,1997,32.45
venezuela,1998,33.22
venezuela,1999,33.18
venezuela,2000,34.08
venezuela,2001,36.73
venezuela,2002,35.71
venezuela,2003,36.27
venezuela,2004,37.98
venezuela,2005,42.22
venezuela,2006,39.78
venezuela,2007,43.09
venezuela,2008,44.44
venezuela,2009,46.56
venezuela,2010,48.2
venezuela,2011,43.15
venezuela,2012,52.87
venezuela,2013,44.3
vietnam,1990,4.17
vietnam,1991,3.94
vietnam,1992,4.42
vietnam,1993,6.9
vietnam,1994,7.6
vietnam,1995,7.27
vietnam,1996,8
vietnam,1997,8.75
vietnam,1998,9.19
vietnam,1999,9.83
vietnam,2000,10.57
vietnam,2001,11.29
vietnam,2002,13.84
vietnam,2003,15.65
vietnam,2004,19.07
vietnam,2005,19.24
vietnam,2006,19.19
vietnam,2007,22.44
vietnam,2008,23.83
vietnam,2009,28.56
vietnam,2010,30.53
vietnam,2011,30.1
vietnam,2012,29.6
vietnam,2013,28.82
world,1990,4605.44
world,1991,4649.82
world,1992,4757.12
world,1993,4801.3
world,1994,4896.44
world,1995,5027.61
world,1996,5235.17
world,1997,5314.81
world,1998,5436.66
world,1999,5595.86
world,2000,5767.41
world,2001,5798.25
world,2002,5937.83
world,2003,6072.82
world,2004,6351.75
world,2005,6488.99
world,2006,6631.53
world,2007,6839.41
world,2008,6850.47
world,2009,6719.82
world,2010,7004.57
world,2011,7127.1
world,2012,7253.54
world,2013,7382.53
yemen,1990,4.01
yemen,1991,5.13
yemen,1992,5.41
yemen,1993,4.41
yemen,1994,4.45
yemen,1995,3.96
yemen,1996,3.76
yemen,1997,3.77
yemen,1998,4.08
yemen,1999,4.51
yemen,2000,4.4
yemen,2001,4.84
yemen,2002,4.25
yemen,2003,5.03
yemen,2004,5.22
yemen,2005,5.57
yemen,2006,5.17
yemen,2007,4.72
yemen,2008,5.04
yemen,2009,8.15
yemen,2010,7.15
yemen,2011,6.66
yemen,2012,5.48
yemen,2013,8.31
zambia,1990,0.77
zambia,1991,0.97
zambia,1992,0.93
zambia,1993,0.66
zambia,1994,0.81
zambia,1995,0.8
zambia,1996,0.63
zambia,1997,0.73
zambia,1998,0.7
zambia,1999,0.67
zambia,2000,0.73
zambia,2001,0.77
zambia,2002,0.81
zambia,2003,0.86
zambia,2004,0.92
zambia,2005,0.99
zambia,2006,1.01
zambia,2007,0.46
zambia,2008,0.52
zambia,2009,0.59
zambia,2010,0.66
zambia,2011,0.74
zambia,2012,0.91
zambia,2013,0.98
zimbabwe,1990,2.09
zimbabwe,1991,1.59
zimbabwe,1992,2.21
zimbabwe,1993,1.97
zimbabwe,1994,1.75
zimbabwe,1995,2.17
zimbabwe,1996,2.13
zimbabwe,1997,2.14
zimbabwe,1998,2.12
zimbabwe,1999,3.13
zimbabwe,2000,1.92
zimbabwe,2001,1.83
zimbabwe,2002,1.68
zimbabwe,2003,1.4
zimbabwe,2004,1.22
zimbabwe,2005,1.32
zimbabwe,2006,1.28
zimbabwe,2007,1.23
zimbabwe,2008,1.02
zimbabwe,2009,1.08
zimbabwe,2010,1.2
zimbabwe,2011,2.28
zimbabwe,2012,2.58
zimbabwe,2013,2.87
