country,year,fugitive_emissions_mtco2e
afghanistan,1990,1.24222
afghanistan,1991,1.02085
afghanistan,1992,0.60259
afghanistan,1993,0.41399
afghanistan,1994,0.24733
afghanistan,1995,0.08067
afghanistan,1996,0.08398
afghanistan,1997,0.0873
afghanistan,1998,0.09062
afghanistan,1999,0.09393
afghanistan,2000,0.09725
afghanistan,2001,0.08099
afghanistan,2002,0.06473
afghanistan,2003,0.04847
afghanistan,2004,0.03221
afghanistan,2005,0.01595
afghanistan,2006,0.01638
afghanistan,2007,0.01682
afghanistan,2008,0.01725
afghanistan,2009,0.01768
afghanistan,2010,0.01812
afghanistan,2011,0.01859
afghanistan,2012,0.01906
afghanistan,2013,0.01953
albania,1990,0.78297
albania,1991,0.63871
albania,1992,0.49445
albania,1993,0.35019
albania,1994,0.26064
albania,1995,0.06167
albania,1996,0.05161
albania,1997,0.04155
albania,1998,0.03149
albania,1999,0.02142
albania,2000,0.01136
albania,2001,0.01605
albania,2002,0.02074
albania,2003,0.02543
albania,2004,0.03012
albania,2005,0.03481
albania,2006,0.0367
albania,2007,0.03859
albania,2008,0.04048
albania,2009,0.04237
albania,2010,0.04426
albania,2011,0.04465
albania,2012,0.04504
albania,2013,0.04542
algeria,1990,24.31946
algeria,1991,20.19859
algeria,1992,19.52425
algeria,1993,25.46941
algeria,1994,26.16273
algeria,1995,26.96547
algeria,1996,27.62192
algeria,1997,29.37251
algeria,1998,31.06839
algeria,1999,32.38133
algeria,2000,34.18662
algeria,2001,29.86954
algeria,2002,31.07783
algeria,2003,31.68434
algeria,2004,31.47026
algeria,2005,31.69383
algeria,2006,32.69008
algeria,2007,35.27281
algeria,2008,36.15965
algeria,2009,37.81237
algeria,2010,37.058
algeria,2011,36.12076
algeria,2012,30.31462
algeria,2013,38.34926
angola,1990,20.23001
angola,1991,21.62026
angola,1992,22.84639
angola,1993,24.34605
angola,1994,25.46276
angola,1995,31.12013
angola,1996,32.20446
angola,1997,33.12468
angola,1998,34.0996
angola,1999,35.18393
angola,2000,35.7759
angola,2001,39.64235
angola,2002,43.72763
angola,2003,50.38413
angola,2004,54.85235
angola,2005,58.99234
angola,2006,66.47615
angola,2007,75.71057
angola,2008,82.48319
angola,2009,89.967
angola,2010,97.66964
angola,2011,99.09806
angola,2012,101.01885
angola,2013,102.06433
antigua_barbuda,1990,0
antigua_barbuda,1991,0
antigua_barbuda,1992,0
antigua_barbuda,1993,0
antigua_barbuda,1994,0
antigua_barbuda,1995,0
antigua_barbuda,1996,0
antigua_barbuda,1997,0
antigua_barbuda,1998,0
antigua_barbuda,1999,0
antigua_barbuda,2000,0
antigua_barbuda,2001,0
antigua_barbuda,2002,0
antigua_barbuda,2003,0
antigua_barbuda,2004,0
antigua_barbuda,2005,0
antigua_barbuda,2006,0
antigua_barbuda,2011,0
argentina,1990,13.20913
argentina,1991,13.44602
argentina,1992,13.29997
argentina,1993,13.8651
argentina,1994,14.21141
argentina,1995,14.50301
argentina,1996,16.90259
argentina,1997,14.21446
argentina,1998,13.11282
argentina,1999,12.55825
argentina,2000,12.16779
argentina,2001,12.28609
argentina,2002,12.78734
argentina,2003,13.398
argentina,2004,13.07864
argentina,2005,12.8687
argentina,2006,13.01093
argentina,2007,13.42669
argentina,2008,13.62362
argentina,2009,13.82056
argentina,2010,13.90807
argentina,2011,13.86077
argentina,2012,12.33639
argentina,2013,14.31324
armenia,1990,1.67015
armenia,1991,1.55047
armenia,1992,1.43079
armenia,1993,1.31111
armenia,1994,1.19143
armenia,1995,1.07175
armenia,1996,0.95206
armenia,1997,0.83238
armenia,1998,0.7127
armenia,1999,0.59302
armenia,2000,0.47334
armenia,2001,0.49259
armenia,2002,0.51185
armenia,2003,0.5311
armenia,2004,0.55035
armenia,2005,0.56961
armenia,2006,0.57996
armenia,2007,0.59032
armenia,2008,0.60068
armenia,2009,0.61103
armenia,2010,0.62139
armenia,2011,0.63692
armenia,2012,0.65246
armenia,2013,0.66799
australia,1990,25.2536
australia,1991,25.24642
australia,1992,25.07513
australia,1993,25.01324
australia,1994,24.84195
australia,1995,24.83477
australia,1996,25.49853
australia,1997,25.88876
australia,1998,26.27899
australia,1999,26.99745
australia,2000,27.27827
australia,2001,27.36436
australia,2002,27.55986
australia,2003,27.75537
australia,2004,27.89617
australia,2005,28.03697
australia,2006,29.00507
australia,2007,29.97317
australia,2008,30.94128
australia,2009,31.96409
australia,2010,32.9869
australia,2011,33.56427
australia,2012,34.08694
australia,2013,34.66432
austria,1990,0.20871
austria,1991,0.21211
austria,1992,0.21551
austria,1993,0.2189
austria,1994,0.2223
austria,1995,0.2257
austria,1996,0.2232
austria,1997,0.22069
austria,1998,0.21818
austria,1999,0.21568
austria,2000,0.21317
austria,2001,0.21766
austria,2002,0.22216
austria,2003,0.22665
austria,2004,0.23114
austria,2005,0.23564
austria,2006,0.23381
austria,2007,0.23197
austria,2008,0.23014
austria,2009,0.22831
austria,2010,0.22648
austria,2011,0.22507
austria,2012,0.22365
austria,2013,0.22223
azerbaijan,1990,13.3411
azerbaijan,1991,23.709
azerbaijan,1992,9.97757
azerbaijan,1993,23.46929
azerbaijan,1994,21.09608
azerbaijan,1995,19.76229
azerbaijan,1996,20.06082
azerbaijan,1997,20.30465
azerbaijan,1998,20.71259
azerbaijan,1999,21.01112
azerbaijan,2000,21.09082
azerbaijan,2001,21.77106
azerbaijan,2002,22.01364
azerbaijan,2003,16.51202
azerbaijan,2004,17.19226
azerbaijan,2005,18.80251
azerbaijan,2006,18.40045
azerbaijan,2007,16.90426
azerbaijan,2008,19.40166
azerbaijan,2009,21.89906
azerbaijan,2010,24.39646
azerbaijan,2011,27.47872
azerbaijan,2012,27.27858
azerbaijan,2013,29.92319
bahamas_the,1990,0
bahamas_the,1991,0
bahamas_the,1992,0
bahamas_the,1993,0
bahamas_the,1994,0
bahamas_the,1995,0
bahamas_the,1996,0
bahamas_the,1997,0
bahamas_the,1998,0
bahamas_the,1999,0
bahamas_the,2000,0
bahamas_the,2001,0
bahamas_the,2002,0
bahamas_the,2003,0
bahamas_the,2004,0
bahamas_the,2005,0
bahamas_the,2006,0
bahamas_the,2011,0
bahrain,1990,0.48204
bahrain,1991,0.49289
bahrain,1992,0.50375
bahrain,1993,0.51461
bahrain,1994,0.52546
bahrain,1995,0.53632
bahrain,1996,0.55764
bahrain,1997,0.57896
bahrain,1998,0.60028
bahrain,1999,0.62161
bahrain,2000,0.64293
bahrain,2001,0.66544
bahrain,2002,0.68796
bahrain,2003,0.71047
bahrain,2004,0.73299
bahrain,2005,0.7555
bahrain,2006,0.78544
bahrain,2007,0.81538
bahrain,2008,0.84532
bahrain,2009,0.87526
bahrain,2010,0.9052
bahrain,2011,0.93319
bahrain,2012,0.96118
bahrain,2013,0.98916
bangladesh,1990,0.00124
bangladesh,1991,0.00139
bangladesh,1992,0.00154
bangladesh,1993,0.00169
bangladesh,1994,0.00184
bangladesh,1995,0.00199
bangladesh,1996,0.00213
bangladesh,1997,0.00226
bangladesh,1998,0.00239
bangladesh,1999,0.00252
bangladesh,2000,0.00265
bangladesh,2001,0.00289
bangladesh,2002,0.00313
bangladesh,2003,0.00337
bangladesh,2004,0.00361
bangladesh,2005,0.00386
bangladesh,2006,0.00403
bangladesh,2007,0.00421
bangladesh,2008,0.00438
bangladesh,2009,0.00456
bangladesh,2010,0.00473
bangladesh,2011,0.0049
bangladesh,2012,0.00507
bangladesh,2013,0.00523
barbados,1990,0.05019
barbados,1991,0.05023
barbados,1992,0.05027
barbados,1993,0.05031
barbados,1994,0.05035
barbados,1995,0.05039
barbados,1996,0.05364
barbados,1997,0.05689
barbados,1998,0.06015
barbados,1999,0.0634
barbados,2000,0.06666
barbados,2001,0.06269
barbados,2002,0.05872
barbados,2003,0.05475
barbados,2004,0.05078
barbados,2005,0.04682
barbados,2006,0.04795
barbados,2007,0.04909
barbados,2008,0.05023
barbados,2009,0.05136
barbados,2010,0.08891
barbados,2011,0.05226
barbados,2012,0.0881
barbados,2013,0.08818
belarus,1990,1.23406
belarus,1991,1.23387
belarus,1992,1.23368
belarus,1993,1.23349
belarus,1994,1.2333
belarus,1995,1.23311
belarus,1996,1.27885
belarus,1997,1.32458
belarus,1998,1.37032
belarus,1999,1.41606
belarus,2000,1.4618
belarus,2001,1.48749
belarus,2002,1.51319
belarus,2003,1.53888
belarus,2004,1.56458
belarus,2005,1.59028
belarus,2006,1.61595
belarus,2007,1.64162
belarus,2008,1.66729
belarus,2009,1.69296
belarus,2010,1.71863
belarus,2011,1.70213
belarus,2012,1.68562
belarus,2013,1.66912
belgium,1990,0.82727
belgium,1991,0.77302
belgium,1992,0.71877
belgium,1993,0.66452
belgium,1994,0.61027
belgium,1995,0.55602
belgium,1996,0.53933
belgium,1997,0.52264
belgium,1998,0.50595
belgium,1999,0.48926
belgium,2000,0.47256
belgium,2001,0.46212
belgium,2002,0.45167
belgium,2003,0.44123
belgium,2004,0.43078
belgium,2005,0.42034
belgium,2006,0.42657
belgium,2007,0.4328
belgium,2008,0.43903
belgium,2009,0.44526
belgium,2010,0.45149
belgium,2011,0.45322
belgium,2012,0.45495
belgium,2013,0.45668
belize,1990,0
belize,1991,0
belize,1992,0
belize,1993,0
belize,1994,0
belize,1995,0
belize,1996,0
belize,1997,0
belize,1998,0
belize,1999,0
belize,2000,0
belize,2001,0
belize,2002,0
belize,2003,0
belize,2004,0
belize,2005,0
belize,2006,0.02246
belize,2007,0.04492
belize,2008,0.06739
belize,2009,0.08985
belize,2010,0.11231
belize,2011,0.11106
belize,2012,0.10981
belize,2013,0.10857
benin,1990,0.1538
benin,1991,0.14631
benin,1992,0.13882
benin,1993,0.13134
benin,1994,0.12385
benin,1995,0.11636
benin,1996,0.09906
benin,1997,0.08177
benin,1998,0.06447
benin,1999,0.04717
benin,2000,0.02988
benin,2001,0.02471
benin,2002,0.01954
benin,2003,0.01438
benin,2004,0.00921
benin,2005,0.00404
benin,2006,0.00404
benin,2007,0.00404
benin,2008,0.00404
benin,2009,0.00404
benin,2010,0.00404
benin,2011,0.00404
benin,2012,0.00404
benin,2013,0.00404
bhutan,1990,0.00001
bhutan,1991,0.00006
bhutan,1992,0.00012
bhutan,1993,0.00017
bhutan,1994,0.00023
bhutan,1995,0.00029
bhutan,1996,0.00027
bhutan,1997,0.00026
bhutan,1998,0.00024
bhutan,1999,0.00023
bhutan,2000,0.00021
bhutan,2001,0.00024
bhutan,2002,0.00027
bhutan,2003,0.0003
bhutan,2004,0.00033
bhutan,2005,0.00036
bhutan,2006,0.00037
bhutan,2007,0.00039
bhutan,2008,0.00041
bhutan,2009,0.00042
bhutan,2010,0.00044
bhutan,2011,0.00045
bhutan,2012,0.00046
bhutan,2013,0.00047
bolivia,1990,0.9689
bolivia,1991,1.13706
bolivia,1992,2.12582
bolivia,1993,3.00517
bolivia,1994,3.82982
bolivia,1995,2.46619
bolivia,1996,2.28308
bolivia,1997,2.09996
bolivia,1998,1.91685
bolivia,1999,1.51491
bolivia,2000,1.16767
bolivia,2001,1.24806
bolivia,2002,1.60198
bolivia,2003,1.9559
bolivia,2004,1.98158
bolivia,2005,2.22608
bolivia,2006,2.2257
bolivia,2007,2.28002
bolivia,2008,2.33435
bolivia,2009,2.38867
bolivia,2010,2.44299
bolivia,2011,2.56975
bolivia,2012,2.20416
bolivia,2013,2.65916
bosnia_herzegovina,1990,0.28459
bosnia_herzegovina,1991,0.3102
bosnia_herzegovina,1992,0.3358
bosnia_herzegovina,1993,0.36141
bosnia_herzegovina,1994,0.38701
bosnia_herzegovina,1995,0.41261
bosnia_herzegovina,1996,0.57909
bosnia_herzegovina,1997,0.74556
bosnia_herzegovina,1998,0.91203
bosnia_herzegovina,1999,1.0785
bosnia_herzegovina,2000,1.24497
bosnia_herzegovina,2001,1.285
bosnia_herzegovina,2002,1.32504
bosnia_herzegovina,2003,1.36508
bosnia_herzegovina,2004,1.40512
bosnia_herzegovina,2005,1.44515
bosnia_herzegovina,2006,1.45897
bosnia_herzegovina,2007,1.47279
bosnia_herzegovina,2008,1.48661
bosnia_herzegovina,2009,1.50043
bosnia_herzegovina,2010,1.51424
bosnia_herzegovina,2011,1.5282
bosnia_herzegovina,2012,1.54216
bosnia_herzegovina,2013,1.55612
botswana,1990,0.22355
botswana,1991,0.22943
botswana,1992,0.2353
botswana,1993,0.24118
botswana,1994,0.24706
botswana,1995,0.25293
botswana,1996,0.25572
botswana,1997,0.25852
botswana,1998,0.26131
botswana,1999,0.26411
botswana,2000,0.2669
botswana,2001,0.26797
botswana,2002,0.26904
botswana,2003,0.27011
botswana,2004,0.27118
botswana,2005,0.27225
botswana,2006,0.27883
botswana,2007,0.28541
botswana,2008,0.29199
botswana,2009,0.29857
botswana,2010,0.30515
botswana,2011,0.3086
botswana,2012,0.31205
botswana,2013,0.31549
brazil,1990,4.78199
brazil,1991,4.02687
brazil,1992,4.91296
brazil,1993,3.77489
brazil,1994,3.84037
brazil,1995,3.79644
brazil,1996,4.70513
brazil,1997,5.01205
brazil,1998,5.86604
brazil,1999,6.5012
brazil,2000,6.31576
brazil,2001,7.61968
brazil,2002,7.06357
brazil,2003,6.45276
brazil,2004,6.49843
brazil,2005,8.67765
brazil,2006,7.73327
brazil,2007,8.10184
brazil,2008,8.74395
brazil,2009,11.24609
brazil,2010,9.59051
brazil,2011,8.76641
brazil,2012,5.91816
brazil,2013,8.7047
brunei,1990,9.08728
brunei,1991,8.5645
brunei,1992,8.6982
brunei,1993,8.8319
brunei,1994,8.96559
brunei,1995,9.09929
brunei,1996,9.42214
brunei,1997,9.745
brunei,1998,10.06785
brunei,1999,10.3907
brunei,2000,10.71355
brunei,2001,10.79611
brunei,2002,10.87868
brunei,2003,10.96124
brunei,2004,11.0438
brunei,2005,11.12636
brunei,2006,11.07903
brunei,2007,11.0317
brunei,2008,10.98437
brunei,2009,10.93705
brunei,2010,10.88972
brunei,2011,11.07869
brunei,2012,11.26765
brunei,2013,11.62074
bulgaria,1990,2.30359
bulgaria,1991,2.26235
bulgaria,1992,2.22112
bulgaria,1993,2.17989
bulgaria,1994,2.13865
bulgaria,1995,2.09742
bulgaria,1996,2.04517
bulgaria,1997,1.99293
bulgaria,1998,1.94068
bulgaria,1999,1.88844
bulgaria,2000,1.83619
bulgaria,2001,1.83196
bulgaria,2002,1.82773
bulgaria,2003,1.8235
bulgaria,2004,1.81926
bulgaria,2005,1.81503
bulgaria,2006,1.86508
bulgaria,2007,1.91514
bulgaria,2008,1.96519
bulgaria,2009,2.01524
bulgaria,2010,2.06529
bulgaria,2011,2.08095
bulgaria,2012,2.0966
bulgaria,2013,2.11226
burkina_faso,1990,0
burkina_faso,1991,0
burkina_faso,1992,0
burkina_faso,1993,0
burkina_faso,1994,0
burkina_faso,1995,0
burkina_faso,1996,0
burkina_faso,1997,0
burkina_faso,1998,0
burkina_faso,1999,0
burkina_faso,2000,0
burkina_faso,2001,0
burkina_faso,2002,0
burkina_faso,2003,0
burkina_faso,2004,0
burkina_faso,2005,0
burkina_faso,2006,0
burkina_faso,2011,0
burundi,1990,0
burundi,1991,0
burundi,1992,0
burundi,1993,0
burundi,1994,0
burundi,1995,0
burundi,1996,0
burundi,1997,0
burundi,1998,0
burundi,1999,0
burundi,2000,0
burundi,2001,0
burundi,2002,0
burundi,2003,0
burundi,2004,0
burundi,2005,0
burundi,2006,0
burundi,2011,0
cambodia,1990,0
cambodia,1991,0
cambodia,1992,0
cambodia,1993,0
cambodia,1994,0
cambodia,1995,0
cambodia,1996,0
cambodia,1997,0
cambodia,1998,0
cambodia,1999,0
cambodia,2000,0
cambodia,2001,0
cambodia,2002,0
cambodia,2003,0
cambodia,2004,0
cambodia,2005,0
cambodia,2006,0
cambodia,2011,0
cameroon,1990,0.02722
cameroon,1991,0.02557
cameroon,1992,0.02392
cameroon,1993,4.01586
cameroon,1994,4.56127
cameroon,1995,4.45021
cameroon,1996,3.79285
cameroon,1997,3.79196
cameroon,1998,3.79108
cameroon,1999,3.7902
cameroon,2000,3.57048
cameroon,2001,3.24211
cameroon,2002,2.96844
cameroon,2003,2.74948
cameroon,2004,3.13229
cameroon,2005,3.29627
cameroon,2006,3.46052
cameroon,2007,3.57007
cameroon,2008,3.5702
cameroon,2009,3.57033
cameroon,2010,3.57046
cameroon,2011,2.69526
cameroon,2012,0.01475
cameroon,2013,1.49193
canada,1990,35.14142
canada,1991,37.49085
canada,1992,39.67616
canada,1993,41.20498
canada,1994,43.17147
canada,1995,45.35678
canada,1996,46.37999
canada,1997,47.84086
canada,1998,50.39587
canada,1999,50.21554
canada,2000,51.45758
canada,2001,51.06558
canada,2002,51.27536
canada,2003,51.43044
canada,2004,51.25727
canada,2005,51.30293
canada,2006,52.93688
canada,2007,53.91435
canada,2008,55.11065
canada,2009,55.9787
canada,2010,57.175
canada,2011,58.91918
canada,2012,60.77278
canada,2013,62.35284
cape_verde,1990,0
cape_verde,1991,0
cape_verde,1992,0
cape_verde,1993,0
cape_verde,1994,0
cape_verde,1995,0
cape_verde,1996,0
cape_verde,1997,0
cape_verde,1998,0
cape_verde,1999,0
cape_verde,2000,0
cape_verde,2001,0
cape_verde,2002,0
cape_verde,2003,0
cape_verde,2004,0
cape_verde,2005,0
cape_verde,2006,0
cape_verde,2011,0
central_african_republic,1990,0
central_african_republic,1991,0
central_african_republic,1992,0
central_african_republic,1993,0
central_african_republic,1994,0
central_african_republic,1995,0
central_african_republic,1996,0
central_african_republic,1997,0
central_african_republic,1998,0
central_african_republic,1999,0
central_african_republic,2000,0
central_african_republic,2001,0
central_african_republic,2002,0
central_african_republic,2003,0
central_african_republic,2004,0
central_african_republic,2005,0
central_african_republic,2006,0
central_african_republic,2011,0
chad,1990,0
chad,1991,0
chad,1992,0
chad,1993,0
chad,1994,0
chad,1995,0
chad,1996,0
chad,1997,0
chad,1998,0
chad,1999,0
chad,2000,0
chad,2001,1.32278
chad,2002,2.64555
chad,2003,3.96833
chad,2004,5.2911
chad,2005,6.61388
chad,2006,6.41239
chad,2007,6.21091
chad,2008,6.00942
chad,2009,5.80794
chad,2010,5.60645
chad,2011,5.64798
chad,2012,5.68951
chad,2013,5.73104
chile,1990,3.15628
chile,1991,3.05183
chile,1992,3.82269
chile,1993,2.67882
chile,1994,2.62909
chile,1995,2.46994
chile,1996,2.27879
chile,1997,2.08765
chile,1998,1.8965
chile,1999,1.70536
chile,2000,1.51421
chile,2001,1.61039
chile,2002,1.70657
chile,2003,1.80275
chile,2004,1.89893
chile,2005,1.94041
chile,2006,1.94012
chile,2007,2.15865
chile,2008,2.21307
chile,2009,1.88454
chile,2010,1.87884
chile,2011,1.91425
chile,2012,1.99897
chile,2013,2.02897
china,1990,128.55677
china,1991,135.83947
china,1992,143.12217
china,1993,150.40487
china,1994,157.68757
china,1995,164.97027
china,1996,159.5411
china,1997,154.11193
china,1998,148.68276
china,1999,143.25359
china,2000,137.82442
china,2001,162.42845
china,2002,187.03248
china,2003,211.63652
china,2004,236.24055
china,2005,260.84458
china,2006,268.61497
china,2007,276.38535
china,2008,284.15573
china,2009,291.92612
china,2010,299.6965
china,2011,304.81249
china,2012,309.92849
china,2013,315.04448
colombia,1990,4.62484
colombia,1991,4.74835
colombia,1992,5.41892
colombia,1993,4.99537
colombia,1994,5.11888
colombia,1995,5.62533
colombia,1996,6.00585
colombia,1997,6.38636
colombia,1998,6.82158
colombia,1999,7.20209
colombia,2000,7.36378
colombia,2001,7.88275
colombia,2002,8.40173
colombia,2003,8.9207
colombia,2004,9.43967
colombia,2005,9.95865
colombia,2006,10.15172
colombia,2007,10.61832
colombia,2008,11.24904
colombia,2009,11.98918
colombia,2010,12.5652
colombia,2011,12.98236
colombia,2012,12.19597
colombia,2013,13.9808
comoros,1990,0
comoros,1991,0
comoros,1992,0
comoros,1993,0
comoros,1994,0
comoros,1995,0
comoros,1996,0
comoros,1997,0
comoros,1998,0
comoros,1999,0
comoros,2000,0
comoros,2001,0
comoros,2002,0
comoros,2003,0
comoros,2004,0
comoros,2005,0
comoros,2006,0
comoros,2011,0
congo_dem_rep,1990,1.11513
congo_dem_rep,1991,1.12125
congo_dem_rep,1992,1.12737
congo_dem_rep,1993,1.13349
congo_dem_rep,1994,1.1396
congo_dem_rep,1995,1.14572
congo_dem_rep,1996,1.11693
congo_dem_rep,1997,1.08813
congo_dem_rep,1998,1.05933
congo_dem_rep,1999,1.03054
congo_dem_rep,2000,1.00174
congo_dem_rep,2001,0.95618
congo_dem_rep,2002,0.91063
congo_dem_rep,2003,0.86507
congo_dem_rep,2004,0.81951
congo_dem_rep,2005,0.77396
congo_dem_rep,2006,0.79845
congo_dem_rep,2007,0.82294
congo_dem_rep,2008,0.84743
congo_dem_rep,2009,0.87192
congo_dem_rep,2010,0.89641
congo_dem_rep,2011,0.90319
congo_dem_rep,2012,0.90996
congo_dem_rep,2013,0.91674
congo_rep,1990,0.18801
congo_rep,1991,2.38057
congo_rep,1992,2.38486
congo_rep,1993,2.38916
congo_rep,1994,2.39345
congo_rep,1995,2.39775
congo_rep,1996,2.41707
congo_rep,1997,3.09287
congo_rep,1998,3.00277
congo_rep,1999,2.69385
congo_rep,2000,2.49435
congo_rep,2001,2.4891
congo_rep,2002,2.42914
congo_rep,2003,2.31448
congo_rep,2004,2.19981
congo_rep,2005,4.05459
congo_rep,2006,3.9986
congo_rep,2007,4.10673
congo_rep,2008,4.10545
congo_rep,2009,3.94005
congo_rep,2010,3.22758
congo_rep,2011,2.84548
congo_rep,2012,0.11099
congo_rep,2013,1.4795
cook_islands,1990,0
cook_islands,1991,0
cook_islands,1992,0
cook_islands,1993,0
cook_islands,1994,0
cook_islands,1995,0
cook_islands,1996,0
cook_islands,1997,0
cook_islands,1998,0
cook_islands,1999,0
cook_islands,2000,0
cook_islands,2001,0
cook_islands,2002,0
cook_islands,2003,0
cook_islands,2004,0
cook_islands,2005,0
cook_islands,2006,0
cook_islands,2011,0
costa_rica,1990,0.00033
costa_rica,1991,0.0003
costa_rica,1992,0.00027
costa_rica,1993,0.00025
costa_rica,1994,0.00022
costa_rica,1995,0.00019
costa_rica,1996,0.00017
costa_rica,1997,0.00014
costa_rica,1998,0.00012
costa_rica,1999,0.00009
costa_rica,2000,0.00006
costa_rica,2001,0.00022
costa_rica,2002,0.00037
costa_rica,2003,0.00053
costa_rica,2004,0.00068
costa_rica,2005,0.00084
costa_rica,2006,0.00091
costa_rica,2007,0.00097
costa_rica,2008,0.00104
costa_rica,2009,0.0011
costa_rica,2010,0.00117
costa_rica,2011,0.00115
costa_rica,2012,0.00114
costa_rica,2013,0.00113
cote_d_ivoire,1990,0.06384
cote_d_ivoire,1991,0.11708
cote_d_ivoire,1992,0.17033
cote_d_ivoire,1993,0.22357
cote_d_ivoire,1994,0.27682
cote_d_ivoire,1995,0.33006
cote_d_ivoire,1996,0.44344
cote_d_ivoire,1997,0.55681
cote_d_ivoire,1998,0.67018
cote_d_ivoire,1999,0.78356
cote_d_ivoire,2000,0.89693
cote_d_ivoire,2001,1.10016
cote_d_ivoire,2002,1.3034
cote_d_ivoire,2003,1.50663
cote_d_ivoire,2004,1.70986
cote_d_ivoire,2005,1.91309
cote_d_ivoire,2006,2.04328
cote_d_ivoire,2007,2.17347
cote_d_ivoire,2008,2.30367
cote_d_ivoire,2009,2.43386
cote_d_ivoire,2010,2.56405
cote_d_ivoire,2011,2.60171
cote_d_ivoire,2012,2.63936
cote_d_ivoire,2013,2.67702
croatia,1990,1.24994
croatia,1991,1.23433
croatia,1992,1.21873
croatia,1993,1.20312
croatia,1994,1.18752
croatia,1995,1.17192
croatia,1996,1.15976
croatia,1997,1.1476
croatia,1998,1.13544
croatia,1999,1.12327
croatia,2000,1.11111
croatia,2001,1.15499
croatia,2002,1.19887
croatia,2003,1.24276
croatia,2004,1.28664
croatia,2005,1.33052
croatia,2006,1.28567
croatia,2007,1.24083
croatia,2008,1.19599
croatia,2009,1.15115
croatia,2010,1.1063
croatia,2011,1.09113
croatia,2012,1.07596
croatia,2013,1.06079
cuba,1990,0.01134
cuba,1991,0.08933
cuba,1992,0.16733
cuba,1993,0.24532
cuba,1994,0.32332
cuba,1995,0.40131
cuba,1996,0.58447
cuba,1997,1.04117
cuba,1998,1.11492
cuba,1999,1.29809
cuba,2000,1.48125
cuba,2001,1.51325
cuba,2002,1.54526
cuba,2003,1.57726
cuba,2004,1.60927
cuba,2005,1.64127
cuba,2006,1.63381
cuba,2007,1.62635
cuba,2008,1.61889
cuba,2009,1.61142
cuba,2010,1.54925
cuba,2011,1.48183
cuba,2012,1.46911
cuba,2013,1.45639
cyprus,1990,0.00174
cyprus,1991,0.0014
cyprus,1992,0.00105
cyprus,1993,0.0007
cyprus,1994,0.00035
cyprus,1995,0
cyprus,1996,0
cyprus,1997,0
cyprus,1998,0
cyprus,1999,0
cyprus,2000,0
cyprus,2001,0
cyprus,2002,0
cyprus,2003,0
cyprus,2004,0
cyprus,2005,0
cyprus,2006,0
cyprus,2011,0
czech_republic,1990,8.50223
czech_republic,1991,8.09838
czech_republic,1992,7.69453
czech_republic,1993,7.29067
czech_republic,1994,6.88682
czech_republic,1995,6.48297
czech_republic,1996,6.33017
czech_republic,1997,6.17737
czech_republic,1998,6.02457
czech_republic,1999,5.87177
czech_republic,2000,5.71897
czech_republic,2001,5.64214
czech_republic,2002,5.5653
czech_republic,2003,5.48847
czech_republic,2004,5.41164
czech_republic,2005,5.3348
czech_republic,2006,5.26286
czech_republic,2007,5.19091
czech_republic,2008,5.11897
czech_republic,2009,5.04703
czech_republic,2010,4.97508
czech_republic,2011,4.93858
czech_republic,2012,4.90207
czech_republic,2013,4.86557
denmark,1990,0.26376
denmark,1991,0.48797
denmark,1992,0.54806
denmark,1993,0.44402
denmark,1994,0.4494
denmark,1995,0.40007
denmark,1996,0.45773
denmark,1997,0.57009
denmark,1998,0.46363
denmark,1999,0.90423
denmark,2000,0.57894
denmark,2001,0.14589
denmark,2002,0.53344
denmark,2003,0.59275
denmark,2004,0.65206
denmark,2005,0.49255
denmark,2006,0.48668
denmark,2007,0.4261
denmark,2008,0.36552
denmark,2009,0.25023
denmark,2010,0.29907
denmark,2011,0.24264
denmark,2012,0.24093
denmark,2013,0.29392
djibouti,1990,0
djibouti,1991,0
djibouti,1992,0
djibouti,1993,0
djibouti,1994,0
djibouti,1995,0
djibouti,1996,0
djibouti,1997,0
djibouti,1998,0
djibouti,1999,0
djibouti,2000,0
djibouti,2001,0
djibouti,2002,0
djibouti,2003,0
djibouti,2004,0
djibouti,2005,0
djibouti,2006,0
djibouti,2011,0
dominica,1990,0
dominica,1991,0
dominica,1992,0
dominica,1993,0
dominica,1994,0
dominica,1995,0
dominica,1996,0
dominica,1997,0
dominica,1998,0
dominica,1999,0
dominica,2000,0
dominica,2001,0
dominica,2002,0
dominica,2003,0
dominica,2004,0
dominica,2005,0
dominica,2006,0
dominica,2011,0
dominican_republic,1990,0.00105
dominican_republic,1991,0.00117
dominican_republic,1992,0.00128
dominican_republic,1993,0.0014
dominican_republic,1994,0.00151
dominican_republic,1995,0.00163
dominican_republic,1996,0.00181
dominican_republic,1997,0.00198
dominican_republic,1998,0.00216
dominican_republic,1999,0.00234
dominican_republic,2000,0.00252
dominican_republic,2001,0.00252
dominican_republic,2002,0.00252
dominican_republic,2003,0.00252
dominican_republic,2004,0.00252
dominican_republic,2005,0.00252
dominican_republic,2006,0.00865
dominican_republic,2007,0.01478
dominican_republic,2008,0.02092
dominican_republic,2009,0.02705
dominican_republic,2010,0.03318
dominican_republic,2011,0.03637
dominican_republic,2012,0.03957
dominican_republic,2013,0.04276
ecuador,1990,1.69694
ecuador,1991,1.67555
ecuador,1992,1.87298
ecuador,1993,1.68746
ecuador,1994,1.72077
ecuador,1995,2.51997
ecuador,1996,2.52021
ecuador,1997,2.41104
ecuador,1998,2.41128
ecuador,1999,2.41152
ecuador,2000,2.41176
ecuador,2001,2.4539
ecuador,2002,2.49603
ecuador,2003,2.59287
ecuador,2004,2.635
ecuador,2005,2.56772
ecuador,2006,2.56142
ecuador,2007,2.55511
ecuador,2008,2.38469
ecuador,2009,1.94073
ecuador,2010,1.7703
ecuador,2011,1.95797
ecuador,2012,0.72325
ecuador,2013,1.84093
egypt,1990,5.28766
egypt,1991,7.42754
egypt,1992,7.32445
egypt,1993,5.63487
egypt,1994,5.53178
egypt,1995,5.4834
egypt,1996,6.61593
egypt,1997,7.69375
egypt,1998,8.66216
egypt,1999,9.8494
egypt,2000,10.92722
egypt,2001,11.39426
egypt,2002,11.916
egypt,2003,12.43775
egypt,2004,12.90479
egypt,2005,13.37182
egypt,2006,13.56599
egypt,2007,13.86958
egypt,2008,14.06375
egypt,2009,14.25792
egypt,2010,14.01444
egypt,2011,14.2377
egypt,2012,13.47624
egypt,2013,14.68422
el_salvador,1990,0
el_salvador,1991,0
el_salvador,1992,0
el_salvador,1993,0
el_salvador,1994,0
el_salvador,1995,0
el_salvador,1996,0
el_salvador,1997,0
el_salvador,1998,0
el_salvador,1999,0
el_salvador,2000,0
el_salvador,2001,0
el_salvador,2002,0
el_salvador,2003,0
el_salvador,2004,0
el_salvador,2005,0
el_salvador,2006,0
el_salvador,2011,0
equatorial_guinea,1990,0
equatorial_guinea,1991,0.03744
equatorial_guinea,1992,0.07488
equatorial_guinea,1993,1.04233
equatorial_guinea,1994,1.07977
equatorial_guinea,1995,1.11721
equatorial_guinea,1996,2.82826
equatorial_guinea,1997,4.10167
equatorial_guinea,1998,5.32036
equatorial_guinea,1999,6.70318
equatorial_guinea,2000,8.03129
equatorial_guinea,2001,9.72494
equatorial_guinea,2002,10.81682
equatorial_guinea,2003,13.38578
equatorial_guinea,2004,16.28298
equatorial_guinea,2005,16.66367
equatorial_guinea,2006,16.73386
equatorial_guinea,2007,16.09286
equatorial_guinea,2008,16.16305
equatorial_guinea,2009,16.67089
equatorial_guinea,2010,16.46755
equatorial_guinea,2011,16.3225
equatorial_guinea,2012,15.08333
equatorial_guinea,2013,16.68889
eritrea,1994,0
eritrea,1995,0
eritrea,1996,0
eritrea,1997,0
eritrea,1998,0
eritrea,1999,0
eritrea,2000,0
eritrea,2001,0
eritrea,2002,0
eritrea,2003,0
eritrea,2004,0
eritrea,2005,0
eritrea,2006,0
eritrea,2011,0
estonia,1990,1.14782
estonia,1991,1.05047
estonia,1992,0.95313
estonia,1993,0.85578
estonia,1994,0.75844
estonia,1995,0.66109
estonia,1996,0.68266
estonia,1997,0.70423
estonia,1998,0.7258
estonia,1999,0.74738
estonia,2000,0.76895
estonia,2001,0.77471
estonia,2002,0.78048
estonia,2003,0.78624
estonia,2004,0.79201
estonia,2005,0.79777
estonia,2006,0.8085
estonia,2007,0.81922
estonia,2008,0.82995
estonia,2009,0.84067
estonia,2010,0.85139
estonia,2011,0.8349
estonia,2012,0.8184
estonia,2013,0.8019
ethiopia,1990,0
ethiopia,1991,0
ethiopia,1992,0
ethiopia,1993,0
ethiopia,1994,0
ethiopia,1995,0
ethiopia,1996,0
ethiopia,1997,0
ethiopia,1998,0
ethiopia,1999,0
ethiopia,2000,0
ethiopia,2001,0
ethiopia,2002,0
ethiopia,2003,0
ethiopia,2004,0
ethiopia,2005,0
ethiopia,2006,0
ethiopia,2011,0
european_union_15,1990,75.553
european_union_15,1991,78.42721
european_union_15,1992,71.50812
european_union_15,1993,73.14448
european_union_15,1994,72.71022
european_union_15,1995,68.14948
european_union_15,1996,65.70857
european_union_15,1997,62.05808
european_union_15,1998,59.12537
european_union_15,1999,59.04339
european_union_15,2000,55.22347
european_union_15,2001,52.51642
european_union_15,2002,49.86408
european_union_15,2003,46.99291
european_union_15,2004,44.50468
european_union_15,2005,41.96175
european_union_15,2006,40.49107
european_union_15,2007,37.72036
european_union_15,2008,36.42026
european_union_15,2009,34.79192
european_union_15,2010,33.38241
european_union_15,2011,33.04194
european_union_15,2012,33.35795
european_union_15,2013,33.1816
european_union_28,1990,134.14115
european_union_28,1991,135.10227
european_union_28,1992,126.27009
european_union_28,1993,125.99336
european_union_28,1994,123.64601
european_union_28,1995,117.17217
european_union_28,1996,113.29242
european_union_28,1997,108.20309
european_union_28,1998,103.83154
european_union_28,1999,102.31072
european_union_28,2000,97.05196
european_union_28,2001,93.95575
european_union_28,2002,90.895
european_union_28,2003,87.61399
european_union_28,2004,84.69993
european_union_28,2005,81.75851
european_union_28,2006,79.64043
european_union_28,2007,76.27503
european_union_28,2008,74.34713
european_union_28,2009,72.08946
european_union_28,2010,70.04394
european_union_28,2011,69.54756
european_union_28,2012,69.71852
european_union_28,2013,69.4043
fiji,1990,0
fiji,1991,0
fiji,1992,0
fiji,1993,0
fiji,1994,0
fiji,1995,0
fiji,1996,0
fiji,1997,0
fiji,1998,0
fiji,1999,0
fiji,2000,0
fiji,2001,0
fiji,2002,0
fiji,2003,0
fiji,2004,0
fiji,2005,0
fiji,2006,0
fiji,2011,0
finland,1990,0.01233
finland,1991,0.02598
finland,1992,0.03963
finland,1993,0.05328
finland,1994,0.06694
finland,1995,0.08059
finland,1996,0.07561
finland,1997,0.07062
finland,1998,0.06564
finland,1999,0.06066
finland,2000,0.05568
finland,2001,0.05751
finland,2002,0.05933
finland,2003,0.06116
finland,2004,0.06299
finland,2005,0.06482
finland,2006,0.06538
finland,2007,0.06593
finland,2008,0.06649
finland,2009,0.06704
finland,2010,0.0676
finland,2011,0.06731
finland,2012,0.06702
finland,2013,0.06674
france,1990,5.90469
france,1991,5.87791
france,1992,5.85114
france,1993,5.82436
france,1994,5.79758
france,1995,5.77081
france,1996,5.4179
france,1997,5.06499
france,1998,4.71208
france,1999,4.35917
france,2000,4.00626
france,2001,3.51228
france,2002,3.0183
france,2003,2.52432
france,2004,2.03035
france,2005,1.53637
france,2006,1.52663
france,2007,1.51689
france,2008,1.50714
france,2009,1.4974
france,2010,1.48766
france,2011,1.48632
france,2012,1.48497
france,2013,1.48363
gabon,1990,3.34832
gabon,1991,3.41533
gabon,1992,3.64647
gabon,1993,3.65877
gabon,1994,3.45226
gabon,1995,3.46456
gabon,1996,3.45806
gabon,1997,3.45155
gabon,1998,3.44504
gabon,1999,3.43853
gabon,2000,3.32261
gabon,2001,3.20694
gabon,2002,3.03656
gabon,2003,3.08501
gabon,2004,3.07875
gabon,2005,2.96308
gabon,2006,2.30452
gabon,2007,2.19303
gabon,2008,2.19096
gabon,2009,2.18888
gabon,2010,2.18681
gabon,2011,2.73628
gabon,2012,0.16746
gabon,2013,2.52225
gambia_the,1990,0
gambia_the,1991,0
gambia_the,1992,0
gambia_the,1993,0
gambia_the,1994,0
gambia_the,1995,0
gambia_the,1996,0
gambia_the,1997,0
gambia_the,1998,0
gambia_the,1999,0
gambia_the,2000,0
gambia_the,2001,0
gambia_the,2002,0
gambia_the,2003,0
gambia_the,2004,0
gambia_the,2005,0
gambia_the,2006,0
gambia_the,2011,0
georgia,1990,3.73534
georgia,1991,3.14661
georgia,1992,2.55789
georgia,1993,1.96916
georgia,1994,1.38044
georgia,1995,0.79171
georgia,1996,1.11003
georgia,1997,1.42834
georgia,1998,1.74666
georgia,1999,2.06497
georgia,2000,2.38329
georgia,2001,2.1463
georgia,2002,1.90931
georgia,2003,1.67233
georgia,2004,1.43534
georgia,2005,1.19835
georgia,2006,1.15616
georgia,2007,1.11397
georgia,2008,1.07178
georgia,2009,1.02959
georgia,2010,0.9874
georgia,2011,1.02295
georgia,2012,1.05849
georgia,2013,1.09404
germany,1990,26.03512
germany,1991,25.90981
germany,1992,24.52624
germany,1993,23.3615
germany,1994,22.96266
germany,1995,21.41497
germany,1996,20.75435
germany,1997,19.98433
germany,1998,19.32371
germany,1999,20.68724
germany,2000,19.97192
germany,2001,19.15511
germany,2002,18.28359
germany,2003,17.35736
germany,2004,16.32172
germany,2005,15.55962
germany,2006,15.0065
germany,2007,14.50809
germany,2008,13.95497
germany,2009,13.29244
germany,2010,12.5205
germany,2011,12.53695
germany,2012,12.27986
germany,2013,12.07749
ghana,1990,0
ghana,1991,0.03039
ghana,1992,0.06078
ghana,1993,0.09117
ghana,1994,0.12156
ghana,1995,0.15195
ghana,1996,0.17496
ghana,1997,0.19797
ghana,1998,0.22099
ghana,1999,0.244
ghana,2000,0.26701
ghana,2001,0.26901
ghana,2002,0.27102
ghana,2003,0.27302
ghana,2004,0.27502
ghana,2005,0.27703
ghana,2006,0.27668
ghana,2007,0.27634
ghana,2008,0.27599
ghana,2009,0.27565
ghana,2010,0.2753
ghana,2011,0.66029
ghana,2012,0.27938
ghana,2013,0.44554
greece,1990,1.18705
greece,1991,1.20705
greece,1992,1.22623
greece,1993,1.24048
greece,1994,1.25854
greece,1995,1.27559
greece,1996,1.31786
greece,1997,1.35786
greece,1998,1.40051
greece,1999,1.44315
greece,2000,1.4858
greece,2001,1.51055
greece,2002,1.5353
greece,2003,1.56005
greece,2004,1.58481
greece,2005,1.60956
greece,2006,1.58951
greece,2007,1.56947
greece,2008,1.54942
greece,2009,1.52938
greece,2010,1.50933
greece,2011,1.49787
greece,2012,1.48642
greece,2013,1.47496
grenada,1990,0
grenada,1991,0
grenada,1992,0
grenada,1993,0
grenada,1994,0
grenada,1995,0
grenada,1996,0
grenada,1997,0
grenada,1998,0
grenada,1999,0
grenada,2000,0
grenada,2001,0
grenada,2002,0
grenada,2003,0
grenada,2004,0
grenada,2005,0
grenada,2006,0
grenada,2011,0
guatemala,1990,0.00246
guatemala,1991,0.00315
guatemala,1992,0.00383
guatemala,1993,0.00452
guatemala,1994,0.00521
guatemala,1995,0.0059
guatemala,1996,0.0073
guatemala,1997,0.0087
guatemala,1998,0.0101
guatemala,1999,0.01149
guatemala,2000,0.01289
guatemala,2001,0.01247
guatemala,2002,0.01205
guatemala,2003,0.01163
guatemala,2004,0.01122
guatemala,2005,0.0108
guatemala,2006,0.01063
guatemala,2007,0.01046
guatemala,2008,0.01029
guatemala,2009,0.01013
guatemala,2010,0.00996
guatemala,2011,0.00985
guatemala,2012,0.00974
guatemala,2013,0.00963
guinea,1990,0
guinea,1991,0
guinea,1992,0
guinea,1993,0
guinea,1994,0
guinea,1995,0
guinea,1996,0
guinea,1997,0
guinea,1998,0
guinea,1999,0
guinea,2000,0
guinea,2001,0
guinea,2002,0
guinea,2003,0
guinea,2004,0
guinea,2005,0
guinea,2006,0
guinea,2011,0
guinea_bissau,1990,0
guinea_bissau,1991,0
guinea_bissau,1992,0
guinea_bissau,1993,0
guinea_bissau,1994,0
guinea_bissau,1995,0
guinea_bissau,1996,0
guinea_bissau,1997,0
guinea_bissau,1998,0
guinea_bissau,1999,0
guinea_bissau,2000,0
guinea_bissau,2001,0
guinea_bissau,2002,0
guinea_bissau,2003,0
guinea_bissau,2004,0
guinea_bissau,2005,0
guinea_bissau,2006,0
guinea_bissau,2011,0
guyana,1990,0
guyana,1991,0
guyana,1992,0
guyana,1993,0
guyana,1994,0
guyana,1995,0
guyana,1996,0
guyana,1997,0
guyana,1998,0
guyana,1999,0
guyana,2000,0
guyana,2001,0
guyana,2002,0
guyana,2003,0
guyana,2004,0
guyana,2005,0
guyana,2006,0
guyana,2011,0
haiti,1990,0
haiti,1991,0
haiti,1992,0
haiti,1993,0
haiti,1994,0
haiti,1995,0
haiti,1996,0
haiti,1997,0
haiti,1998,0
haiti,1999,0
haiti,2000,0
haiti,2001,0
haiti,2002,0
haiti,2003,0
haiti,2004,0
haiti,2005,0
haiti,2006,0
haiti,2011,0
honduras,1990,0
honduras,1991,0
honduras,1992,0
honduras,1993,0
honduras,1994,0
honduras,1995,0
honduras,1996,0
honduras,1997,0
honduras,1998,0
honduras,1999,0
honduras,2000,0
honduras,2001,0
honduras,2002,0
honduras,2003,0
honduras,2004,0
honduras,2005,0
honduras,2006,0
honduras,2011,0
hungary,1990,2.19956
hungary,1991,2.22184
hungary,1992,2.24411
hungary,1993,2.26638
hungary,1994,2.28865
hungary,1995,2.31092
hungary,1996,2.32169
hungary,1997,2.33245
hungary,1998,2.34322
hungary,1999,2.35399
hungary,2000,2.36475
hungary,2001,2.33454
hungary,2002,2.2824
hungary,2003,2.24136
hungary,2004,2.18278
hungary,2005,2.12565
hungary,2006,2.03392
hungary,2007,1.97889
hungary,2008,1.91546
hungary,2009,1.84728
hungary,2010,1.78061
hungary,2011,1.77307
hungary,2012,1.76554
hungary,2013,1.758
iceland,1990,0.00633
iceland,1991,0.00599
iceland,1992,0.00565
iceland,1993,0.00531
iceland,1994,0.00496
iceland,1995,0.00462
iceland,1996,0.00432
iceland,1997,0.00403
iceland,1998,0.00373
iceland,1999,0.00343
iceland,2000,0.00313
iceland,2001,0.00274
iceland,2002,0.00235
iceland,2003,0.00196
iceland,2004,0.00157
iceland,2005,0.00118
iceland,2006,0.00115
iceland,2007,0.00111
iceland,2008,0.00108
iceland,2009,0.00105
iceland,2010,0.00101
iceland,2011,0.00101
iceland,2012,0.00101
iceland,2013,0.00101
india,1990,33.01507
india,1991,35.11967
india,1992,34.21541
india,1993,30.19286
india,1994,29.94507
india,1995,31.99496
india,1996,31.48236
india,1997,31.95449
india,1998,32.31719
india,1999,32.73461
india,2000,33.15203
india,2001,30.56057
india,2002,30.97799
india,2003,32.43483
india,2004,32.41459
india,2005,32.7773
india,2006,33.57347
india,2007,34.64316
india,2008,35.71286
india,2009,37.00138
india,2010,38.01637
india,2011,38.81803
india,2012,38.03319
india,2013,40.47605
indonesia,1990,45.98189
indonesia,1991,49.21236
indonesia,1992,51.18457
indonesia,1993,53.04738
indonesia,1994,51.29954
indonesia,1995,52.50586
indonesia,1996,52.43531
indonesia,1997,52.20064
indonesia,1998,52.2942
indonesia,1999,51.89541
indonesia,2000,51.3872
indonesia,2001,50.4403
indonesia,2002,48.01633
indonesia,2003,47.6165
indonesia,2004,45.68488
indonesia,2005,44.35504
indonesia,2006,42.49083
indonesia,2007,42.049
indonesia,2008,43.24836
indonesia,2009,46.80012
indonesia,2010,43.78707
indonesia,2011,48.13213
indonesia,2012,39.18347
indonesia,2013,52.50042
iran,1990,28.48326
iran,1991,47.2951
iran,1992,49.03846
iran,1993,45.36585
iran,1994,47.05451
iran,1995,53.1744
iran,1996,54.41428
iran,1997,53.79413
iran,1998,52.84574
iran,1999,54.57798
iran,2000,55.43492
iran,2001,51.50546
iran,2002,54.74258
iran,2003,63.66919
iran,2004,65.59334
iran,2005,67.02514
iran,2006,74.48936
iran,2007,74.7323
iran,2008,77.21821
iran,2009,75.98407
iran,2010,77.70409
iran,2011,77.91911
iran,2012,47.389
iran,2013,77.7474
iraq,1990,86.77784
iraq,1991,68.67269
iraq,1992,56.36646
iraq,1993,45.15435
iraq,1994,33.99695
iraq,1995,22.83956
iraq,1996,37.82932
iraq,1997,53.63969
iraq,1998,69.17653
iraq,1999,84.43983
iraq,2000,99.42959
iraq,2001,94.19891
iraq,2002,88.96824
iraq,2003,83.79226
iraq,2004,78.28805
iraq,2005,85.53049
iraq,2006,89.71825
iraq,2007,93.68718
iraq,2008,96.01491
iraq,2009,102.28152
iraq,2010,107.89165
iraq,2011,114.18975
iraq,2012,121.96492
iraq,2013,125.80121
ireland,1990,0.13847
ireland,1991,0.13372
ireland,1992,0.12896
ireland,1993,0.1242
ireland,1994,0.11944
ireland,1995,0.11468
ireland,1996,0.10882
ireland,1997,0.10296
ireland,1998,0.0971
ireland,1999,0.09124
ireland,2000,0.08538
ireland,2001,0.07968
ireland,2002,0.07399
ireland,2003,0.06829
ireland,2004,0.0626
ireland,2005,0.0569
ireland,2006,0.05831
ireland,2007,0.05973
ireland,2008,0.06114
ireland,2009,0.06255
ireland,2010,0.06396
ireland,2011,0.06465
ireland,2012,0.06533
ireland,2013,0.06602
israel,1990,0.0424
israel,1991,0.0583
israel,1992,0.07419
israel,1993,0.09009
israel,1994,0.10598
israel,1995,0.12188
israel,1996,0.12557
israel,1997,0.12927
israel,1998,0.13297
israel,1999,0.13667
israel,2000,0.14036
israel,2001,0.19915
israel,2002,0.25794
israel,2003,0.31672
israel,2004,0.41025
israel,2005,0.46956
israel,2006,0.5051
israel,2007,0.52248
israel,2008,0.54013
israel,2009,0.55778
israel,2010,0.57626
israel,2011,0.59207
israel,2012,0.61001
israel,2013,0.62542
italy,1990,7.60278
italy,1991,7.52817
italy,1992,7.45355
italy,1993,7.37894
italy,1994,7.30433
italy,1995,7.22971
italy,1996,7.13172
italy,1997,7.03374
italy,1998,6.93575
italy,1999,6.83776
italy,2000,6.73978
italy,2001,6.60973
italy,2002,6.47969
italy,2003,6.34964
italy,2004,6.2196
italy,2005,6.08955
italy,2006,6.03981
italy,2007,5.99008
italy,2008,5.94034
italy,2009,5.89061
italy,2010,5.84087
italy,2011,5.82196
italy,2012,5.80305
italy,2013,5.78414
jamaica,1990,0.00042
jamaica,1991,0.00042
jamaica,1992,0.00042
jamaica,1993,0.00042
jamaica,1994,0.00042
jamaica,1995,0.00042
jamaica,1996,0.00042
jamaica,1997,0.00042
jamaica,1998,0.00042
jamaica,1999,0.00042
jamaica,2000,0.00042
jamaica,2001,0.00042
jamaica,2002,0.00042
jamaica,2003,0.00042
jamaica,2004,0.00042
jamaica,2005,0.00042
jamaica,2006,0.00048
jamaica,2007,0.00054
jamaica,2008,0.0006
jamaica,2009,0.00066
jamaica,2010,0.00072
jamaica,2011,0.00071
jamaica,2012,0.00071
jamaica,2013,0.0007
japan,1990,4.56847
japan,1991,4.38029
japan,1992,4.1921
japan,1993,4.00391
japan,1994,3.81572
japan,1995,3.62754
japan,1996,3.56236
japan,1997,3.49717
japan,1998,3.43199
japan,1999,3.36681
japan,2000,3.30163
japan,2001,3.20495
japan,2002,3.10827
japan,2003,3.01158
japan,2004,2.9149
japan,2005,2.81822
japan,2006,2.7955
japan,2007,2.77278
japan,2008,2.75006
japan,2009,2.72734
japan,2010,2.70462
japan,2011,2.70941
japan,2012,2.7142
japan,2013,2.71899
jordan,1990,0.05984
jordan,1991,0.06974
jordan,1992,0.07964
jordan,1993,0.08954
jordan,1994,0.09945
jordan,1995,0.10935
jordan,1996,0.10652
jordan,1997,0.1037
jordan,1998,0.10088
jordan,1999,0.09806
jordan,2000,0.09523
jordan,2001,0.09547
jordan,2002,0.09571
jordan,2003,0.09594
jordan,2004,0.09618
jordan,2005,0.09642
jordan,2006,0.10836
jordan,2007,0.12029
jordan,2008,0.13223
jordan,2009,0.14416
jordan,2010,0.1561
jordan,2011,0.1612
jordan,2012,0.1663
jordan,2013,0.1714
kazakhstan,1990,46.85963
kazakhstan,1991,43.57658
kazakhstan,1992,38.98396
kazakhstan,1993,34.68371
kazakhstan,1994,30.82111
kazakhstan,1995,27.12264
kazakhstan,1996,26.21992
kazakhstan,1997,25.09838
kazakhstan,1998,25.12567
kazakhstan,1999,24.49649
kazakhstan,2000,23.8126
kazakhstan,2001,23.99035
kazakhstan,2002,23.56632
kazakhstan,2003,23.36112
kazakhstan,2004,25.89126
kazakhstan,2005,27.98374
kazakhstan,2006,30.32545
kazakhstan,2007,25.71942
kazakhstan,2008,26.91229
kazakhstan,2009,28.10516
kazakhstan,2010,29.29803
kazakhstan,2011,34.56159
kazakhstan,2012,30.52501
kazakhstan,2013,35.29621
kenya,1990,0.0189
kenya,1991,0.0189
kenya,1992,0.0189
kenya,1993,0.0189
kenya,1994,0.0189
kenya,1995,0.0189
kenya,1996,0.0189
kenya,1997,0.0189
kenya,1998,0.0189
kenya,1999,0.0189
kenya,2000,0.0189
kenya,2001,0.0189
kenya,2002,0.0189
kenya,2003,0.0189
kenya,2004,0.0189
kenya,2005,0.0189
kenya,2006,0.02287
kenya,2007,0.02684
kenya,2008,0.03081
kenya,2009,0.03477
kenya,2010,0.03874
kenya,2011,0.03903
kenya,2012,0.03932
kenya,2013,0.0396
kiribati,1990,0
kiribati,1991,0
kiribati,1992,0
kiribati,1993,0
kiribati,1994,0
kiribati,1995,0
kiribati,1996,0
kiribati,1997,0
kiribati,1998,0
kiribati,1999,0
kiribati,2000,0
kiribati,2001,0
kiribati,2002,0
kiribati,2003,0
kiribati,2004,0
kiribati,2005,0
kiribati,2006,0
kiribati,2011,0
korea_dem_rep_north,1990,12.74608
korea_dem_rep_north,1991,11.92196
korea_dem_rep_north,1992,11.09783
korea_dem_rep_north,1993,10.2737
korea_dem_rep_north,1994,9.44958
korea_dem_rep_north,1995,8.62545
korea_dem_rep_north,1996,8.54024
korea_dem_rep_north,1997,8.45503
korea_dem_rep_north,1998,8.36982
korea_dem_rep_north,1999,8.28461
korea_dem_rep_north,2000,8.1994
korea_dem_rep_north,2001,8.46282
korea_dem_rep_north,2002,8.72624
korea_dem_rep_north,2003,8.98966
korea_dem_rep_north,2004,9.25308
korea_dem_rep_north,2005,9.51649
korea_dem_rep_north,2006,9.82437
korea_dem_rep_north,2007,10.13226
korea_dem_rep_north,2008,10.44014
korea_dem_rep_north,2009,10.74802
korea_dem_rep_north,2010,11.0559
korea_dem_rep_north,2011,11.26674
korea_dem_rep_north,2012,11.47757
korea_dem_rep_north,2013,11.68841
korea_rep_south,1990,5.476
korea_rep_south,1991,5.12308
korea_rep_south,1992,4.77016
korea_rep_south,1993,4.41725
korea_rep_south,1994,4.06433
korea_rep_south,1995,3.71141
korea_rep_south,1996,3.9154
korea_rep_south,1997,4.11938
korea_rep_south,1998,4.32337
korea_rep_south,1999,4.52736
korea_rep_south,2000,4.73134
korea_rep_south,2001,5.15028
korea_rep_south,2002,5.56922
korea_rep_south,2003,5.98815
korea_rep_south,2004,6.40709
korea_rep_south,2005,6.82602
korea_rep_south,2006,7.23786
korea_rep_south,2007,7.64969
korea_rep_south,2008,8.06153
korea_rep_south,2009,8.47336
korea_rep_south,2010,8.8852
korea_rep_south,2011,9.05414
korea_rep_south,2012,9.22309
korea_rep_south,2013,9.39203
kuwait,1990,49.32195
kuwait,1991,83.12757
kuwait,1992,62.82829
kuwait,1993,69.77294
kuwait,1994,76.71758
kuwait,1995,83.66223
kuwait,1996,84.21169
kuwait,1997,84.76116
kuwait,1998,85.31062
kuwait,1999,85.86009
kuwait,2000,86.40955
kuwait,2001,90.00234
kuwait,2002,94.14219
kuwait,2003,98.61029
kuwait,2004,102.09366
kuwait,2005,105.74115
kuwait,2006,105.97685
kuwait,2007,105.22782
kuwait,2008,105.57293
kuwait,2009,105.97275
kuwait,2010,106.37256
kuwait,2011,106.5579
kuwait,2012,106.3603
kuwait,2013,106.92858
kyrgyzstan,1990,1.41097
kyrgyzstan,1991,1.22341
kyrgyzstan,1992,1.03585
kyrgyzstan,1993,0.84829
kyrgyzstan,1994,0.66073
kyrgyzstan,1995,0.47317
kyrgyzstan,1996,0.44904
kyrgyzstan,1997,0.42491
kyrgyzstan,1998,0.40077
kyrgyzstan,1999,0.37664
kyrgyzstan,2000,0.35251
kyrgyzstan,2001,0.35694
kyrgyzstan,2002,0.36137
kyrgyzstan,2003,0.3658
kyrgyzstan,2004,0.37023
kyrgyzstan,2005,0.37466
kyrgyzstan,2006,0.36005
kyrgyzstan,2007,0.34543
kyrgyzstan,2008,0.33081
kyrgyzstan,2009,0.3162
kyrgyzstan,2010,0.30158
kyrgyzstan,2011,0.31326
kyrgyzstan,2012,0.32493
kyrgyzstan,2013,0.33661
laos,1990,0.00029
laos,1991,0.00029
laos,1992,0.00029
laos,1993,0.00029
laos,1994,0.00029
laos,1995,0.00029
laos,1996,0.01407
laos,1997,0.02786
laos,1998,0.04164
laos,1999,0.05543
laos,2000,0.06921
laos,2001,0.07384
laos,2002,0.07848
laos,2003,0.08311
laos,2004,0.08775
laos,2005,0.09238
laos,2006,0.09402
laos,2007,0.09566
laos,2008,0.0973
laos,2009,0.09894
laos,2010,0.10058
laos,2011,0.1025
laos,2012,0.10441
laos,2013,0.10633
latvia,1990,0.27405
latvia,1991,0.26305
latvia,1992,0.25204
latvia,1993,0.24104
latvia,1994,0.23003
latvia,1995,0.21903
latvia,1996,0.20857
latvia,1997,0.19811
latvia,1998,0.18766
latvia,1999,0.1772
latvia,2000,0.16674
latvia,2001,0.16256
latvia,2002,0.15837
latvia,2003,0.15419
latvia,2004,0.15001
latvia,2005,0.14582
latvia,2006,0.14782
latvia,2007,0.14981
latvia,2008,0.15181
latvia,2009,0.15381
latvia,2010,0.1558
latvia,2011,0.1597
latvia,2012,0.16359
latvia,2013,0.16749
lebanon,1990,0.01218
lebanon,1991,0.00974
lebanon,1992,0.00731
lebanon,1993,0.00487
lebanon,1994,0.00244
lebanon,1995,0
lebanon,1996,0
lebanon,1997,0
lebanon,1998,0
lebanon,1999,0
lebanon,2000,0
lebanon,2001,0
lebanon,2002,0
lebanon,2003,0
lebanon,2004,0
lebanon,2005,0
lebanon,2006,0
lebanon,2011,0
lesotho,1990,0
lesotho,1991,0
lesotho,1992,0
lesotho,1993,0
lesotho,1994,0
lesotho,1995,0
lesotho,1996,0
lesotho,1997,0
lesotho,1998,0
lesotho,1999,0
lesotho,2000,0
lesotho,2001,0
lesotho,2002,0
lesotho,2003,0
lesotho,2004,0
lesotho,2005,0
lesotho,2006,0
lesotho,2011,0
liberia,1990,0
liberia,1991,0
liberia,1992,0
liberia,1993,0
liberia,1994,0
liberia,1995,0
liberia,1996,0
liberia,1997,0
liberia,1998,0
liberia,1999,0
liberia,2000,0
liberia,2001,0
liberia,2002,0
liberia,2003,0
liberia,2004,0
liberia,2005,0
liberia,2006,0
liberia,2011,0
libya,1990,63.7387
libya,1991,61.44014
libya,1992,58.86805
libya,1993,58.26539
libya,1994,58.48334
libya,1995,58.64658
libya,1996,58.99582
libya,1997,59.39977
libya,1998,59.63961
libya,1999,58.94943
libya,2000,58.80631
libya,2001,61.52446
libya,2002,63.69555
libya,2003,64.7725
libya,2004,67.21712
libya,2005,72.34236
libya,2006,74.98208
libya,2007,76.9106
libya,2008,80.69916
libya,2009,81.42414
libya,2010,83.73561
libya,2011,78.34708
libya,2012,81.87572
libya,2013,79.27723
lithuania,1990,0.14939
lithuania,1991,0.15582
lithuania,1992,0.16224
lithuania,1993,0.16867
lithuania,1994,0.1751
lithuania,1995,0.18153
lithuania,1996,0.19007
lithuania,1997,0.1986
lithuania,1998,0.20713
lithuania,1999,0.21567
lithuania,2000,0.2242
lithuania,2001,0.22847
lithuania,2002,0.23273
lithuania,2003,0.237
lithuania,2004,0.24127
lithuania,2005,0.24554
lithuania,2006,0.23985
lithuania,2007,0.23417
lithuania,2008,0.22848
lithuania,2009,0.2228
lithuania,2010,0.21712
lithuania,2011,0.21262
lithuania,2012,0.20812
lithuania,2013,0.20362
luxembourg,1990,0.01626
luxembourg,1991,0.01721
luxembourg,1992,0.01815
luxembourg,1993,0.0191
luxembourg,1994,0.02004
luxembourg,1995,0.02098
luxembourg,1996,0.02181
luxembourg,1997,0.02265
luxembourg,1998,0.02348
luxembourg,1999,0.02431
luxembourg,2000,0.02514
luxembourg,2001,0.02898
luxembourg,2002,0.03282
luxembourg,2003,0.03666
luxembourg,2004,0.04051
luxembourg,2005,0.04435
luxembourg,2006,0.04535
luxembourg,2007,0.04636
luxembourg,2008,0.04736
luxembourg,2009,0.04837
luxembourg,2010,0.04937
luxembourg,2011,0.0499
luxembourg,2012,0.05044
luxembourg,2013,0.05097
macedonia_fyr,1990,0.15104
macedonia_fyr,1991,0.15154
macedonia_fyr,1992,0.15205
macedonia_fyr,1993,0.15255
macedonia_fyr,1994,0.15305
macedonia_fyr,1995,0.15355
macedonia_fyr,1996,0.15906
macedonia_fyr,1997,0.16456
macedonia_fyr,1998,0.17007
macedonia_fyr,1999,0.17557
macedonia_fyr,2000,0.18108
macedonia_fyr,2001,0.18001
macedonia_fyr,2002,0.17894
macedonia_fyr,2003,0.17788
macedonia_fyr,2004,0.17681
macedonia_fyr,2005,0.17575
macedonia_fyr,2006,0.16858
macedonia_fyr,2007,0.16142
macedonia_fyr,2008,0.15426
macedonia_fyr,2009,0.1471
macedonia_fyr,2010,0.13994
macedonia_fyr,2011,0.14294
macedonia_fyr,2012,0.14594
macedonia_fyr,2013,0.14894
madagascar,1990,0
madagascar,1991,0
madagascar,1992,0
madagascar,1993,0
madagascar,1994,0
madagascar,1995,0
madagascar,1996,0.00052
madagascar,1997,0.00104
madagascar,1998,0.00155
madagascar,1999,0.00207
madagascar,2000,0.00259
madagascar,2001,0.0027
madagascar,2002,0.00282
madagascar,2003,0.00294
madagascar,2004,0.00305
madagascar,2005,0.00317
madagascar,2006,0.00253
madagascar,2007,0.0019
madagascar,2008,0.00127
madagascar,2009,0.00063
madagascar,2011,0
malawi,1990,0.01722
malawi,1991,0.01734
malawi,1992,0.01746
malawi,1993,0.01758
malawi,1994,0.0177
malawi,1995,0.01781
malawi,1996,0.01875
malawi,1997,0.01969
malawi,1998,0.02062
malawi,1999,0.02156
malawi,2000,0.0225
malawi,2001,0.02059
malawi,2002,0.01869
malawi,2003,0.01679
malawi,2004,0.01488
malawi,2005,0.01298
malawi,2006,0.0134
malawi,2007,0.01382
malawi,2008,0.01424
malawi,2009,0.01467
malawi,2010,0.01509
malawi,2011,0.01526
malawi,2012,0.01543
malawi,2013,0.0156
malaysia,1990,13.82908
malaysia,1991,11.08042
malaysia,1992,14.3495
malaysia,1993,12.25732
malaysia,1994,12.84577
malaysia,1995,13.43421
malaysia,1996,14.17732
malaysia,1997,14.92043
malaysia,1998,15.66354
malaysia,1999,16.40665
malaysia,2000,17.14975
malaysia,2001,17.50622
malaysia,2002,20.5433
malaysia,2003,21.50154
malaysia,2004,21.69388
malaysia,2005,21.88622
malaysia,2006,21.70503
malaysia,2007,21.41442
malaysia,2008,21.45206
malaysia,2009,22.36499
malaysia,2010,21.30849
malaysia,2011,21.87207
malaysia,2012,19.80973
malaysia,2013,22.45216
maldives,1990,0
maldives,1991,0
maldives,1992,0
maldives,1993,0
maldives,1994,0
maldives,1995,0
maldives,1996,0
maldives,1997,0
maldives,1998,0
maldives,1999,0
maldives,2000,0
maldives,2001,0
maldives,2002,0
maldives,2003,0
maldives,2004,0
maldives,2005,0
maldives,2006,0
maldives,2011,0
mali,1990,0
mali,1991,0
mali,1992,0
mali,1993,0
mali,1994,0
mali,1995,0
mali,1996,0
mali,1997,0
mali,1998,0
mali,1999,0
mali,2000,0
mali,2001,0
mali,2002,0
mali,2003,0
mali,2004,0
mali,2005,0
mali,2006,0
mali,2011,0
malta,1990,0
malta,1991,0
malta,1992,0
malta,1993,0
malta,1994,0
malta,1995,0
malta,1996,0
malta,1997,0
malta,1998,0
malta,1999,0
malta,2000,0
malta,2001,0
malta,2002,0
malta,2003,0
malta,2004,0
malta,2005,0
malta,2006,0
malta,2007,0
malta,2008,0
malta,2009,0
malta,2010,0
malta,2011,0
malta,2012,0
malta,2013,0
mauritania,1990,0.00439
mauritania,1991,0.00351
mauritania,1992,0.00263
mauritania,1993,0.00176
mauritania,1994,0.00088
mauritania,1995,0
mauritania,1996,0
mauritania,1997,0
mauritania,1998,0
mauritania,1999,0
mauritania,2000,0
mauritania,2001,0
mauritania,2002,0
mauritania,2003,0
mauritania,2004,0
mauritania,2005,0
mauritania,2006,0.11657
mauritania,2007,0.23315
mauritania,2008,0.34972
mauritania,2009,0.46629
mauritania,2010,0.58286
mauritania,2011,0.58718
mauritania,2012,0.5915
mauritania,2013,0.59582
mauritius,1990,0
mauritius,1991,0
mauritius,1992,0
mauritius,1993,0
mauritius,1994,0
mauritius,1995,0
mauritius,1996,0
mauritius,1997,0
mauritius,1998,0
mauritius,1999,0
mauritius,2000,0
mauritius,2001,0
mauritius,2002,0
mauritius,2003,0
mauritius,2004,0
mauritius,2005,0
mauritius,2006,0
mauritius,2011,0
mexico,1990,31.83789
mexico,1991,32.54903
mexico,1992,33.26017
mexico,1993,36.81606
mexico,1994,37.47249
mexico,1995,39.5513
mexico,1996,45.34461
mexico,1997,50.53615
mexico,1998,52.49999
mexico,1999,49.75906
mexico,2000,50.19112
mexico,2001,49.1236
mexico,2002,48.11079
mexico,2003,48.79389
mexico,2004,46.85107
mexico,2005,48.40947
mexico,2006,48.21843
mexico,2007,51.36449
mexico,2008,63.64656
mexico,2009,56.23424
mexico,2010,47.0713
mexico,2011,41.06588
mexico,2012,35.88105
mexico,2013,34.5257
moldova,1990,0.78775
moldova,1991,0.74807
moldova,1992,0.70839
moldova,1993,0.66871
moldova,1994,0.62904
moldova,1995,0.58936
moldova,1996,0.5768
moldova,1997,0.56424
moldova,1998,0.55167
moldova,1999,0.53911
moldova,2000,0.52655
moldova,2001,0.55647
moldova,2002,0.58639
moldova,2003,0.61631
moldova,2004,0.64624
moldova,2005,0.67616
moldova,2006,0.71254
moldova,2007,0.74891
moldova,2008,0.78529
moldova,2009,0.82167
moldova,2010,0.85805
moldova,2011,0.87847
moldova,2012,0.89889
moldova,2013,0.91932
mongolia,1990,0.1953
mongolia,1991,0.17556
mongolia,1992,0.15582
mongolia,1993,0.13608
mongolia,1994,0.11634
mongolia,1995,0.0966
mongolia,1996,0.09642
mongolia,1997,0.09625
mongolia,1998,0.09607
mongolia,1999,0.0959
mongolia,2000,0.09572
mongolia,2001,0.10665
mongolia,2002,0.11758
mongolia,2003,0.1285
mongolia,2004,0.13943
mongolia,2005,0.15036
mongolia,2006,0.15953
mongolia,2007,0.16871
mongolia,2008,0.17788
mongolia,2009,0.18705
mongolia,2010,0.19623
mongolia,2011,0.19997
mongolia,2012,0.20371
mongolia,2013,0.20746
montenegro,2006,0.00546
montenegro,2007,0.01092
montenegro,2008,0.01638
montenegro,2009,0.02184
montenegro,2010,0.0273
montenegro,2011,0.02754
montenegro,2012,0.02778
montenegro,2013,0.02802
morocco,1990,1.12054
morocco,1991,1.13485
morocco,1992,1.14916
morocco,1993,1.16346
morocco,1994,1.17777
morocco,1995,1.19208
morocco,1996,1.12066
morocco,1997,1.04924
morocco,1998,0.97783
morocco,1999,0.90641
morocco,2000,0.83499
morocco,2001,0.83211
morocco,2002,0.82922
morocco,2003,0.82634
morocco,2004,0.82346
morocco,2005,0.82057
morocco,2006,0.82277
morocco,2007,0.82497
morocco,2008,0.82716
morocco,2009,0.82936
morocco,2010,0.83156
morocco,2011,0.84169
morocco,2012,0.85181
morocco,2013,0.86194
mozambique,1990,0.00063
mozambique,1991,0.00058
mozambique,1992,0.00054
mozambique,1993,0.00049
mozambique,1994,0.00045
mozambique,1995,0.0004
mozambique,1996,0.00421
mozambique,1997,0.00802
mozambique,1998,0.01183
mozambique,1999,0.01565
mozambique,2000,0.01946
mozambique,2001,0.02843
mozambique,2002,0.03741
mozambique,2003,0.04638
mozambique,2004,0.05536
mozambique,2005,0.06433
mozambique,2006,0.16038
mozambique,2007,0.25642
mozambique,2008,0.35247
mozambique,2009,0.44851
mozambique,2010,0.54456
mozambique,2011,0.56827
mozambique,2012,0.59197
mozambique,2013,0.61568
myanmar,1990,0.99449
myanmar,1991,1.00074
myanmar,1992,0.90507
myanmar,1993,0.90384
myanmar,1994,0.91009
myanmar,1995,0.91634
myanmar,1996,1.05647
myanmar,1997,1.1966
myanmar,1998,1.33674
myanmar,1999,1.80511
myanmar,2000,1.78112
myanmar,2001,2.40092
myanmar,2002,3.02073
myanmar,2003,3.85937
myanmar,2004,4.47918
myanmar,2005,5.09898
myanmar,2006,5.06604
myanmar,2007,5.03309
myanmar,2008,5.10956
myanmar,2009,5.18602
myanmar,2010,5.26249
myanmar,2011,5.51476
myanmar,2012,5.38408
myanmar,2013,5.52694
namibia,1990,0
namibia,1991,0
namibia,1992,0
namibia,1993,0
namibia,1994,0
namibia,1995,0
namibia,1996,0
namibia,1997,0
namibia,1998,0
namibia,1999,0
namibia,2000,0
namibia,2001,0
namibia,2002,0
namibia,2003,0
namibia,2004,0
namibia,2005,0
namibia,2006,0
namibia,2011,0
nauru,1990,0
nauru,1991,0
nauru,1992,0
nauru,1993,0
nauru,1994,0
nauru,1995,0
nauru,1996,0
nauru,1997,0
nauru,1998,0
nauru,1999,0
nauru,2000,0
nauru,2001,0
nauru,2002,0
nauru,2003,0
nauru,2004,0
nauru,2005,0
nauru,2006,0
nauru,2011,0
nepal,1990,0
nepal,1991,0.00035
nepal,1992,0.00069
nepal,1993,0.00104
nepal,1994,0.00138
nepal,1995,0.00173
nepal,1996,0.00237
nepal,1997,0.003
nepal,1998,0.00363
nepal,1999,0.00427
nepal,2000,0.0049
nepal,2001,0.00444
nepal,2002,0.00398
nepal,2003,0.00352
nepal,2004,0.00306
nepal,2005,0.0026
nepal,2006,0.00282
nepal,2007,0.00304
nepal,2008,0.00326
nepal,2009,0.00349
nepal,2010,0.00371
nepal,2011,0.00378
nepal,2012,0.00385
nepal,2013,0.00392
netherlands,1990,1.80726
netherlands,1991,1.8058
netherlands,1992,1.85904
netherlands,1993,1.91229
netherlands,1994,1.91083
netherlands,1995,1.96408
netherlands,1996,1.85368
netherlands,1997,1.52445
netherlands,1998,1.35935
netherlands,1999,1.19424
netherlands,2000,1.02914
netherlands,2001,1.1284
netherlands,2002,0.89942
netherlands,2003,0.88926
netherlands,2004,0.8244
netherlands,2005,0.81425
netherlands,2006,0.8044
netherlands,2007,0.86219
netherlands,2008,0.91352
netherlands,2009,0.80072
netherlands,2010,0.79734
netherlands,2011,0.85187
netherlands,2012,0.79699
netherlands,2013,0.79681
new_zealand,1990,0.88211
new_zealand,1991,0.87496
new_zealand,1992,0.86781
new_zealand,1993,0.75125
new_zealand,1994,0.7988
new_zealand,1995,0.79166
new_zealand,1996,0.89795
new_zealand,1997,1.00425
new_zealand,1998,1.05585
new_zealand,1999,1.05273
new_zealand,2000,1.04962
new_zealand,2001,1.06341
new_zealand,2002,0.96779
new_zealand,2003,0.92441
new_zealand,2004,0.87365
new_zealand,2005,0.82768
new_zealand,2006,0.88641
new_zealand,2007,1.06688
new_zealand,2008,1.28721
new_zealand,2009,1.34342
new_zealand,2010,1.39963
new_zealand,2011,1.41451
new_zealand,2012,1.31998
new_zealand,2013,1.22546
nicaragua,1990,0
nicaragua,1991,0
nicaragua,1992,0
nicaragua,1993,0
nicaragua,1994,0
nicaragua,1995,0
nicaragua,1996,0
nicaragua,1997,0
nicaragua,1998,0
nicaragua,1999,0
nicaragua,2000,0
nicaragua,2001,0
nicaragua,2002,0
nicaragua,2003,0
nicaragua,2004,0
nicaragua,2005,0
nicaragua,2006,0
nicaragua,2011,0
niger,1990,0.04961
niger,1991,0.04967
niger,1992,0.04973
niger,1993,0.04978
niger,1994,0.04984
niger,1995,0.0499
niger,1996,0.04903
niger,1997,0.04817
niger,1998,0.0473
niger,1999,0.04644
niger,2000,0.04557
niger,2001,0.04696
niger,2002,0.04834
niger,2003,0.04973
niger,2004,0.05111
niger,2005,0.0525
niger,2006,0.05286
niger,2007,0.05322
niger,2008,0.05359
niger,2009,0.05395
niger,2010,0.05432
niger,2011,0.05493
niger,2012,0.05554
niger,2013,0.05616
nigeria,1990,65.92847
nigeria,1991,67.60801
nigeria,1992,70.4911
nigeria,1993,70.85769
nigeria,1994,71.66193
nigeria,1995,69.18377
nigeria,1996,71.3633
nigeria,1997,62.92975
nigeria,1998,59.96686
nigeria,1999,56.4022
nigeria,2000,53.54872
nigeria,2001,58.49113
nigeria,2002,59.22113
nigeria,2003,59.787
nigeria,2004,61.06407
nigeria,2005,69.453
nigeria,2006,67.82118
nigeria,2007,68.48704
nigeria,2008,62.25985
nigeria,2009,53.40675
nigeria,2010,56.75324
nigeria,2011,59.32709
nigeria,2012,53.74964
nigeria,2013,53.25992
niue,1990,0
niue,1991,0
niue,1992,0
niue,1993,0
niue,1994,0
niue,1995,0
niue,1996,0
niue,1997,0
niue,1998,0
niue,1999,0
niue,2000,0
niue,2001,0
niue,2002,0
niue,2003,0
niue,2004,0
niue,2005,0
niue,2006,0
niue,2011,0
norway,1990,1.4746
norway,1991,1.13997
norway,1992,1.40711
norway,1993,1.18189
norway,1994,1.28491
norway,1995,1.44264
norway,1996,1.47022
norway,1997,1.44309
norway,1998,1.58008
norway,1999,1.99061
norway,2000,2.0729
norway,2001,1.79366
norway,2002,1.84266
norway,2003,1.89167
norway,2004,1.88596
norway,2005,1.82555
norway,2006,1.79338
norway,2007,1.7612
norway,2008,1.5649
norway,2009,1.53272
norway,2010,1.66467
norway,2011,1.76182
norway,2012,0.54602
norway,2013,1.08082
oman,1990,28.17801
oman,1991,29.77322
oman,1992,30.65724
oman,1993,31.92421
oman,1994,32.97235
oman,1995,33.91108
oman,1996,34.9917
oman,1997,37.49469
oman,1998,38.35648
oman,1999,40.47652
oman,2000,40.79124
oman,2001,40.05991
oman,2002,39.10975
oman,2003,38.10488
oman,2004,37.26414
oman,2005,36.69693
oman,2006,37.5025
oman,2007,37.48748
oman,2008,37.52717
oman,2009,37.67627
oman,2010,37.44242
oman,2011,37.47258
oman,2012,36.51801
oman,2013,39.88528
pakistan,1990,6.81232
pakistan,1991,5.01772
pakistan,1992,5.24727
pakistan,1993,5.47681
pakistan,1994,5.70636
pakistan,1995,5.9359
pakistan,1996,6.1964
pakistan,1997,6.4569
pakistan,1998,6.71739
pakistan,1999,6.97789
pakistan,2000,7.23838
pakistan,2001,7.67749
pakistan,2002,8.1166
pakistan,2003,8.55571
pakistan,2004,8.99481
pakistan,2005,9.43392
pakistan,2006,9.78087
pakistan,2007,10.12782
pakistan,2008,10.47477
pakistan,2009,10.82172
pakistan,2010,11.16868
pakistan,2011,11.50718
pakistan,2012,11.84568
pakistan,2013,12.34831
panama,1990,0.00105
panama,1991,0.00105
panama,1992,0.00105
panama,1993,0.00105
panama,1994,0.00105
panama,1995,0.00105
panama,1996,0.00105
panama,1997,0.00105
panama,1998,0.00105
panama,1999,0.00105
panama,2000,0.00105
panama,2001,0.00105
panama,2002,0.00105
panama,2003,0.00105
panama,2004,0.00105
panama,2005,0.00105
panama,2006,0.00084
panama,2007,0.00063
panama,2008,0.00042
panama,2009,0.00021
panama,2011,0
papua_new_guinea,1990,0
papua_new_guinea,1991,0.75539
papua_new_guinea,1992,1.51078
papua_new_guinea,1993,2.26617
papua_new_guinea,1994,3.02155
papua_new_guinea,1995,3.77694
papua_new_guinea,1996,3.55341
papua_new_guinea,1997,3.32988
papua_new_guinea,1998,3.10635
papua_new_guinea,1999,2.88282
papua_new_guinea,2000,2.65929
papua_new_guinea,2001,2.43565
papua_new_guinea,2002,2.21201
papua_new_guinea,2003,1.98838
papua_new_guinea,2004,1.76474
papua_new_guinea,2005,1.5411
papua_new_guinea,2006,1.55939
papua_new_guinea,2007,1.57768
papua_new_guinea,2008,1.59596
papua_new_guinea,2009,1.61425
papua_new_guinea,2010,1.63254
papua_new_guinea,2011,1.6453
papua_new_guinea,2012,1.65807
papua_new_guinea,2013,1.67083
paraguay,1990,0.00391
paraguay,1991,0.00313
paraguay,1992,0.00234
paraguay,1993,0.00156
paraguay,1994,0.00078
paraguay,1995,0
paraguay,1996,0
paraguay,1997,0
paraguay,1998,0
paraguay,1999,0
paraguay,2000,0
paraguay,2001,0.0002
paraguay,2002,0.0004
paraguay,2003,0.00061
paraguay,2004,0.00081
paraguay,2005,0.00101
paraguay,2006,0.00104
paraguay,2007,0.00107
paraguay,2008,0.0011
paraguay,2009,0.00113
paraguay,2010,0.00116
paraguay,2011,0.00115
paraguay,2012,0.00113
paraguay,2013,0.00112
peru,1990,0.65838
peru,1991,0.39237
peru,1992,0.56402
peru,1993,0.57155
peru,1994,0.57908
peru,1995,0.58661
peru,1996,0.57337
peru,1997,0.88837
peru,1998,0.6016
peru,1999,0.64307
peru,2000,0.68453
peru,2001,0.7114
peru,2002,0.73827
peru,2003,0.81985
peru,2004,1.06555
peru,2005,1.09242
peru,2006,1.15801
peru,2007,1.16889
peru,2008,1.12507
peru,2009,1.30008
peru,2010,1.31096
peru,2011,0.92529
peru,2012,0.59433
peru,2013,0.81043
philippines,1990,0.19202
philippines,1991,0.19326
philippines,1992,0.1945
philippines,1993,0.19573
philippines,1994,0.19697
philippines,1995,0.19821
philippines,1996,0.19907
philippines,1997,0.19993
philippines,1998,0.20079
philippines,1999,0.20165
philippines,2000,0.20251
philippines,2001,0.43631
philippines,2002,0.88894
philippines,2003,0.7945
philippines,2004,0.86419
philippines,2005,0.93387
philippines,2006,0.92169
philippines,2007,0.90951
philippines,2008,0.89734
philippines,2009,0.88516
philippines,2010,0.87298
philippines,2011,1.1013
philippines,2012,0.94667
philippines,2013,0.95616
poland,1990,16.20316
poland,1991,16.1164
poland,1992,16.02965
poland,1993,15.9429
poland,1994,15.85615
poland,1995,15.76939
poland,1996,15.52021
poland,1997,15.27102
poland,1998,15.02183
poland,1999,14.77265
poland,2000,14.52346
poland,2001,14.40427
poland,2002,14.28508
poland,2003,14.16589
poland,2004,14.0467
poland,2005,13.96111
poland,2006,13.5888
poland,2007,13.22083
poland,2008,12.85683
poland,2009,12.48532
poland,2010,12.11105
poland,2011,12.09202
poland,2012,12.07252
poland,2013,12.072
portugal,1990,0.11893
portugal,1991,0.10793
portugal,1992,0.09692
portugal,1993,0.08592
portugal,1994,0.07491
portugal,1995,0.0639
portugal,1996,0.09268
portugal,1997,0.12146
portugal,1998,0.15023
portugal,1999,0.17901
portugal,2000,0.20779
portugal,2001,0.20174
portugal,2002,0.1957
portugal,2003,0.18966
portugal,2004,0.18361
portugal,2005,0.17757
portugal,2006,0.18132
portugal,2007,0.18506
portugal,2008,0.18881
portugal,2009,0.19256
portugal,2010,0.1963
portugal,2011,0.19592
portugal,2012,0.19554
portugal,2013,0.19515
qatar,1990,0.3836
qatar,1991,1.05971
qatar,1992,0.42287
qatar,1993,0.44251
qatar,1994,0.46214
qatar,1995,0.48178
qatar,1996,0.56659
qatar,1997,0.65141
qatar,1998,0.73623
qatar,1999,0.82105
qatar,2000,0.90586
qatar,2001,1.5219
qatar,2002,1.59087
qatar,2003,1.65984
qatar,2004,1.72882
qatar,2005,8.80024
qatar,2006,7.28902
qatar,2007,7.58311
qatar,2008,8.42428
qatar,2009,9.21073
qatar,2010,7.04303
qatar,2011,2.82449
qatar,2012,3.20131
qatar,2013,3.35931
romania,1990,25.10533
romania,1991,23.79634
romania,1992,22.48736
romania,1993,21.17838
romania,1994,19.86939
romania,1995,18.56041
romania,1996,17.54678
romania,1997,16.53316
romania,1998,15.51953
romania,1999,14.5059
romania,2000,13.49227
romania,2001,13.34036
romania,2002,13.18844
romania,2003,13.03653
romania,2004,12.88462
romania,2005,12.7327
romania,2006,12.58882
romania,2007,12.44495
romania,2008,12.30107
romania,2009,12.15719
romania,2010,12.01331
romania,2011,11.93899
romania,2012,11.86466
romania,2013,11.79034
russian_federation,1990,431.70689
russian_federation,1991,417.21912
russian_federation,1992,413.47885
russian_federation,1993,375.98651
russian_federation,1994,357.86033
russian_federation,1995,339.73415
russian_federation,1996,339.48208
russian_federation,1997,339.23002
russian_federation,1998,338.97796
russian_federation,1999,338.7259
russian_federation,2000,338.47383
russian_federation,2001,345.57552
russian_federation,2002,361.43027
russian_federation,2003,369.40727
russian_federation,2004,391.88153
russian_federation,2005,400.67912
russian_federation,2006,403.2148
russian_federation,2007,406.89932
russian_federation,2008,413.81154
russian_federation,2009,414.26836
russian_federation,2010,412.15398
russian_federation,2011,415.28194
russian_federation,2012,385.75002
russian_federation,2013,416.45015
rwanda,1990,0
rwanda,1991,0
rwanda,1992,0
rwanda,1993,0
rwanda,1994,0
rwanda,1995,0
rwanda,1996,0
rwanda,1997,0
rwanda,1998,0
rwanda,1999,0
rwanda,2000,0
rwanda,2001,0
rwanda,2002,0
rwanda,2003,0
rwanda,2004,0
rwanda,2005,0
rwanda,2006,0
rwanda,2011,0
saint_kitts_nevis,1990,0
saint_kitts_nevis,1991,0
saint_kitts_nevis,1992,0
saint_kitts_nevis,1993,0
saint_kitts_nevis,1994,0
saint_kitts_nevis,1995,0
saint_kitts_nevis,1996,0
saint_kitts_nevis,1997,0
saint_kitts_nevis,1998,0
saint_kitts_nevis,1999,0
saint_kitts_nevis,2000,0
saint_kitts_nevis,2001,0
saint_kitts_nevis,2002,0
saint_kitts_nevis,2003,0
saint_kitts_nevis,2004,0
saint_kitts_nevis,2005,0
saint_kitts_nevis,2006,0
saint_kitts_nevis,2011,0
saint_lucia,1990,0
saint_lucia,1991,0
saint_lucia,1992,0
saint_lucia,1993,0
saint_lucia,1994,0
saint_lucia,1995,0
saint_lucia,1996,0
saint_lucia,1997,0
saint_lucia,1998,0
saint_lucia,1999,0
saint_lucia,2000,0
saint_lucia,2001,0
saint_lucia,2002,0
saint_lucia,2003,0
saint_lucia,2004,0
saint_lucia,2005,0
saint_lucia,2006,0
saint_lucia,2011,0
saint_vincent_grenadines,1990,0
saint_vincent_grenadines,1991,0
saint_vincent_grenadines,1992,0
saint_vincent_grenadines,1993,0
saint_vincent_grenadines,1994,0
saint_vincent_grenadines,1995,0
saint_vincent_grenadines,1996,0
saint_vincent_grenadines,1997,0
saint_vincent_grenadines,1998,0
saint_vincent_grenadines,1999,0
saint_vincent_grenadines,2000,0
saint_vincent_grenadines,2001,0
saint_vincent_grenadines,2002,0
saint_vincent_grenadines,2003,0
saint_vincent_grenadines,2004,0
saint_vincent_grenadines,2005,0
saint_vincent_grenadines,2006,0
saint_vincent_grenadines,2011,0
samoa,1990,0
samoa,1991,0
samoa,1992,0
samoa,1993,0
samoa,1994,0
samoa,1995,0
samoa,1996,0
samoa,1997,0
samoa,1998,0
samoa,1999,0
samoa,2000,0
samoa,2001,0
samoa,2002,0
samoa,2003,0
samoa,2004,0
samoa,2005,0
samoa,2006,0
samoa,2011,0
sao_tome_principe,1990,0
sao_tome_principe,1991,0
sao_tome_principe,1992,0
sao_tome_principe,1993,0
sao_tome_principe,1994,0
sao_tome_principe,1995,0
sao_tome_principe,1996,0
sao_tome_principe,1997,0
sao_tome_principe,1998,0
sao_tome_principe,1999,0
sao_tome_principe,2000,0
sao_tome_principe,2001,0
sao_tome_principe,2002,0
sao_tome_principe,2003,0
sao_tome_principe,2004,0
sao_tome_principe,2005,0
sao_tome_principe,2006,0
sao_tome_principe,2011,0
saudi_arabia,1990,11.0687
saudi_arabia,1991,25.92835
saudi_arabia,1992,23.93835
saudi_arabia,1993,21.18246
saudi_arabia,1994,22.25603
saudi_arabia,1995,27.3779
saudi_arabia,1996,27.41205
saudi_arabia,1997,7.09532
saudi_arabia,1998,8.44242
saudi_arabia,1999,6.89008
saudi_arabia,2000,7.90895
saudi_arabia,2001,7.57159
saudi_arabia,2002,7.83601
saudi_arabia,2003,7.88159
saudi_arabia,2004,8.31013
saudi_arabia,2005,8.51984
saudi_arabia,2006,8.17611
saudi_arabia,2007,8.32475
saudi_arabia,2008,7.8169
saudi_arabia,2009,7.692
saudi_arabia,2010,7.5671
saudi_arabia,2011,7.71413
saudi_arabia,2012,7.86115
saudi_arabia,2013,8.00818
senegal,1990,0
senegal,1991,0.00331
senegal,1992,0.00662
senegal,1993,0.00993
senegal,1994,0.01324
senegal,1995,0.01655
senegal,1996,0.01664
senegal,1997,0.01673
senegal,1998,0.01683
senegal,1999,0.01692
senegal,2000,0.01701
senegal,2001,0.0168
senegal,2002,0.01659
senegal,2003,0.01638
senegal,2004,0.01617
senegal,2005,0.01596
senegal,2006,0.01683
senegal,2007,0.01771
senegal,2008,0.01858
senegal,2009,0.01946
senegal,2010,0.02034
senegal,2011,0.02127
senegal,2012,0.0222
senegal,2013,0.02314
serbia,1990,2.45323
serbia,1991,2.4447
serbia,1992,2.43617
serbia,1993,2.42764
serbia,1994,2.41911
serbia,1995,2.41058
serbia,1996,2.38914
serbia,1997,2.3677
serbia,1998,2.34625
serbia,1999,2.32481
serbia,2000,2.30337
serbia,2001,2.29294
serbia,2002,2.28251
serbia,2003,2.27208
serbia,2004,2.26165
serbia,2005,2.25122
serbia,2006,2.01872
serbia,2007,1.78623
serbia,2008,1.55374
serbia,2009,1.32124
serbia,2010,1.08875
serbia,2011,1.10441
serbia,2012,1.12007
serbia,2013,1.13573
seychelles,1990,0
seychelles,1991,0
seychelles,1992,0
seychelles,1993,0
seychelles,1994,0
seychelles,1995,0
seychelles,1996,0
seychelles,1997,0
seychelles,1998,0
seychelles,1999,0
seychelles,2000,0
seychelles,2001,0
seychelles,2002,0
seychelles,2003,0
seychelles,2004,0
seychelles,2005,0
seychelles,2006,0
seychelles,2011,0
sierra_leone,1990,0
sierra_leone,1991,0
sierra_leone,1992,0
sierra_leone,1993,0
sierra_leone,1994,0
sierra_leone,1995,0
sierra_leone,1996,0
sierra_leone,1997,0
sierra_leone,1998,0
sierra_leone,1999,0
sierra_leone,2000,0
sierra_leone,2001,0.00002
sierra_leone,2002,0.00004
sierra_leone,2003,0.00007
sierra_leone,2004,0.00009
sierra_leone,2005,0.00011
sierra_leone,2006,0.00031
sierra_leone,2007,0.00052
sierra_leone,2008,0.00072
sierra_leone,2009,0.00092
sierra_leone,2010,0.00113
sierra_leone,2011,0.00114
sierra_leone,2012,0.00114
sierra_leone,2013,0.00115
singapore,1990,0
singapore,1991,0.00918
singapore,1992,0.01836
singapore,1993,0.02755
singapore,1994,0.03673
singapore,1995,0.04591
singapore,1996,0.15284
singapore,1997,0.25976
singapore,1998,0.36669
singapore,1999,0.47362
singapore,2000,0.58054
singapore,2001,0.60806
singapore,2002,0.63558
singapore,2003,0.66309
singapore,2004,0.69061
singapore,2005,0.71813
singapore,2006,0.73973
singapore,2007,0.76133
singapore,2008,0.78293
singapore,2009,0.80453
singapore,2010,0.82613
singapore,2011,0.85515
singapore,2012,0.88417
singapore,2013,0.91319
slovakia,1990,1.0906
slovakia,1991,1.12076
slovakia,1992,1.15092
slovakia,1993,1.18108
slovakia,1994,1.21124
slovakia,1995,1.2414
slovakia,1996,1.25842
slovakia,1997,1.27544
slovakia,1998,1.29246
slovakia,1999,1.30948
slovakia,2000,1.3265
slovakia,2001,1.27137
slovakia,2002,1.21891
slovakia,2003,1.15393
slovakia,2004,1.09049
slovakia,2005,1.01934
slovakia,2006,1.03908
slovakia,2007,1.07047
slovakia,2008,1.0732
slovakia,2009,1.08665
slovakia,2010,1.09468
slovakia,2011,1.09016
slovakia,2012,1.09697
slovakia,2013,1.09199
slovenia,1990,0.36075
slovenia,1991,0.35392
slovenia,1992,0.34709
slovenia,1993,0.34026
slovenia,1994,0.33343
slovenia,1995,0.3266
slovenia,1996,0.32035
slovenia,1997,0.31409
slovenia,1998,0.30784
slovenia,1999,0.30159
slovenia,2000,0.29534
slovenia,2001,0.29396
slovenia,2002,0.29259
slovenia,2003,0.29122
slovenia,2004,0.28985
slovenia,2005,0.28847
slovenia,2006,0.28896
slovenia,2007,0.28944
slovenia,2008,0.28993
slovenia,2009,0.29041
slovenia,2010,0.29089
slovenia,2011,0.29351
slovenia,2012,0.29613
slovenia,2013,0.29875
solomon_islands,1990,0
solomon_islands,1991,0
solomon_islands,1992,0
solomon_islands,1993,0
solomon_islands,1994,0
solomon_islands,1995,0
solomon_islands,1996,0
solomon_islands,1997,0
solomon_islands,1998,0
solomon_islands,1999,0
solomon_islands,2000,0
solomon_islands,2001,0
solomon_islands,2002,0
solomon_islands,2003,0
solomon_islands,2004,0
solomon_islands,2005,0
solomon_islands,2006,0
solomon_islands,2011,0
south_africa,1990,6.80001
south_africa,1991,6.88683
south_africa,1992,6.97365
south_africa,1993,7.06048
south_africa,1994,7.1473
south_africa,1995,7.23412
south_africa,1996,7.36555
south_africa,1997,7.6064
south_africa,1998,7.90195
south_africa,1999,8.03339
south_africa,2000,8.21953
south_africa,2001,8.35415
south_africa,2002,8.48878
south_africa,2003,8.6234
south_africa,2004,8.70332
south_africa,2005,8.83795
south_africa,2006,8.53256
south_africa,2007,8.50071
south_africa,2008,8.46886
south_africa,2009,8.43701
south_africa,2010,8.40516
south_africa,2011,8.50277
south_africa,2012,8.60038
south_africa,2013,8.69798
spain,1990,2.52788
spain,1991,2.493
spain,1992,2.45812
spain,1993,2.33998
spain,1994,2.28095
spain,1995,2.25417
spain,1996,2.19961
spain,1997,2.14127
spain,1998,2.08689
spain,1999,2.03848
spain,2000,1.97219
spain,2001,1.93363
spain,2002,1.89507
spain,2003,1.85651
spain,2004,1.81795
spain,2005,1.77939
spain,2006,1.73541
spain,2007,1.69144
spain,2008,1.64747
spain,2009,1.6035
spain,2010,1.55953
spain,2011,1.55643
spain,2012,1.55334
spain,2013,1.55025
sri_lanka,1990,0.0021
sri_lanka,1991,0.0021
sri_lanka,1992,0.0021
sri_lanka,1993,0.0021
sri_lanka,1994,0.0021
sri_lanka,1995,0.0021
sri_lanka,1996,0.0021
sri_lanka,1997,0.0021
sri_lanka,1998,0.0021
sri_lanka,1999,0.0021
sri_lanka,2000,0.0021
sri_lanka,2001,0.0021
sri_lanka,2002,0.0021
sri_lanka,2003,0.0021
sri_lanka,2004,0.0021
sri_lanka,2005,0.0021
sri_lanka,2006,0.002
sri_lanka,2007,0.0019
sri_lanka,2008,0.00181
sri_lanka,2009,0.00171
sri_lanka,2010,0.00161
sri_lanka,2011,0.00162
sri_lanka,2012,0.00163
sri_lanka,2013,0.00164
sudan,1990,0.00068
sudan,1991,0.00086
sudan,1992,0.00103
sudan,1993,0.00121
sudan,1994,0.00139
sudan,1995,0.00156
sudan,1996,1.40135
sudan,1997,2.80114
sudan,1998,4.20093
sudan,1999,5.60072
sudan,2000,7.00051
sudan,2001,8.23916
sudan,2002,9.47781
sudan,2003,10.71647
sudan,2004,11.95512
sudan,2005,13.19377
sudan,2006,14.1864
sudan,2007,15.17902
sudan,2008,16.17164
sudan,2009,17.16427
sudan,2010,18.15689
sudan,2011,18.29139
sudan,2012,18.42588
sudan,2013,18.56038
suriname,1990,0.14601
suriname,1991,0.16922
suriname,1992,0.19244
suriname,1993,0.21565
suriname,1994,0.23886
suriname,1995,0.26207
suriname,1996,0.28143
suriname,1997,0.30079
suriname,1998,0.32015
suriname,1999,0.33951
suriname,2000,0.35887
suriname,2001,0.35777
suriname,2002,0.35668
suriname,2003,0.35559
suriname,2004,0.35449
suriname,2005,0.3534
suriname,2006,0.37972
suriname,2007,0.40604
suriname,2008,0.43237
suriname,2009,0.45869
suriname,2010,0.48501
suriname,2011,0.47962
suriname,2012,0.47423
suriname,2013,0.46884
swaziland,1990,0.09526
swaziland,1991,0.0966
swaziland,1992,0.09794
swaziland,1993,0.09928
swaziland,1994,0.10062
swaziland,1995,0.10196
swaziland,1996,0.12039
swaziland,1997,0.13882
swaziland,1998,0.15724
swaziland,1999,0.17567
swaziland,2000,0.1941
swaziland,2001,0.18382
swaziland,2002,0.17355
swaziland,2003,0.16327
swaziland,2004,0.15299
swaziland,2005,0.14272
swaziland,2006,0.15379
swaziland,2007,0.16487
swaziland,2008,0.17594
swaziland,2009,0.18701
swaziland,2010,0.19809
swaziland,2011,0.20033
swaziland,2012,0.20256
swaziland,2013,0.2048
sweden,1990,0.08199
sweden,1991,0.08198
sweden,1992,0.08197
sweden,1993,0.08195
sweden,1994,0.08194
sweden,1995,0.08193
sweden,1996,0.08382
sweden,1997,0.08572
sweden,1998,0.08761
sweden,1999,0.08951
sweden,2000,0.0914
sweden,2001,0.09291
sweden,2002,0.09442
sweden,2003,0.09594
sweden,2004,0.09745
sweden,2005,0.09896
sweden,2006,0.08266
sweden,2007,0.06636
sweden,2008,0.05006
sweden,2009,0.03375
sweden,2010,0.01745
sweden,2011,0.01745
sweden,2012,0.01745
sweden,2013,0.01745
switzerland,1990,0.39905
switzerland,1991,0.37688
switzerland,1992,0.3547
switzerland,1993,0.33253
switzerland,1994,0.31035
switzerland,1995,0.28818
switzerland,1996,0.27848
switzerland,1997,0.26878
switzerland,1998,0.25908
switzerland,1999,0.24939
switzerland,2000,0.23969
switzerland,2001,0.23364
switzerland,2002,0.2276
switzerland,2003,0.22156
switzerland,2004,0.21552
switzerland,2005,0.20947
switzerland,2006,0.21453
switzerland,2007,0.21959
switzerland,2008,0.22465
switzerland,2009,0.22971
switzerland,2010,0.23477
switzerland,2011,0.23477
switzerland,2012,0.23477
switzerland,2013,0.23477
syria,1990,16.22914
syria,1991,17.71774
syria,1992,19.91752
syria,1993,20.4761
syria,1994,21.96469
syria,1995,23.5627
syria,1996,23.48977
syria,1997,23.36213
syria,1998,23.2892
syria,1999,23.21627
syria,2000,23.14334
syria,2001,22.30309
syria,2002,21.62697
syria,2003,21.06026
syria,2004,20.43884
syria,2005,19.81742
syria,2006,19.47577
syria,2007,19.0247
syria,2008,18.73775
syria,2009,18.4508
syria,2010,18.16386
syria,2011,18.62721
syria,2012,18.48878
syria,2013,19.33508
tajikistan,1990,0.882
tajikistan,1991,0.76575
tajikistan,1992,0.64949
tajikistan,1993,0.53324
tajikistan,1994,0.41699
tajikistan,1995,0.30074
tajikistan,1996,0.26775
tajikistan,1997,0.23477
tajikistan,1998,0.20179
tajikistan,1999,0.16881
tajikistan,2000,0.13583
tajikistan,2001,0.14137
tajikistan,2002,0.1469
tajikistan,2003,0.15244
tajikistan,2004,0.15797
tajikistan,2005,0.16351
tajikistan,2006,0.16303
tajikistan,2007,0.16254
tajikistan,2008,0.16206
tajikistan,2009,0.16157
tajikistan,2010,0.16109
tajikistan,2011,0.16482
tajikistan,2012,0.16856
tajikistan,2013,0.17229
tanzania,1990,0.01902
tanzania,1991,0.01795
tanzania,1992,0.01688
tanzania,1993,0.01581
tanzania,1994,0.01474
tanzania,1995,0.01366
tanzania,1996,0.0156
tanzania,1997,0.01753
tanzania,1998,0.01947
tanzania,1999,0.0214
tanzania,2000,0.02333
tanzania,2001,0.02281
tanzania,2002,0.02229
tanzania,2003,0.02177
tanzania,2004,0.04186
tanzania,2005,0.03579
tanzania,2006,0.03055
tanzania,2007,0.0203
tanzania,2008,0.03555
tanzania,2009,0.01987
tanzania,2010,0.01966
tanzania,2011,0.01988
tanzania,2012,0.0201
tanzania,2013,0.02032
thailand,1990,2.64425
thailand,1991,2.96173
thailand,1992,3.2792
thailand,1993,3.59667
thailand,1994,3.91414
thailand,1995,4.23161
thailand,1996,4.43151
thailand,1997,4.6314
thailand,1998,4.8313
thailand,1999,5.0312
thailand,2000,5.2311
thailand,2001,5.64272
thailand,2002,6.05434
thailand,2003,6.46596
thailand,2004,6.87759
thailand,2005,7.28921
thailand,2006,7.45814
thailand,2007,7.62708
thailand,2008,7.79602
thailand,2009,7.96495
thailand,2010,8.13389
thailand,2011,8.2958
thailand,2012,8.45771
thailand,2013,8.72904
togo,1990,0
togo,1991,0
togo,1992,0
togo,1993,0
togo,1994,0
togo,1995,0
togo,1996,0
togo,1997,0
togo,1998,0
togo,1999,0
togo,2000,0
togo,2001,0
togo,2002,0
togo,2003,0
togo,2004,0
togo,2005,0
togo,2006,0
togo,2011,0
tonga,1990,0
tonga,1991,0
tonga,1992,0
tonga,1993,0
tonga,1994,0
tonga,1995,0
tonga,1996,0
tonga,1997,0
tonga,1998,0
tonga,1999,0
tonga,2000,0
tonga,2001,0
tonga,2002,0
tonga,2003,0
tonga,2004,0
tonga,2005,0
tonga,2006,0
tonga,2011,0
trinidad_tobago,1990,6.01872
trinidad_tobago,1991,4.97932
trinidad_tobago,1992,3.55698
trinidad_tobago,1993,4.3776
trinidad_tobago,1994,4.70587
trinidad_tobago,1995,4.76061
trinidad_tobago,1996,4.54187
trinidad_tobago,1997,4.37785
trinidad_tobago,1998,4.32323
trinidad_tobago,1999,4.43274
trinidad_tobago,2000,4.32342
trinidad_tobago,2001,3.99544
trinidad_tobago,2002,3.44864
trinidad_tobago,2003,0.00238
trinidad_tobago,2004,0.00264
trinidad_tobago,2005,2.35528
trinidad_tobago,2006,2.46482
trinidad_tobago,2007,1.91787
trinidad_tobago,2008,1.48033
trinidad_tobago,2009,1.37104
trinidad_tobago,2010,1.31645
trinidad_tobago,2011,1.31648
trinidad_tobago,2012,0.00356
trinidad_tobago,2013,1.09772
tunisia,1990,0.62997
tunisia,1991,0.62045
tunisia,1992,0.63007
tunisia,1993,1.42201
tunisia,1994,1.30308
tunisia,1995,1.29356
tunisia,1996,1.31428
tunisia,1997,1.335
tunisia,1998,1.35572
tunisia,1999,1.37644
tunisia,2000,1.39716
tunisia,2001,1.24142
tunisia,2002,1.19509
tunisia,2003,1.5317
tunisia,2004,1.54007
tunisia,2005,1.43903
tunisia,2006,1.57175
tunisia,2007,1.21211
tunisia,2008,1.23541
tunisia,2009,1.47754
tunisia,2010,1.50085
tunisia,2011,1.29598
tunisia,2012,0.87228
tunisia,2013,1.05036
turkey,1990,2.55084
turkey,1991,2.56776
turkey,1992,2.58469
turkey,1993,2.62415
turkey,1994,2.69399
turkey,1995,2.70913
turkey,1996,2.75898
turkey,1997,2.86353
turkey,1998,2.91337
turkey,1999,3.01793
turkey,2000,3.06777
turkey,2001,2.89881
turkey,2002,2.94152
turkey,2003,2.98066
turkey,2004,3.02158
turkey,2005,3.06787
turkey,2006,3.16978
turkey,2007,3.27169
turkey,2008,3.3754
turkey,2009,3.47552
turkey,2010,3.57743
turkey,2011,3.55649
turkey,2012,3.53735
turkey,2013,3.52357
turkmenistan,1990,20.10762
turkmenistan,1991,19.50341
turkmenistan,1992,18.8992
turkmenistan,1993,18.295
turkmenistan,1994,17.69079
turkmenistan,1995,17.08658
turkmenistan,1996,18.04351
turkmenistan,1997,19.00044
turkmenistan,1998,19.95736
turkmenistan,1999,20.91429
turkmenistan,2000,21.87121
turkmenistan,2001,23.20275
turkmenistan,2002,24.53428
turkmenistan,2003,25.86581
turkmenistan,2004,27.19735
turkmenistan,2005,28.52888
turkmenistan,2006,29.21517
turkmenistan,2007,29.57322
turkmenistan,2008,30.0954
turkmenistan,2009,30.61757
turkmenistan,2010,31.13974
turkmenistan,2011,32.9742
turkmenistan,2012,33.05805
turkmenistan,2013,35.27546
uganda,1990,0
uganda,1991,0
uganda,1992,0
uganda,1993,0
uganda,1994,0
uganda,1995,0
uganda,1996,0
uganda,1997,0
uganda,1998,0
uganda,1999,0
uganda,2000,0
uganda,2001,0
uganda,2002,0
uganda,2003,0
uganda,2004,0
uganda,2005,0
uganda,2006,0
uganda,2011,0
ukraine,1990,87.4037
ukraine,1991,80.79644
ukraine,1992,74.18919
ukraine,1993,67.58194
ukraine,1994,60.97468
ukraine,1995,54.36743
ukraine,1996,54.22125
ukraine,1997,54.07507
ukraine,1998,53.92889
ukraine,1999,53.78272
ukraine,2000,53.63654
ukraine,2001,53.77224
ukraine,2002,53.90795
ukraine,2003,54.04366
ukraine,2004,54.17937
ukraine,2005,54.31507
ukraine,2006,54.13061
ukraine,2007,53.94614
ukraine,2008,53.76167
ukraine,2009,53.5772
ukraine,2010,53.39273
ukraine,2011,53.56152
ukraine,2012,53.7303
ukraine,2013,53.89909
united_arab_emirates,1990,15.64589
united_arab_emirates,1991,14.69704
united_arab_emirates,1992,15.60822
united_arab_emirates,1993,15.31586
united_arab_emirates,1994,15.40644
united_arab_emirates,1995,15.66115
united_arab_emirates,1996,16.02032
united_arab_emirates,1997,18.40364
united_arab_emirates,1998,18.6534
united_arab_emirates,1999,18.84845
united_arab_emirates,2000,18.87939
united_arab_emirates,2001,18.21494
united_arab_emirates,2002,18.26168
united_arab_emirates,2003,19.56668
united_arab_emirates,2004,19.94166
united_arab_emirates,2005,20.26194
united_arab_emirates,2006,20.78811
united_arab_emirates,2007,21.04075
united_arab_emirates,2008,21.56693
united_arab_emirates,2009,21.92898
united_arab_emirates,2010,22.23633
united_arab_emirates,2011,22.40162
united_arab_emirates,2012,22.56691
united_arab_emirates,2013,22.67749
united_kingdom,1990,28.82049
united_kingdom,1991,31.76557
united_kingdom,1992,26.28583
united_kingdom,1993,29.39504
united_kingdom,1994,29.55009
united_kingdom,1995,26.69627
united_kingdom,1996,25.43045
united_kingdom,1997,23.23462
united_kingdom,1998,21.69528
united_kingdom,1999,20.42946
united_kingdom,2000,18.28834
united_kingdom,2001,17.38023
united_kingdom,2002,16.08918
united_kingdom,2003,14.74341
united_kingdom,2004,13.94472
united_kingdom,2005,12.9819
united_kingdom,2006,12.20874
united_kingdom,2007,10.0679
united_kingdom,2008,9.45886
united_kingdom,2009,8.84981
united_kingdom,2010,8.29547
united_kingdom,2011,7.97438
united_kingdom,2012,8.63801
united_kingdom,2013,8.64515
united_states,1990,317.66549
united_states,1991,316.73487
united_states,1992,314.546
united_states,1993,315.74895
united_states,1994,313.7242
united_states,1995,314.76302
united_states,1996,314.5892
united_states,1997,314.19655
united_states,1998,306.09026
united_states,1999,306.95586
united_states,2000,306.34438
united_states,2001,301.82037
united_states,2002,296.96812
united_states,2003,292.06117
united_states,2004,286.9901
united_states,2005,283.3961
united_states,2006,291.70738
united_states,2007,300.18277
united_states,2008,309.25994
united_states,2009,316.80532
united_states,2010,324.56953
united_states,2011,329.57369
united_states,2012,332.38958
united_states,2013,337.66727
uruguay,1990,0.01848
uruguay,1991,0.01848
uruguay,1992,0.01848
uruguay,1993,0.01848
uruguay,1994,0.01848
uruguay,1995,0.01848
uruguay,1996,0.01848
uruguay,1997,0.01848
uruguay,1998,0.01848
uruguay,1999,0.01848
uruguay,2000,0.01848
uruguay,2001,0.01848
uruguay,2002,0.01848
uruguay,2003,0.01848
uruguay,2004,0.01848
uruguay,2005,0.01848
uruguay,2006,0.01894
uruguay,2007,0.0194
uruguay,2008,0.01985
uruguay,2009,0.02031
uruguay,2010,0.02077
uruguay,2011,0.02068
uruguay,2012,0.0206
uruguay,2013,0.02052
uzbekistan,1990,46.141
uzbekistan,1991,49.53
uzbekistan,1992,52.919
uzbekistan,1993,56.308
uzbekistan,1994,59.697
uzbekistan,1995,63.086
uzbekistan,1996,64.5178
uzbekistan,1997,65.9496
uzbekistan,1998,67.3814
uzbekistan,1999,68.8132
uzbekistan,2000,70.245
uzbekistan,2001,71.4884
uzbekistan,2002,72.7318
uzbekistan,2003,73.9752
uzbekistan,2004,75.2186
uzbekistan,2005,76.462
uzbekistan,2006,78.13275
uzbekistan,2007,79.80349
uzbekistan,2008,81.47424
uzbekistan,2009,83.14499
uzbekistan,2010,84.81573
uzbekistan,2011,87.0409
uzbekistan,2012,89.26607
uzbekistan,2013,91.49123
vanuatu,1990,0
vanuatu,1991,0
vanuatu,1992,0
vanuatu,1993,0
vanuatu,1994,0
vanuatu,1995,0
vanuatu,1996,0
vanuatu,1997,0
vanuatu,1998,0
vanuatu,1999,0
vanuatu,2000,0
vanuatu,2001,0
vanuatu,2002,0
vanuatu,2003,0
vanuatu,2004,0
vanuatu,2005,0
vanuatu,2006,0
vanuatu,2011,0
venezuela,1990,35.1811
venezuela,1991,36.84968
venezuela,1992,38.57296
venezuela,1993,39.85859
venezuela,1994,41.08951
venezuela,1995,43.74281
venezuela,1996,50.58597
venezuela,1997,52.01317
venezuela,1998,48.79031
venezuela,1999,48.41219
venezuela,2000,51.15235
venezuela,2001,47.53602
venezuela,2002,48.40564
venezuela,2003,44.62519
venezuela,2004,44.6742
venezuela,2005,50.46742
venezuela,2006,41.32818
venezuela,2007,48.49153
venezuela,2008,50.40304
venezuela,2009,48.48508
venezuela,2010,43.33943
venezuela,2011,47.67212
venezuela,2012,30.45039
venezuela,2013,56.82987
vietnam,1990,0.73077
vietnam,1991,0.9594
vietnam,1992,1.18802
vietnam,1993,2.83902
vietnam,1994,3.06764
vietnam,1995,2.36625
vietnam,1996,3.10977
vietnam,1997,3.63446
vietnam,1998,4.48739
vietnam,1999,5.06679
vietnam,2000,5.7556
vietnam,2001,6.60608
vietnam,2002,7.51127
vietnam,2003,8.30705
vietnam,2004,9.21224
vietnam,2005,10.22684
vietnam,2006,11.29031
vietnam,2007,11.25964
vietnam,2008,11.55721
vietnam,2009,11.85478
vietnam,2010,12.5353
vietnam,2011,12.22012
vietnam,2012,11.41257
vietnam,2013,12.73859
world,1990,1975.23418
world,1991,2026.53499
world,1992,1978.37909
world,1993,1958.50653
world,1994,1941.15048
world,1995,1938.94817
world,1996,1977.08973
world,1997,1976.33484
world,1998,1987.17777
world,1999,2003.92902
world,2000,2021.17263
world,2001,2049.12966
world,2002,2102.30646
world,2003,2146.45666
world,2004,2205.15884
world,2005,2295.20794
world,2006,2331.10538
world,2007,2376.85002
world,2008,2437.91254
world,2009,2470.52758
world,2010,2490.91116
world,2011,2524.0272
world,2012,2558.59276
world,2013,2585.41894
yemen,1990,0.04113
yemen,1991,0.04777
yemen,1992,0.05441
yemen,1993,0.06106
yemen,1994,0.0677
yemen,1995,0.07434
yemen,1996,0.07831
yemen,1997,0.08227
yemen,1998,0.08624
yemen,1999,0.09021
yemen,2000,0.09417
yemen,2001,0.09265
yemen,2002,0.09113
yemen,2003,0.08961
yemen,2004,0.08809
yemen,2005,0.08657
yemen,2006,0.08312
yemen,2007,0.07968
yemen,2008,0.07623
yemen,2009,1.49516
yemen,2010,0.99936
yemen,2011,0.61734
yemen,2012,0.67297
yemen,2013,0.61919
zambia,1990,0.01146
zambia,1991,0.0108
zambia,1992,0.01014
zambia,1993,0.00948
zambia,1994,0.00881
zambia,1995,0.00815
zambia,1996,0.00726
zambia,1997,0.00638
zambia,1998,0.0055
zambia,1999,0.00461
zambia,2000,0.00373
zambia,2001,0.00504
zambia,2002,0.00635
zambia,2003,0.00766
zambia,2004,0.00898
zambia,2005,0.01029
zambia,2006,0.01046
zambia,2007,0.01064
zambia,2008,0.01081
zambia,2009,0.01098
zambia,2010,0.01115
zambia,2011,0.01125
zambia,2012,0.01136
zambia,2013,0.01146
zimbabwe,1990,0.28099
zimbabwe,1991,0.27743
zimbabwe,1992,0.27387
zimbabwe,1993,0.27031
zimbabwe,1994,0.26675
zimbabwe,1995,0.26319
zimbabwe,1996,0.25885
zimbabwe,1997,0.2545
zimbabwe,1998,0.25016
zimbabwe,1999,0.24582
zimbabwe,2000,0.24148
zimbabwe,2001,0.23423
zimbabwe,2002,0.22699
zimbabwe,2003,0.21975
zimbabwe,2004,0.2125
zimbabwe,2005,0.20526
zimbabwe,2006,0.20866
zimbabwe,2007,0.21206
zimbabwe,2008,0.21547
zimbabwe,2009,0.21887
zimbabwe,2010,0.22227
zimbabwe,2011,0.22478
zimbabwe,2012,0.22729
zimbabwe,2013,0.2298
