country,year,electricity_heat_mtco2
albania,1990,0.73
albania,1991,0.54
albania,1992,0.41
albania,1993,0.54
albania,1994,0.61
albania,1995,0.4
albania,1996,0.33
albania,1997,0.32
albania,1998,0.33
albania,1999,0.29
albania,2000,0.38
albania,2001,0.35
albania,2002,0.38
albania,2003,0.36
albania,2004,0.28
albania,2005,0.3
albania,2006,0.26
albania,2007,0.33
albania,2008,0.28
albania,2009,0.14
albania,2010,0.1
albania,2011,0.12
albania,2012,0.1
albania,2013,0.05
albania,2014,0.12
algeria,1990,23.09
algeria,1991,24.07
algeria,1992,24.06
algeria,1993,25.28
algeria,1994,24.95
algeria,1995,25.86
algeria,1996,25.72
algeria,1997,27.71
algeria,1998,27.77
algeria,1999,29.3
algeria,2000,29.17
algeria,2001,30.19
algeria,2002,32.28
algeria,2003,32.52
algeria,2004,31.74
algeria,2005,32.59
algeria,2006,34.23
algeria,2007,33.95
algeria,2008,35.27
algeria,2009,36.66
algeria,2010,36.32
algeria,2011,39.69
algeria,2012,44.12
algeria,2013,43.76
algeria,2014,47.73
angola,1990,0.48
angola,1991,0.43
angola,1992,0.37
angola,1993,0.31
angola,1994,0.38
angola,1995,0.39
angola,1996,0.41
angola,1997,0.64
angola,1998,0.58
angola,1999,0.84
angola,2000,0.93
angola,2001,1.04
angola,2002,1.04
angola,2003,1.22
angola,2004,0.85
angola,2005,0.98
angola,2006,1.07
angola,2007,1.19
angola,2008,1.58
angola,2009,2.47
angola,2010,2.6
angola,2011,2.39
angola,2012,2.01
angola,2013,2.6
angola,2014,3.7
argentina,1990,34.3
argentina,1991,38.21
argentina,1992,37.71
argentina,1993,34.06
argentina,1994,32.47
argentina,1995,34.19
argentina,1996,37.76
argentina,1997,37.48
argentina,1998,39.45
argentina,1999,44.4
argentina,2000,45
argentina,2001,38.99
argentina,2002,36.6
argentina,2003,40.33
argentina,2004,46.8
argentina,2005,47.5
argentina,2006,50.31
argentina,2007,55.99
argentina,2008,60.86
argentina,2009,61.11
argentina,2010,62.34
argentina,2011,66.84
argentina,2012,71.45
argentina,2013,67.62
argentina,2014,73.19
armenia,1990,6.1
armenia,1991,7.8
armenia,1992,4.86
armenia,1993,0.81
armenia,1994,0.82
armenia,1995,1.39
armenia,1996,1.54
armenia,1997,1.8
armenia,1998,1.79
armenia,1999,1.46
armenia,2000,1.6
armenia,2001,1.54
armenia,2002,0.92
armenia,2003,0.88
armenia,2004,0.77
armenia,2005,0.95
armenia,2006,0.9
armenia,2007,1.08
armenia,2008,1.04
armenia,2009,0.65
armenia,2010,0.63
armenia,2011,0.95
armenia,2012,1.43
armenia,2013,1.32
armenia,2014,1.55
australia,1990,142.86
australia,1991,145.33
australia,1992,147.76
australia,1993,149.18
australia,1994,151.91
australia,1995,158.12
australia,1996,165.96
australia,1997,170.18
australia,1998,190.41
australia,1999,194.22
australia,2000,196.98
australia,2001,204.34
australia,2002,218.82
australia,2003,214.77
australia,2004,224.83
australia,2005,230.97
australia,2006,235.9
australia,2007,242.87
australia,2008,242
australia,2009,250.75
australia,2010,245.11
australia,2011,238.45
australia,2012,235.75
australia,2013,227.49
australia,2014,218.13
austria,1990,19.9
austria,1991,20.74
austria,1992,17.5
austria,1993,17.64
austria,1994,19.14
austria,1995,20.69
austria,1996,21.24
austria,1997,21.72
austria,1998,20.84
austria,1999,19.98
austria,2000,19.6
austria,2001,21.43
austria,2002,21.98
austria,2003,24.2
austria,2004,24.8
austria,2005,25.53
austria,2006,24.45
austria,2007,23.93
austria,2008,23.81
austria,2009,20.26
austria,2010,24.26
austria,2011,24.34
austria,2012,22.36
austria,2013,21.54
austria,2014,19.8
azerbaijan,1990,21.8
azerbaijan,1991,22.47
azerbaijan,1992,23
azerbaijan,1993,22.36
azerbaijan,1994,16.89
azerbaijan,1995,15.43
azerbaijan,1996,14.8
azerbaijan,1997,14.28
azerbaijan,1998,15.88
azerbaijan,1999,15.91
azerbaijan,2000,16.31
azerbaijan,2001,15.14
azerbaijan,2002,13.98
azerbaijan,2003,16.28
azerbaijan,2004,15.68
azerbaijan,2005,16.47
azerbaijan,2006,16.96
azerbaijan,2007,14.53
azerbaijan,2008,13.96
azerbaijan,2009,11.55
azerbaijan,2010,10
azerbaijan,2011,11.65
azerbaijan,2012,13.98
azerbaijan,2013,13.75
azerbaijan,2014,14.22
bahrain,1990,9.51
bahrain,1991,9.1
bahrain,1992,10.88
bahrain,1993,11.63
bahrain,1994,11.9
bahrain,1995,12.01
bahrain,1996,12.59
bahrain,1997,12.7
bahrain,1998,13.62
bahrain,1999,13.69
bahrain,2000,14.05
bahrain,2001,14.44
bahrain,2002,15.07
bahrain,2003,15.63
bahrain,2004,15.29
bahrain,2005,17.66
bahrain,2006,19.35
bahrain,2007,19.61
bahrain,2008,21.05
bahrain,2009,20.89
bahrain,2010,21.46
bahrain,2011,21.6
bahrain,2012,22.25
bahrain,2013,22.97
bahrain,2014,23.89
bangladesh,1990,4.45
bangladesh,1991,4.6
bangladesh,1992,5.2
bangladesh,1993,5.78
bangladesh,1994,6.1
bangladesh,1995,6.72
bangladesh,1996,6.72
bangladesh,1997,7.17
bangladesh,1998,7.81
bangladesh,1999,8.8
bangladesh,2000,9.01
bangladesh,2001,10.72
bangladesh,2002,11.52
bangladesh,2003,11.59
bangladesh,2004,13.64
bangladesh,2005,14.77
bangladesh,2006,17.01
bangladesh,2007,18.08
bangladesh,2008,19.77
bangladesh,2009,21.4
bangladesh,2010,24.25
bangladesh,2011,25.28
bangladesh,2012,28.23
bangladesh,2013,31.06
bangladesh,2014,32.88
belarus,1990,62.2
belarus,1991,58.73
belarus,1992,54.67
belarus,1993,46.26
belarus,1994,42.28
belarus,1995,36.69
belarus,1996,36.36
belarus,1997,37.94
belarus,1998,35.97
belarus,1999,35.1
belarus,2000,34.3
belarus,2001,34.33
belarus,2002,33.94
belarus,2003,34
belarus,2004,36.71
belarus,2005,36.05
belarus,2006,36.74
belarus,2007,34.83
belarus,2008,35.8
belarus,2009,34.43
belarus,2010,37.19
belarus,2011,33.37
belarus,2012,33.09
belarus,2013,32.69
belarus,2014,32.83
belgium,1990,31.66
belgium,1991,32.16
belgium,1992,31.35
belgium,1993,31.23
belgium,1994,33.46
belgium,1995,33.17
belgium,1996,33.07
belgium,1997,31.43
belgium,1998,33.06
belgium,1999,29.84
belgium,2000,31.2
belgium,2001,29.28
belgium,2002,29.46
belgium,2003,30.55
belgium,2004,29.93
belgium,2005,30.03
belgium,2006,29.49
belgium,2007,29.31
belgium,2008,27.72
belgium,2009,25.25
belgium,2010,28.98
belgium,2011,26.08
belgium,2012,25.44
belgium,2013,23.73
belgium,2014,22.58
benin,1990,0.03
benin,1991,0.03
benin,1992,0.03
benin,1993,0.03
benin,1994,0.03
benin,1995,0.03
benin,1996,0.03
benin,1997,0.05
benin,1998,0.05
benin,1999,0.05
benin,2000,0.06
benin,2001,0.06
benin,2002,0.07
benin,2003,0.06
benin,2004,0.06
benin,2005,0.08
benin,2006,0.11
benin,2007,0.15
benin,2008,0.16
benin,2009,0.09
benin,2010,0.11
benin,2011,0.11
benin,2012,0.12
benin,2013,0.12
benin,2014,0.13
bolivia,1990,1.51
bolivia,1991,1.44
bolivia,1992,1.66
bolivia,1993,1.57
bolivia,1994,1.8
bolivia,1995,2.14
bolivia,1996,1.74
bolivia,1997,1.75
bolivia,1998,2
bolivia,1999,1.57
bolivia,2000,1.85
bolivia,2001,1.64
bolivia,2002,1.78
bolivia,2003,2.12
bolivia,2004,2.11
bolivia,2005,2.45
bolivia,2006,2.54
bolivia,2007,2.82
bolivia,2008,3.01
bolivia,2009,3.3
bolivia,2010,3.73
bolivia,2011,4
bolivia,2012,4.22
bolivia,2013,4.16
bolivia,2014,4.51
bosnia_herzegovina,1990,10.74
bosnia_herzegovina,1991,8.72
bosnia_herzegovina,1992,6.9
bosnia_herzegovina,1993,5.99
bosnia_herzegovina,1994,0.68
bosnia_herzegovina,1995,0.79
bosnia_herzegovina,1996,2.1
bosnia_herzegovina,1997,5.84
bosnia_herzegovina,1998,7.93
bosnia_herzegovina,1999,7.81
bosnia_herzegovina,2000,8.93
bosnia_herzegovina,2001,8.78
bosnia_herzegovina,2002,9.57
bosnia_herzegovina,2003,10.38
bosnia_herzegovina,2004,10.29
bosnia_herzegovina,2005,10.59
bosnia_herzegovina,2006,11.93
bosnia_herzegovina,2007,12.48
bosnia_herzegovina,2008,13.57
bosnia_herzegovina,2009,14.06
bosnia_herzegovina,2010,13.88
bosnia_herzegovina,2011,16.58
bosnia_herzegovina,2012,15.16
bosnia_herzegovina,2013,15.27
bosnia_herzegovina,2014,15.29
botswana,1990,1.52
botswana,1991,1.41
botswana,1992,1.65
botswana,1993,1.64
botswana,1994,1.65
botswana,1995,1.75
botswana,1996,1.32
botswana,1997,1.4
botswana,1998,1.32
botswana,1999,1.66
botswana,2000,1.66
botswana,2001,1.24
botswana,2002,1.31
botswana,2003,1.38
botswana,2004,1.61
botswana,2005,1.68
botswana,2006,1.28
botswana,2007,1.08
botswana,2008,1.05
botswana,2009,1.56
botswana,2010,0.57
botswana,2011,1.07
botswana,2012,2.06
botswana,2013,2.32
botswana,2014,3.75
brazil,1990,28
brazil,1991,28.01
brazil,1992,29.77
brazil,1993,30.09
brazil,1994,29.85
brazil,1995,31.4
brazil,1996,33.78
brazil,1997,38.05
brazil,1998,38.81
brazil,1999,45.35
brazil,2000,50.03
brazil,2001,54.67
brazil,2002,49.92
brazil,2003,50.12
brazil,2004,55.68
brazil,2005,57.83
brazil,2006,58.1
brazil,2007,57.44
brazil,2008,68.44
brazil,2009,57.37
brazil,2010,69.12
brazil,2011,62.97
brazil,2012,81.76
brazil,2013,105.98
brazil,2014,125.24
brunei,1990,2.54
brunei,1991,2.61
brunei,1992,2.71
brunei,1993,2.95
brunei,1994,3.16
brunei,1995,3.47
brunei,1996,3.58
brunei,1997,3.87
brunei,1998,3.24
brunei,1999,3.15
brunei,2000,3.41
brunei,2001,3.29
brunei,2002,3.29
brunei,2003,4.13
brunei,2004,3.78
brunei,2005,3.71
brunei,2006,4.21
brunei,2007,3.76
brunei,2008,3.93
brunei,2009,5.12
brunei,2010,5.16
brunei,2011,5.16
brunei,2012,4.98
brunei,2013,4.96
brunei,2014,4.83
bulgaria,1990,48.28
bulgaria,1991,38.44
bulgaria,1992,37.56
bulgaria,1993,38
bulgaria,1994,34.89
bulgaria,1995,35.45
bulgaria,1996,35.75
bulgaria,1997,29.86
bulgaria,1998,29.03
bulgaria,1999,26.83
bulgaria,2000,26.53
bulgaria,2001,29.48
bulgaria,2002,26.72
bulgaria,2003,29.62
bulgaria,2004,28.83
bulgaria,2005,28.89
bulgaria,2006,29.18
bulgaria,2007,32.53
bulgaria,2008,32.23
bulgaria,2009,29.28
bulgaria,2010,31.1
bulgaria,2011,35.64
bulgaria,2012,31
bulgaria,2013,27.11
bulgaria,2014,29.09
cambodia,1995,0.16
cambodia,1996,0.2
cambodia,1997,0.26
cambodia,1998,0.31
cambodia,1999,0.34
cambodia,2000,0.38
cambodia,2001,0.43
cambodia,2002,0.59
cambodia,2003,0.61
cambodia,2004,0.66
cambodia,2005,0.77
cambodia,2006,0.95
cambodia,2007,1.21
cambodia,2008,1.23
cambodia,2009,1.04
cambodia,2010,0.81
cambodia,2011,0.84
cambodia,2012,0.77
cambodia,2013,0.67
cambodia,2014,1.21
cameroon,1990,0.04
cameroon,1991,0.04
cameroon,1992,0.03
cameroon,1993,0.03
cameroon,1994,0.03
cameroon,1995,0.03
cameroon,1996,0.03
cameroon,1997,0.03
cameroon,1998,0.05
cameroon,1999,0.04
cameroon,2000,0.04
cameroon,2001,0.06
cameroon,2002,0.09
cameroon,2003,0.12
cameroon,2004,0.12
cameroon,2005,0.16
cameroon,2006,0.6
cameroon,2007,1.33
cameroon,2008,1.41
cameroon,2009,1.56
cameroon,2010,1.64
cameroon,2011,1.54
cameroon,2012,1.66
cameroon,2013,1.98
cameroon,2014,1.97
canada,1990,138.03
canada,1991,138.71
canada,1992,145.72
canada,1993,137.4
canada,1994,141.96
canada,1995,147.32
canada,1996,148.59
canada,1997,161.22
canada,1998,175.57
canada,1999,177.19
canada,2000,189.02
canada,2001,194.23
canada,2002,193.61
canada,2003,203.25
canada,2004,191.95
canada,2005,201.88
canada,2006,197.4
canada,2007,215.51
canada,2008,215.15
canada,2009,203.15
canada,2010,209.66
canada,2011,208.01
canada,2012,211.16
canada,2013,216.3
canada,2014,214.87
chile,1990,10.61
chile,1991,8.34
chile,1992,7.09
chile,1993,7.16
chile,1994,9.21
chile,1995,10.08
chile,1996,13.91
chile,1997,15.76
chile,1998,18.62
chile,1999,21.17
chile,2000,16.55
chile,2001,14.64
chile,2002,15.75
chile,2003,17.18
chile,2004,20.87
chile,2005,20.82
chile,2006,20.86
chile,2007,26.36
chile,2008,28.84
chile,2009,26.96
chile,2010,27.46
chile,2011,32.47
chile,2012,36.96
chile,2013,38.45
chile,2014,32.61
china,1990,725.34
china,1991,794.29
china,1992,877.71
china,1993,997.61
china,1994,1082.78
china,1995,1185.65
china,1996,1330.27
china,1997,1328.06
china,1998,1409.53
china,1999,1432.71
china,2000,1575.15
china,2001,1661.09
china,2002,1840.42
china,2003,2178.62
china,2004,2376.03
china,2005,2691.11
china,2006,3049.74
china,2007,3320.63
china,2008,3314.95
china,2009,3538.82
china,2010,3974.39
china,2011,4434.89
china,2012,4528.32
china,2013,4773.36
china,2014,4748.21
colombia,1990,12.29
colombia,1991,12.78
colombia,1992,13.43
colombia,1993,13.93
colombia,1994,12.31
colombia,1995,13.9
colombia,1996,11.96
colombia,1997,14.57
colombia,1998,16.42
colombia,1999,12.51
colombia,2000,13.75
colombia,2001,13.96
colombia,2002,13.43
colombia,2003,13.65
colombia,2004,12.41
colombia,2005,12.97
colombia,2006,12.37
colombia,2007,12.57
colombia,2008,11.08
colombia,2009,17.71
colombia,2010,17.32
colombia,2011,13.53
colombia,2012,15.13
colombia,2013,18.85
colombia,2014,19.51
congo,1990,0
congo,1991,0
congo,1992,0.01
congo,1993,0
congo,1994,0
congo,1995,0
congo,1996,0
congo,1997,0
congo,1998,0
congo,1999,0.02
congo,2000,0
congo,2001,0
congo,2002,0
congo,2003,0.03
congo,2004,0.04
congo,2005,0.04
congo,2006,0.05
congo,2007,0.04
congo,2008,0.05
congo,2009,0.14
congo,2010,0.21
congo,2011,0.3
congo,2012,0.42
congo,2013,0.43
congo,2014,0.46
congo_dem_republic,1990,0.1
congo_dem_republic,1991,0.07
congo_dem_republic,1992,0.05
congo_dem_republic,1993,0.06
congo_dem_republic,1994,0.04
congo_dem_republic,1995,0.04
congo_dem_republic,1996,0.04
congo_dem_republic,1997,0.04
congo_dem_republic,1998,0.04
congo_dem_republic,1999,0.04
congo_dem_republic,2000,0
congo_dem_republic,2001,0.01
congo_dem_republic,2002,0.01
congo_dem_republic,2003,0.01
congo_dem_republic,2004,0.01
congo_dem_republic,2005,0.01
congo_dem_republic,2006,0.03
congo_dem_republic,2007,0.06
congo_dem_republic,2008,0.06
congo_dem_republic,2009,0.06
congo_dem_republic,2010,0.06
congo_dem_republic,2011,0.06
congo_dem_republic,2012,0
congo_dem_republic,2013,0
congo_dem_republic,2014,0
costa_rica,1990,0.19
costa_rica,1991,0.26
costa_rica,1992,0.67
costa_rica,1993,0.51
costa_rica,1994,0.9
costa_rica,1995,0.86
costa_rica,1996,0.52
costa_rica,1997,0.29
costa_rica,1998,0.37
costa_rica,1999,0.13
costa_rica,2000,0.06
costa_rica,2001,0.19
costa_rica,2002,0.19
costa_rica,2003,0.23
costa_rica,2004,0.13
costa_rica,2005,0.29
costa_rica,2006,0.56
costa_rica,2007,0.73
costa_rica,2008,0.68
costa_rica,2009,0.44
costa_rica,2010,0.61
costa_rica,2011,0.67
costa_rica,2012,0.59
costa_rica,2013,0.85
costa_rica,2014,0.77
cote_d_ivoire,1990,0.6
cote_d_ivoire,1991,0.63
cote_d_ivoire,1992,0.69
cote_d_ivoire,1993,0.91
cote_d_ivoire,1994,1.06
cote_d_ivoire,1995,1.02
cote_d_ivoire,1996,1.49
cote_d_ivoire,1997,2.13
cote_d_ivoire,1998,2.47
cote_d_ivoire,1999,2.5
cote_d_ivoire,2000,2.37
cote_d_ivoire,2001,2.46
cote_d_ivoire,2002,2.64
cote_d_ivoire,2003,2.18
cote_d_ivoire,2004,2.33
cote_d_ivoire,2005,3.13
cote_d_ivoire,2006,2.34
cote_d_ivoire,2007,2.45
cote_d_ivoire,2008,2.84
cote_d_ivoire,2009,2.52
cote_d_ivoire,2010,2.91
cote_d_ivoire,2011,2.8
cote_d_ivoire,2012,3.64
cote_d_ivoire,2013,3.61
cote_d_ivoire,2014,3.93
croatia,1990,7.89
croatia,1991,5.58
croatia,1992,6.18
croatia,1993,6.66
croatia,1994,5.43
croatia,1995,6.08
croatia,1996,5.93
croatia,1997,6.33
croatia,1998,7.42
croatia,1999,6.78
croatia,2000,6.18
croatia,2001,6.7
croatia,2002,7.52
croatia,2003,8.19
croatia,2004,7.12
croatia,2005,7.11
croatia,2006,6.91
croatia,2007,8.04
croatia,2008,6.94
croatia,2009,6.51
croatia,2010,6.03
croatia,2011,6.32
croatia,2012,5.64
croatia,2013,5.22
croatia,2014,4.81
cuba,1990,12.85
cuba,1991,11.06
cuba,1992,9.08
cuba,1993,9.22
cuba,1994,10.44
cuba,1995,11.01
cuba,1996,11.56
cuba,1997,10.91
cuba,1998,10.78
cuba,1999,10.33
cuba,2000,10.93
cuba,2001,9.64
cuba,2002,12.86
cuba,2003,13.45
cuba,2004,13.27
cuba,2005,13.08
cuba,2006,13.08
cuba,2007,13.54
cuba,2008,13.86
cuba,2009,14.37
cuba,2010,16.25
cuba,2011,15.32
cuba,2012,15.84
cuba,2013,15.62
cuba,2014,15.55
cyprus,1990,1.76
cyprus,1991,1.83
cyprus,1992,2.12
cyprus,1993,2.25
cyprus,1994,2.37
cyprus,1995,2.16
cyprus,1996,2.27
cyprus,1997,2.41
cyprus,1998,2.64
cyprus,1999,2.83
cyprus,2000,2.95
cyprus,2001,2.84
cyprus,2002,3
cyprus,2003,3.52
cyprus,2004,3.31
cyprus,2005,3.49
cyprus,2006,3.56
cyprus,2007,3.74
cyprus,2008,3.89
cyprus,2009,3.93
cyprus,2010,3.79
cyprus,2011,3.65
cyprus,2012,3.46
cyprus,2013,2.77
cyprus,2014,2.88
czech_republic,1990,67.72
czech_republic,1991,66.37
czech_republic,1992,64.45
czech_republic,1993,65.26
czech_republic,1994,65.05
czech_republic,1995,68.92
czech_republic,1996,71.39
czech_republic,1997,70.8
czech_republic,1998,67.6
czech_republic,1999,63.06
czech_republic,2000,69.72
czech_republic,2001,70.19
czech_republic,2002,68.65
czech_republic,2003,69.49
czech_republic,2004,69.61
czech_republic,2005,67.7
czech_republic,2006,67.65
czech_republic,2007,72.88
czech_republic,2008,68.09
czech_republic,2009,62.91
czech_republic,2010,67.54
czech_republic,2011,67.61
czech_republic,2012,64.42
czech_republic,2013,59.9
czech_republic,2014,56.57
denmark,1990,26.55
denmark,1991,35.46
denmark,1992,30.47
denmark,1993,32.03
denmark,1994,36.2
denmark,1995,32.57
denmark,1996,45.13
denmark,1997,36.08
denmark,1998,32.57
denmark,1999,29.49
denmark,2000,26.43
denmark,2001,27.67
denmark,2002,27.88
denmark,2003,32.78
denmark,2004,26.89
denmark,2005,23.6
denmark,2006,31.33
denmark,2007,26.62
denmark,2008,24.46
denmark,2009,24.38
denmark,2010,24.31
denmark,2011,20.15
denmark,2012,16.85
denmark,2013,19.06
denmark,2014,15.6
dominican_republic,1990,3.27
dominican_republic,1991,3.65
dominican_republic,1992,4.39
dominican_republic,1993,4.04
dominican_republic,1994,4.94
dominican_republic,1995,4.99
dominican_republic,1996,5.13
dominican_republic,1997,5.86
dominican_republic,1998,8.71
dominican_republic,1999,9.3
dominican_republic,2000,9.58
dominican_republic,2001,9.93
dominican_republic,2002,9.82
dominican_republic,2003,8.95
dominican_republic,2004,6.46
dominican_republic,2005,8.34
dominican_republic,2006,8.93
dominican_republic,2007,9.08
dominican_republic,2008,9.58
dominican_republic,2009,9.17
dominican_republic,2010,9.39
dominican_republic,2011,9.7
dominican_republic,2012,9.89
dominican_republic,2013,10.46
dominican_republic,2014,10.33
ecuador,1990,1.6
ecuador,1991,1.92
ecuador,1992,2.43
ecuador,1993,1.87
ecuador,1994,1.84
ecuador,1995,3.94
ecuador,1996,4.17
ecuador,1997,4.67
ecuador,1998,5.18
ecuador,1999,3.92
ecuador,2000,4.02
ecuador,2001,4.77
ecuador,2002,4.85
ecuador,2003,4.59
ecuador,2004,5.2
ecuador,2005,5.83
ecuador,2006,6.97
ecuador,2007,7.16
ecuador,2008,6.47
ecuador,2009,7.8
ecuador,2010,9.69
ecuador,2011,8.6
ecuador,2012,8.85
ecuador,2013,9.76
ecuador,2014,10.25
egypt,1990,25.35
egypt,1991,26.9
egypt,1992,27.63
egypt,1993,27.45
egypt,1994,26.82
egypt,1995,27.36
egypt,1996,28.04
egypt,1997,30.58
egypt,1998,34.67
egypt,1999,36.68
egypt,2000,34.43
egypt,2001,39.4
egypt,2002,41.86
egypt,2003,46.88
egypt,2004,59.06
egypt,2005,63.59
egypt,2006,66.3
egypt,2007,67.56
egypt,2008,74.74
egypt,2009,78.78
egypt,2010,77.84
egypt,2011,81.4
egypt,2012,88.18
egypt,2013,86.72
egypt,2014,87.22
el_salvador,1990,0.17
el_salvador,1991,0.67
el_salvador,1992,0.64
el_salvador,1993,0.83
el_salvador,1994,1.2
el_salvador,1995,1.36
el_salvador,1996,0.92
el_salvador,1997,1.39
el_salvador,1998,1.44
el_salvador,1999,1.09
el_salvador,2000,1.16
el_salvador,2001,1.41
el_salvador,2002,1.51
el_salvador,2003,1.54
el_salvador,2004,1.46
el_salvador,2005,1.52
el_salvador,2006,1.82
el_salvador,2007,1.89
el_salvador,2008,1.67
el_salvador,2009,1.64
el_salvador,2010,1.37
el_salvador,2011,1.47
el_salvador,2012,1.51
el_salvador,2013,1.63
el_salvador,2014,1.65
eritrea,1992,0.28
eritrea,1993,0.33
eritrea,1994,0.32
eritrea,1995,0.31
eritrea,1996,0.33
eritrea,1997,0.31
eritrea,1998,0.24
eritrea,1999,0.29
eritrea,2000,0.28
eritrea,2001,0.29
eritrea,2002,0.26
eritrea,2003,0.27
eritrea,2004,0.29
eritrea,2005,0.28
eritrea,2006,0.26
eritrea,2007,0.27
eritrea,2008,0.23
eritrea,2009,0.25
eritrea,2010,0.26
eritrea,2011,0.29
eritrea,2012,0.31
eritrea,2013,0.31
eritrea,2014,0.31
estonia,1990,26.82
estonia,1991,24.52
estonia,1992,19.4
estonia,1993,14.22
estonia,1994,13.89
estonia,1995,12.06
estonia,1996,12.66
estonia,1997,12.65
estonia,1998,12.25
estonia,1999,11.85
estonia,2000,11.35
estonia,2001,11.15
estonia,2002,11
estonia,2003,12.84
estonia,2004,12.83
estonia,2005,12.88
estonia,2006,11.53
estonia,2007,14.95
estonia,2008,13.56
estonia,2009,11.28
estonia,2010,15.06
estonia,2011,13.88
estonia,2012,12.63
estonia,2013,14.89
estonia,2014,13.68
ethiopia,1990,0.29
ethiopia,1991,0.32
ethiopia,1992,0.07
ethiopia,1993,0.07
ethiopia,1994,0.08
ethiopia,1995,0.08
ethiopia,1996,0.07
ethiopia,1997,0.05
ethiopia,1998,0.04
ethiopia,1999,0.02
ethiopia,2000,0.02
ethiopia,2001,0.02
ethiopia,2002,0.02
ethiopia,2003,0.01
ethiopia,2004,0.02
ethiopia,2005,0.01
ethiopia,2006,0.01
ethiopia,2007,0.16
ethiopia,2008,0.45
ethiopia,2009,0.49
ethiopia,2010,0.04
ethiopia,2011,0.04
ethiopia,2012,0.01
ethiopia,2013,0.01
ethiopia,2014,0.01
european_union_28,1990,1710.25
european_union_28,1991,1695.57
european_union_28,1992,1667.54
european_union_28,1993,1597.03
european_union_28,1994,1590.69
european_union_28,1995,1598.57
european_union_28,1996,1634.27
european_union_28,1997,1582.89
european_union_28,1998,1588.99
european_union_28,1999,1551.68
european_union_28,2000,1582.13
european_union_28,2001,1609.3
european_union_28,2002,1628.07
european_union_28,2003,1684.88
european_union_28,2004,1681.35
european_union_28,2005,1678.52
european_union_28,2006,1697.81
european_union_28,2007,1717.66
european_union_28,2008,1633.04
european_union_28,2009,1489.17
european_union_28,2010,1533.69
european_union_28,2011,1503.09
european_union_28,2012,1493.01
european_union_28,2013,1413.64
european_union_28,2014,1315.77
finland,1990,19.86
finland,1991,21.46
finland,1992,19.13
finland,1993,22.2
finland,1994,26.88
finland,1995,24.83
finland,1996,31.75
finland,1997,29.23
finland,1998,24.08
finland,1999,24.5
finland,2000,25.87
finland,2001,31.1
finland,2002,33.86
finland,2003,42.02
finland,2004,38.13
finland,2005,26.6
finland,2006,38.15
finland,2007,36.13
finland,2008,29.45
finland,2009,29.38
finland,2010,35.12
finland,2011,29.26
finland,2012,24.38
finland,2013,25.66
finland,2014,22.92
france,1990,63.67
france,1991,74.14
france,1992,63.49
france,1993,51.36
france,1994,50.61
france,1995,55.91
france,1996,60
france,1997,56.2
france,1998,70.85
france,1999,64.83
france,2000,69.43
france,2001,62.84
france,2002,64.92
france,2003,67.93
france,2004,67.27
france,2005,73.48
france,2006,69.51
france,2007,71.76
france,2008,68.8
france,2009,65.15
france,2010,69.09
france,2011,56.88
france,2012,54.33
france,2013,53.89
france,2014,39.41
gabon,1990,0.31
gabon,1991,0.32
gabon,1992,0.32
gabon,1993,0.33
gabon,1994,0.25
gabon,1995,0.33
gabon,1996,0.42
gabon,1997,0.42
gabon,1998,0.49
gabon,1999,0.46
gabon,2000,0.45
gabon,2001,0.41
gabon,2002,0.45
gabon,2003,0.5
gabon,2004,0.52
gabon,2005,0.63
gabon,2006,0.61
gabon,2007,0.77
gabon,2008,0.68
gabon,2009,0.69
gabon,2010,0.8
gabon,2011,0.92
gabon,2012,0.98
gabon,2013,0.97
gabon,2014,1.14
georgia,1990,17.11
georgia,1991,11.05
georgia,1992,8.81
georgia,1993,6.11
georgia,1994,4.52
georgia,1995,5.37
georgia,1996,1.59
georgia,1997,1.49
georgia,1998,1.56
georgia,1999,1.43
georgia,2000,1.68
georgia,2001,1.13
georgia,2002,0.76
georgia,2003,0.84
georgia,2004,1.05
georgia,2005,1.26
georgia,2006,1.54
georgia,2007,1.77
georgia,2008,0.98
georgia,2009,1.35
georgia,2010,1
georgia,2011,1.21
georgia,2012,1.33
georgia,2013,0.86
georgia,2014,1.13
germany,1990,412.09
germany,1991,409.6
germany,1992,392.95
germany,1993,384.63
germany,1994,385.18
germany,1995,379.61
germany,1996,390.24
germany,1997,374.37
germany,1998,374.35
germany,1999,359.26
germany,2000,364.24
germany,2001,377.45
germany,2002,378.98
germany,2003,384.5
germany,2004,379.78
germany,2005,375.77
germany,2006,380.22
germany,2007,392.47
germany,2008,372.58
germany,2009,343.35
germany,2010,361.84
germany,2011,354.46
germany,2012,364.94
germany,2013,370.08
germany,2014,350.55
ghana,1990,0.07
ghana,1991,0.08
ghana,1992,0.08
ghana,1993,0.08
ghana,1994,0.11
ghana,1995,0.09
ghana,1996,0.08
ghana,1997,0.03
ghana,1998,1.23
ghana,1999,1.18
ghana,2000,0.57
ghana,2001,0.97
ghana,2002,1.98
ghana,2003,1.77
ghana,2004,0.66
ghana,2005,1.19
ghana,2006,2.43
ghana,2007,2.64
ghana,2008,1.92
ghana,2009,1.73
ghana,2010,3.1
ghana,2011,2.62
ghana,2012,3.11
ghana,2013,3.65
ghana,2014,3.19
greece,1990,37.14
greece,1991,36.39
greece,1992,38.91
greece,1993,38.95
greece,1994,40.47
greece,1995,42.2
greece,1996,39.05
greece,1997,39.06
greece,1998,40.5
greece,1999,41.86
greece,2000,47.79
greece,2001,48.24
greece,2002,48.13
greece,2003,49.2
greece,2004,49.97
greece,2005,50.68
greece,2006,48.91
greece,2007,52.2
greece,2008,51.28
greece,2009,48.36
greece,2010,45.3
greece,2011,45.28
greece,2012,45.9
greece,2013,41.56
greece,2014,38.28
guatemala,1990,0.24
guatemala,1991,0.29
guatemala,1992,0.91
guatemala,1993,0.91
guatemala,1994,0.99
guatemala,1995,1.1
guatemala,1996,1.02
guatemala,1997,1.06
guatemala,1998,2.06
guatemala,1999,1.81
guatemala,2000,2.43
guatemala,2001,2.52
guatemala,2002,3.06
guatemala,2003,3.15
guatemala,2004,3.29
guatemala,2005,3.27
guatemala,2006,3.15
guatemala,2007,3.36
guatemala,2008,3.1
guatemala,2009,3.28
guatemala,2010,2.61
guatemala,2011,2.61
guatemala,2012,2.53
guatemala,2013,2.97
guatemala,2014,3.4
haiti,1990,0.24
haiti,1991,0.22
haiti,1992,0.13
haiti,1993,0.08
haiti,1994,0.03
haiti,1995,0.16
haiti,1996,0.24
haiti,1997,0.35
haiti,1998,0.25
haiti,1999,0.2
haiti,2000,0.19
haiti,2001,0.2
haiti,2002,0.22
haiti,2003,0.17
haiti,2004,0.17
haiti,2005,0.17
haiti,2006,0.18
haiti,2007,0.24
haiti,2008,0.24
haiti,2009,0.26
haiti,2010,0.28
haiti,2011,0.28
haiti,2012,0.69
haiti,2013,0.66
haiti,2014,0.81
honduras,1990,0.05
honduras,1991,0.03
honduras,1992,0.11
honduras,1993,0.16
honduras,1994,0.32
honduras,1995,0.9
honduras,1996,0.73
honduras,1997,0.87
honduras,1998,1.32
honduras,1999,0.84
honduras,2000,1.04
honduras,2001,1.3
honduras,2002,1.48
honduras,2003,1.61
honduras,2004,2.29
honduras,2005,2.31
honduras,2006,1.61
honduras,2007,2.68
honduras,2008,2.7
honduras,2009,2.29
honduras,2010,2.26
honduras,2011,2.9
honduras,2012,1.83
honduras,2013,2.19
honduras,2014,3.58
hungary,1990,23.43
hungary,1991,24.16
hungary,1992,24.59
hungary,1993,24.91
hungary,1994,24.33
hungary,1995,24.69
hungary,1996,25.02
hungary,1997,26.05
hungary,1998,26.9
hungary,1999,26.57
hungary,2000,23.81
hungary,2001,24
hungary,2002,22.59
hungary,2003,23.58
hungary,2004,21.52
hungary,2005,19.61
hungary,2006,19.93
hungary,2007,20.8
hungary,2008,20.01
hungary,2009,16.91
hungary,2010,17.72
hungary,2011,17.08
hungary,2012,16.17
hungary,2013,13.77
hungary,2014,12.54
iceland,1990,0
iceland,1991,0
iceland,1992,0
iceland,1993,0.01
iceland,1994,0.01
iceland,1995,0.01
iceland,1996,0.01
iceland,1997,0.01
iceland,1998,0.02
iceland,1999,0.04
iceland,2000,0.01
iceland,2001,0.01
iceland,2002,0.01
iceland,2003,0.01
iceland,2004,0.01
iceland,2005,0.01
iceland,2006,0.01
iceland,2007,0.02
iceland,2008,0.01
iceland,2009,0
iceland,2010,0
iceland,2011,0
iceland,2012,0
iceland,2013,0
iceland,2014,0
india,1990,232.04
india,1991,259.12
india,1992,278.73
india,1993,307.05
india,1994,320.13
india,1995,365.29
india,1996,388.51
india,1997,402.47
india,1998,418.62
india,1999,460.12
india,2000,491.65
india,2001,505.72
india,2002,513.87
india,2003,536.68
india,2004,584.96
india,2005,599.82
india,2006,639.03
india,2007,701.37
india,2008,721.45
india,2009,791.2
india,2010,821.09
india,2011,866.45
india,2012,957.03
india,2013,969.17
india,2014,1082.65
indonesia,1990,47.73
indonesia,1991,54.07
indonesia,1992,56.16
indonesia,1993,62.68
indonesia,1994,63.88
indonesia,1995,74.24
indonesia,1996,77.51
indonesia,1997,88.74
indonesia,1998,98.56
indonesia,1999,95.57
indonesia,2000,89.33
indonesia,2001,99.97
indonesia,2002,109.21
indonesia,2003,121.44
indonesia,2004,119.61
indonesia,2005,124.07
indonesia,2006,130.13
indonesia,2007,138.61
indonesia,2008,141.06
indonesia,2009,147.8
indonesia,2010,151.94
indonesia,2011,168.73
indonesia,2012,168.89
indonesia,2013,168.14
indonesia,2014,193.17
iran,1990,41.86
iran,1991,44.88
iran,1992,45.86
iran,1993,54.31
iran,1994,57.78
iran,1995,61.58
iran,1996,64.82
iran,1997,68.71
iran,1998,70.51
iran,1999,89.37
iran,2000,91.02
iran,2001,96.92
iran,2002,102.62
iran,2003,107.29
iran,2004,118.67
iran,2005,130.42
iran,2006,137.39
iran,2007,145.02
iran,2008,157.47
iran,2009,162.03
iran,2010,163.82
iran,2011,170.94
iran,2012,177.73
iran,2013,187.29
iran,2014,190.99
iraq,1990,16.66
iraq,1991,14.25
iraq,1992,29.66
iraq,1993,46.54
iraq,1994,55.9
iraq,1995,53.7
iraq,1996,52.88
iraq,1997,70.32
iraq,1998,37.94
iraq,1999,18.87
iraq,2000,24.93
iraq,2001,31.64
iraq,2002,28.57
iraq,2003,32.23
iraq,2004,30.86
iraq,2005,27.52
iraq,2006,25.17
iraq,2007,17.66
iraq,2008,28.62
iraq,2009,49.18
iraq,2010,57.44
iraq,2011,56.5
iraq,2012,63.4
iraq,2013,73.96
iraq,2014,91.73
ireland,1990,10.86
ireland,1991,11.42
ireland,1992,12.15
ireland,1993,12.17
ireland,1994,12.63
ireland,1995,13.13
ireland,1996,13.74
ireland,1997,14.25
ireland,1998,15.08
ireland,1999,15.56
ireland,2000,15.68
ireland,2001,17.01
ireland,2002,16.37
ireland,2003,15.5
ireland,2004,15.1
ireland,2005,15.58
ireland,2006,15.26
ireland,2007,14.89
ireland,2008,14.61
ireland,2009,13.08
ireland,2010,13.49
ireland,2011,12.09
ireland,2012,13
ireland,2013,11.6
ireland,2014,11.42
israel,1990,19.76
israel,1991,20.11
israel,1992,22.87
israel,1993,24.38
israel,1994,26.06
israel,1995,27.33
israel,1996,28.91
israel,1997,31.13
israel,1998,32.28
israel,1999,33.15
israel,2000,36.02
israel,2001,37.3
israel,2002,40.28
israel,2003,41.05
israel,2004,40.97
israel,2005,40.42
israel,2006,42.72
israel,2007,44.31
israel,2008,43.45
israel,2009,41.06
israel,2010,44.05
israel,2011,46.05
israel,2012,51.01
israel,2013,48.42
israel,2014,43.98
italy,1990,143.41
italy,1991,138.97
italy,1992,138.21
italy,1993,134.86
italy,1994,137.44
italy,1995,149.99
italy,1996,145.37
italy,1997,147.61
italy,1998,151.48
italy,1999,147.39
italy,2000,152.84
italy,2001,149.18
italy,2002,158.85
italy,2003,164.44
italy,2004,178.27
italy,2005,177.7
italy,2006,179.66
italy,2007,179.41
italy,2008,173.51
italy,2009,147.33
italy,2010,153.09
italy,2011,151.97
italy,2012,143.99
italy,2013,122.58
italy,2014,113.69
jamaica,1990,2.02
jamaica,1991,1.96
jamaica,1992,3.61
jamaica,1993,4.75
jamaica,1994,4.05
jamaica,1995,5.24
jamaica,1996,5.05
jamaica,1997,5.24
jamaica,1998,5.45
jamaica,1999,5.5
jamaica,2000,5.51
jamaica,2001,5.55
jamaica,2002,5.66
jamaica,2003,5.94
jamaica,2004,4.51
jamaica,2005,4.29
jamaica,2006,3.67
jamaica,2007,3.72
jamaica,2008,2.77
jamaica,2009,2.85
jamaica,2010,2.85
jamaica,2011,2.93
jamaica,2012,2.78
jamaica,2013,2.65
jamaica,2014,2.54
japan,1990,443.5
japan,1991,445.08
japan,1992,452.99
japan,1993,437.69
japan,1994,481.5
japan,1995,472.43
japan,1996,477.33
japan,1997,475.24
japan,1998,470.09
japan,1999,494.25
japan,2000,507.04
japan,2001,498.4
japan,2002,530.77
japan,2003,550.29
japan,2004,545.02
japan,2005,552.44
japan,2006,540.6
japan,2007,601.22
japan,2008,560.4
japan,2009,516.4
japan,2010,552.68
japan,2011,602.8
japan,2012,648.13
japan,2013,662.2
japan,2014,631.12
jordan,1990,3.57
jordan,1991,3.91
jordan,1992,4.56
jordan,1993,4.69
jordan,1994,4.85
jordan,1995,5.24
jordan,1996,5.57
jordan,1997,5.72
jordan,1998,6.17
jordan,1999,6.02
jordan,2000,5.92
jordan,2001,5.94
jordan,2002,6.72
jordan,2003,6.14
jordan,2004,6.76
jordan,2005,7.07
jordan,2006,7.68
jordan,2007,8.35
jordan,2008,8.97
jordan,2009,9.05
jordan,2010,9.14
jordan,2011,10.08
jordan,2012,11.37
jordan,2013,11.68
jordan,2014,12.64
kazakhstan,1990,115.23
kazakhstan,1991,114.14
kazakhstan,1992,111.93
kazakhstan,1993,102.4
kazakhstan,1994,105.17
kazakhstan,1995,80.1
kazakhstan,1996,72.48
kazakhstan,1997,59.58
kazakhstan,1998,61.16
kazakhstan,1999,58.77
kazakhstan,2000,71.39
kazakhstan,2001,67.45
kazakhstan,2002,85.55
kazakhstan,2003,93.33
kazakhstan,2004,97.08
kazakhstan,2005,99.15
kazakhstan,2006,118.66
kazakhstan,2007,115.23
kazakhstan,2008,122.29
kazakhstan,2009,113.31
kazakhstan,2010,123.64
kazakhstan,2011,126.55
kazakhstan,2012,131.11
kazakhstan,2013,142.28
kazakhstan,2014,141.52
kenya,1990,0.42
kenya,1991,0.41
kenya,1992,0.45
kenya,1993,0.48
kenya,1994,0.55
kenya,1995,0.49
kenya,1996,0.57
kenya,1997,0.61
kenya,1998,1.12
kenya,1999,1.42
kenya,2000,2.19
kenya,2001,1.58
kenya,2002,1.13
kenya,2003,0.93
kenya,2004,1.44
kenya,2005,1.71
kenya,2006,1.9
kenya,2007,1.88
kenya,2008,2.4
kenya,2009,2.95
kenya,2010,2.28
kenya,2011,2.55
kenya,2012,2
kenya,2013,2.56
kenya,2014,1.65
korea_north,1990,16.17
korea_north,1991,15
korea_north,1992,13.82
korea_north,1993,11.52
korea_north,1994,12.06
korea_north,1995,11.4
korea_north,1996,11.39
korea_north,1997,11.03
korea_north,1998,8.7
korea_north,1999,10.5
korea_north,2000,11.58
korea_north,2001,12.05
korea_north,2002,11.51
korea_north,2003,11.65
korea_north,2004,11.89
korea_north,2005,12.24
korea_north,2006,12.23
korea_north,2007,10.32
korea_north,2008,11.42
korea_north,2009,11.14
korea_north,2010,10.39
korea_north,2011,7.48
korea_north,2012,7.46
korea_north,2013,5.4
korea_north,2014,6.13
korea_south,1990,64.84
korea_south,1991,76.31
korea_south,1992,88.07
korea_south,1993,97.33
korea_south,1994,108.76
korea_south,1995,120.44
korea_south,1996,132.99
korea_south,1997,151.7
korea_south,1998,134.31
korea_south,1999,142.28
korea_south,2000,183.88
korea_south,2001,198.95
korea_south,2002,191.14
korea_south,2003,195.93
korea_south,2004,223.99
korea_south,2005,228.52
korea_south,2006,236.58
korea_south,2007,254.11
korea_south,2008,267.97
korea_south,2009,288.6
korea_south,2010,322.83
korea_south,2011,346.49
korea_south,2012,350.67
korea_south,2013,345.82
korea_south,2014,343.44
kuwait,1990,20.74
kuwait,1991,4.82
kuwait,1992,12.05
kuwait,1993,16.09
kuwait,1994,21.13
kuwait,1995,20.69
kuwait,1996,21.01
kuwait,1997,22.3
kuwait,1998,26.21
kuwait,1999,30.95
kuwait,2000,32.32
kuwait,2001,36.63
kuwait,2002,38.68
kuwait,2003,37.52
kuwait,2004,40.32
kuwait,2005,44.63
kuwait,2006,47
kuwait,2007,48.48
kuwait,2008,51.27
kuwait,2009,56.39
kuwait,2010,53.48
kuwait,2011,56.82
kuwait,2012,59.83
kuwait,2013,58.44
kuwait,2014,58.01
kyrgyzstan,1990,3.92
kyrgyzstan,1991,3.93
kyrgyzstan,1992,2.71
kyrgyzstan,1993,1.52
kyrgyzstan,1994,1.2
kyrgyzstan,1995,2.2
kyrgyzstan,1996,2.48
kyrgyzstan,1997,2.41
kyrgyzstan,1998,1.81
kyrgyzstan,1999,1.75
kyrgyzstan,2000,2.01
kyrgyzstan,2001,1.77
kyrgyzstan,2002,1.62
kyrgyzstan,2003,1.67
kyrgyzstan,2004,1.66
kyrgyzstan,2005,2.08
kyrgyzstan,2006,1.95
kyrgyzstan,2007,1.93
kyrgyzstan,2008,2.29
kyrgyzstan,2009,2.13
kyrgyzstan,2010,1.68
kyrgyzstan,2011,1.77
kyrgyzstan,2012,1.88
kyrgyzstan,2013,1.67
kyrgyzstan,2014,2.16
latvia,1990,9.85
latvia,1991,8.82
latvia,1992,7.07
latvia,1993,5.31
latvia,1994,4.46
latvia,1995,4.1
latvia,1996,4.31
latvia,1997,3.81
latvia,1998,3.68
latvia,1999,3.26
latvia,2000,2.71
latvia,2001,2.61
latvia,2002,2.49
latvia,2003,2.44
latvia,2004,2.22
latvia,2005,2.2
latvia,2006,2.23
latvia,2007,2.1
latvia,2008,2.05
latvia,2009,1.98
latvia,2010,2.38
latvia,2011,2.18
latvia,2012,1.97
latvia,2013,2.08
latvia,2014,1.79
lebanon,1990,2.8
lebanon,1991,3.17
lebanon,1992,2.62
lebanon,1993,3.19
lebanon,1994,3.53
lebanon,1995,3.62
lebanon,1996,4.97
lebanon,1997,5.93
lebanon,1998,7.97
lebanon,1999,8.1
lebanon,2000,7.19
lebanon,2001,7.61
lebanon,2002,8.51
lebanon,2003,8.54
lebanon,2004,7.45
lebanon,2005,7.35
lebanon,2006,8.23
lebanon,2007,8.05
lebanon,2008,9.62
lebanon,2009,9.97
lebanon,2010,11.25
lebanon,2011,11.69
lebanon,2012,12.06
lebanon,2013,12.94
lebanon,2014,12.8
libya,1990,16.26
libya,1991,15.8
libya,1992,15.19
libya,1993,15.63
libya,1994,18.12
libya,1995,18.74
libya,1996,19.36
libya,1997,19.15
libya,1998,20.2
libya,1999,18.12
libya,2000,20.02
libya,2001,20.52
libya,2002,22.39
libya,2003,23.88
libya,2004,23.91
libya,2005,24.36
libya,2006,24.38
libya,2007,22.74
libya,2008,23.26
libya,2009,23.85
libya,2010,24.27
libya,2011,18.35
libya,2012,24.03
libya,2013,25.93
libya,2014,25.48
lithuania,1990,13.66
lithuania,1991,14.7
lithuania,1992,8.64
lithuania,1993,7.32
lithuania,1994,7.27
lithuania,1995,6.41
lithuania,1996,7.1
lithuania,1997,6.64
lithuania,1998,7.49
lithuania,1999,6.04
lithuania,2000,5.06
lithuania,2001,5.52
lithuania,2002,5.32
lithuania,2003,5.23
lithuania,2004,5.39
lithuania,2005,5.7
lithuania,2006,5.24
lithuania,2007,4.75
lithuania,2008,4.91
lithuania,2009,4.9
lithuania,2010,5.42
lithuania,2011,4.53
lithuania,2012,4.49
lithuania,2013,3.9
lithuania,2014,3.19
luxembourg,1990,1.73
luxembourg,1991,1.85
luxembourg,1992,1.75
luxembourg,1993,1.77
luxembourg,1994,1.39
luxembourg,1995,0.91
luxembourg,1996,0.73
luxembourg,1997,0.45
luxembourg,1998,0.16
luxembourg,1999,0.18
luxembourg,2000,0.23
luxembourg,2001,0.41
luxembourg,2002,1.15
luxembourg,2003,1.16
luxembourg,2004,1.37
luxembourg,2005,1.35
luxembourg,2006,1.42
luxembourg,2007,1.27
luxembourg,2008,1.1
luxembourg,2009,1.24
luxembourg,2010,1.28
luxembourg,2011,1.09
luxembourg,2012,1.11
luxembourg,2013,0.75
luxembourg,2014,0.77
macedonia_fyr,1990,5.63
macedonia_fyr,1991,5.68
macedonia_fyr,1992,5.68
macedonia_fyr,1993,5.91
macedonia_fyr,1994,5.94
macedonia_fyr,1995,6.07
macedonia_fyr,1996,6.59
macedonia_fyr,1997,6.07
macedonia_fyr,1998,6.97
macedonia_fyr,1999,6.27
macedonia_fyr,2000,6.14
macedonia_fyr,2001,6.53
macedonia_fyr,2002,5.82
macedonia_fyr,2003,6.11
macedonia_fyr,2004,5.96
macedonia_fyr,2005,6.14
macedonia_fyr,2006,6.08
macedonia_fyr,2007,6.21
macedonia_fyr,2008,6.23
macedonia_fyr,2009,5.98
macedonia_fyr,2010,5.32
macedonia_fyr,2011,5.96
macedonia_fyr,2012,5.71
macedonia_fyr,2013,4.79
macedonia_fyr,2014,4.45
malaysia,1990,18.98
malaysia,1991,26.46
malaysia,1992,26.1
malaysia,1993,29.81
malaysia,1994,31.43
malaysia,1995,34.72
malaysia,1996,38.26
malaysia,1997,42.02
malaysia,1998,44.87
malaysia,1999,48.65
malaysia,2000,52.69
malaysia,2001,54.84
malaysia,2002,57.68
malaysia,2003,61.09
malaysia,2004,68.01
malaysia,2005,75.38
malaysia,2006,79.61
malaysia,2007,86.29
malaysia,2008,97.25
malaysia,2009,91.89
malaysia,2010,106.49
malaysia,2011,110.48
malaysia,2012,108.85
malaysia,2013,113.77
malaysia,2014,119.16
malta,1990,1.77
malta,1991,1.61
malta,1992,1.54
malta,1993,2.11
malta,1994,1.81
malta,1995,1.58
malta,1996,1.63
malta,1997,1.6
malta,1998,1.62
malta,1999,1.69
malta,2000,1.59
malta,2001,1.98
malta,2002,1.94
malta,2003,2.14
malta,2004,2.04
malta,2005,2.34
malta,2006,2.18
malta,2007,2.35
malta,2008,1.98
malta,2009,1.86
malta,2010,1.86
malta,2011,1.9
malta,2012,2.02
malta,2013,1.64
malta,2014,1.6
mauritius,1990,0.44
mauritius,1991,0.48
mauritius,1992,0.49
mauritius,1993,0.53
mauritius,1994,0.6
mauritius,1995,0.63
mauritius,1996,0.69
mauritius,1997,0.7
mauritius,1998,0.84
mauritius,1999,1.02
mauritius,2000,1.16
mauritius,2001,1.27
mauritius,2002,1.29
mauritius,2003,1.38
mauritius,2004,1.4
mauritius,2005,1.57
mauritius,2006,1.85
mauritius,2007,1.99
mauritius,2008,2.03
mauritius,2009,2.02
mauritius,2010,2.21
mauritius,2011,2.2
mauritius,2012,2.26
mauritius,2013,2.35
mauritius,2014,2.43
mexico,1990,94.22
mexico,1991,106.55
mexico,1992,107.52
mexico,1993,114.14
mexico,1994,130.4
mexico,1995,121.86
mexico,1996,127.26
mexico,1997,141.42
mexico,1998,158.72
mexico,1999,152.68
mexico,2000,168.33
mexico,2001,172.49
mexico,2002,174.58
mexico,2003,184.83
mexico,2004,182.62
mexico,2005,189.92
mexico,2006,188.57
mexico,2007,192.17
mexico,2008,184.14
mexico,2009,191.95
mexico,2010,192.92
mexico,2011,203.38
mexico,2012,210.55
mexico,2013,200.08
mexico,2014,189.89
moldova,1990,13.66
moldova,1991,12.67
moldova,1992,13.12
moldova,1993,10.49
moldova,1994,8.07
moldova,1995,6.2
moldova,1996,5.98
moldova,1997,5.15
moldova,1998,4.96
moldova,1999,4.36
moldova,2000,4.07
moldova,2001,4.32
moldova,2002,4.02
moldova,2003,4.2
moldova,2004,3.7
moldova,2005,3.78
moldova,2006,3.8
moldova,2007,3.71
moldova,2008,3.73
moldova,2009,3.79
moldova,2010,3.73
moldova,2011,3.52
moldova,2012,3.56
moldova,2013,2.79
moldova,2014,3.27
mongolia,1990,6.63
mongolia,1991,8.25
mongolia,1992,8.02
mongolia,1993,7.23
mongolia,1994,6.65
mongolia,1995,6.6
mongolia,1996,5.87
mongolia,1997,5.51
mongolia,1998,6.26
mongolia,1999,6.14
mongolia,2000,6.59
mongolia,2001,6.42
mongolia,2002,6.99
mongolia,2003,6.5
mongolia,2004,6.66
mongolia,2005,7.67
mongolia,2006,7.57
mongolia,2007,8.04
mongolia,2008,7.96
mongolia,2009,8.32
mongolia,2010,8.92
mongolia,2011,9.34
mongolia,2012,10.1
mongolia,2013,11.15
mongolia,2014,11.59
montenegro,2005,1.13
montenegro,2006,1.29
montenegro,2007,1.01
montenegro,2008,1.54
montenegro,2009,0.82
montenegro,2010,1.73
montenegro,2011,1.77
montenegro,2012,1.58
montenegro,2013,1.54
montenegro,2014,1.49
morocco,1990,7.92
morocco,1991,7.85
morocco,1992,8.42
morocco,1993,9.25
morocco,1994,10.2
morocco,1995,11.69
morocco,1996,9.95
morocco,1997,10.63
morocco,1998,10.62
morocco,1999,11
morocco,2000,11.24
morocco,2001,13.22
morocco,2002,14.06
morocco,2003,14.52
morocco,2004,15.94
morocco,2005,16.85
morocco,2006,16.99
morocco,2007,16.72
morocco,2008,16.96
morocco,2009,15.87
morocco,2010,17.77
morocco,2011,19.99
morocco,2012,20.55
morocco,2013,19.12
morocco,2014,21.56
mozambique,1990,0.11
mozambique,1991,0.13
mozambique,1992,0.09
mozambique,1993,0.06
mozambique,1994,0.03
mozambique,1995,0.03
mozambique,1996,0.03
mozambique,1997,0.03
mozambique,1998,0.02
mozambique,1999,0.02
mozambique,2000,0.05
mozambique,2001,0.05
mozambique,2002,0.04
mozambique,2003,0.03
mozambique,2004,0.04
mozambique,2005,0.02
mozambique,2006,0.02
mozambique,2007,0.01
mozambique,2008,0.02
mozambique,2009,0.02
mozambique,2010,0.02
mozambique,2011,0.14
mozambique,2012,0.06
mozambique,2013,0.21
mozambique,2014,0.77
myanmar,1990,1.59
myanmar,1991,1.61
myanmar,1992,1.71
myanmar,1993,1.9
myanmar,1994,2.2
myanmar,1995,2.49
myanmar,1996,2.69
myanmar,1997,2.86
myanmar,1998,2.9
myanmar,1999,3.17
myanmar,2000,2.77
myanmar,2001,2.39
myanmar,2002,2.69
myanmar,2003,3.14
myanmar,2004,3.08
myanmar,2005,3.09
myanmar,2006,3.08
myanmar,2007,3.07
myanmar,2008,2.85
myanmar,2009,2.13
myanmar,2010,2.72
myanmar,2011,2.58
myanmar,2012,3.02
myanmar,2013,3.32
myanmar,2014,4.75
namibia,1991,0.07
namibia,1992,0.03
namibia,1993,0.21
namibia,1994,0.23
namibia,1995,0.04
namibia,1996,0.04
namibia,1997,0.04
namibia,1998,0.05
namibia,1999,0.04
namibia,2000,0.01
namibia,2001,0.01
namibia,2002,0
namibia,2003,0.02
namibia,2004,0.01
namibia,2005,0.04
namibia,2006,0.15
namibia,2007,0.17
namibia,2008,0.24
namibia,2009,0.11
namibia,2010,0.03
namibia,2011,0.02
namibia,2012,0.09
namibia,2013,0.08
namibia,2014,0.01
nepal,1990,0
nepal,1991,0.03
nepal,1992,0.04
nepal,1993,0.05
nepal,1994,0.07
nepal,1995,0.03
nepal,1996,0.03
nepal,1997,0.09
nepal,1998,0.09
nepal,1999,0.05
nepal,2000,0.02
nepal,2001,0.01
nepal,2002,0
nepal,2003,0
nepal,2004,0.01
nepal,2005,0.01
nepal,2006,0.01
nepal,2007,0.01
nepal,2008,0.01
nepal,2009,0.01
nepal,2010,0
nepal,2011,0
nepal,2012,0.01
nepal,2013,0.01
nepal,2014,0.11
netherlands,1990,59.18
netherlands,1991,59.02
netherlands,1992,61.31
netherlands,1993,63.04
netherlands,1994,65.51
netherlands,1995,65.71
netherlands,1996,66.73
netherlands,1997,68.09
netherlands,1998,70.5
netherlands,1999,65.34
netherlands,2000,66.87
netherlands,2001,69.95
netherlands,2002,70.85
netherlands,2003,72.09
netherlands,2004,73.65
netherlands,2005,71.11
netherlands,2006,66.03
netherlands,2007,70.5
netherlands,2008,69.5
netherlands,2009,67.99
netherlands,2010,70.92
netherlands,2011,67.6
netherlands,2012,64.76
netherlands,2013,64.75
netherlands,2014,68.01
new_zealand,1990,4.52
new_zealand,1991,4.93
new_zealand,1992,6.09
new_zealand,1993,5.34
new_zealand,1994,4.66
new_zealand,1995,4.34
new_zealand,1996,5.27
new_zealand,1997,7.41
new_zealand,1998,6.95
new_zealand,1999,8.11
new_zealand,2000,7.9
new_zealand,2001,9.58
new_zealand,2002,8.64
new_zealand,2003,10.18
new_zealand,2004,9.84
new_zealand,2005,11.79
new_zealand,2006,11.74
new_zealand,2007,10.19
new_zealand,2008,11.04
new_zealand,2009,8.95
new_zealand,2010,8.49
new_zealand,2011,8.01
new_zealand,2012,9.32
new_zealand,2013,8.26
new_zealand,2014,7.41
nicaragua,1990,0.57
nicaragua,1991,0.6
nicaragua,1992,0.77
nicaragua,1993,0.74
nicaragua,1994,0.84
nicaragua,1995,0.95
nicaragua,1996,1.01
nicaragua,1997,1.09
nicaragua,1998,1.48
nicaragua,1999,1.36
nicaragua,2000,1.48
nicaragua,2001,1.62
nicaragua,2002,1.58
nicaragua,2003,1.6
nicaragua,2004,1.67
nicaragua,2005,1.57
nicaragua,2006,1.69
nicaragua,2007,1.79
nicaragua,2008,1.68
nicaragua,2009,1.81
nicaragua,2010,1.79
nicaragua,2011,1.9
nicaragua,2012,1.71
nicaragua,2013,1.51
nicaragua,2014,1.56
niger,2000,0.22
niger,2001,0.2
niger,2002,0.23
niger,2003,0.24
niger,2004,0.26
niger,2005,0.25
niger,2006,0.22
niger,2007,0.2
niger,2008,0.22
niger,2009,0.24
niger,2010,0.33
niger,2011,0.38
niger,2012,0.43
niger,2013,0.38
niger,2014,0.46
nigeria,1990,8.25
nigeria,1991,9.68
nigeria,1992,11.44
nigeria,1993,11.66
nigeria,1994,10.51
nigeria,1995,10.86
nigeria,1996,11.6
nigeria,1997,12.09
nigeria,1998,11.39
nigeria,1999,12.52
nigeria,2000,13.71
nigeria,2001,14.06
nigeria,2002,14.97
nigeria,2003,13.19
nigeria,2004,15.49
nigeria,2005,16.9
nigeria,2006,16.74
nigeria,2007,17.04
nigeria,2008,17.26
nigeria,2009,15.34
nigeria,2010,19.02
nigeria,2011,22
nigeria,2012,23.63
nigeria,2013,22.76
nigeria,2014,23.5
norway,1990,7.31
norway,1991,6.97
norway,1992,10.29
norway,1993,11.38
norway,1994,12.04
norway,1995,10.65
norway,1996,9.95
norway,1997,12.21
norway,1998,13.23
norway,1999,14.3
norway,2000,9.93
norway,2001,10.65
norway,2002,10.72
norway,2003,11.6
norway,2004,11.76
norway,2005,11.73
norway,2006,12.12
norway,2007,12.46
norway,2008,12.22
norway,2009,13.54
norway,2010,13.82
norway,2011,13.37
norway,2012,12.94
norway,2013,12.22
norway,2014,12.88
oman,1990,5.74
oman,1991,5.88
oman,1992,6.05
oman,1993,6.5
oman,1994,7.1
oman,1995,8.47
oman,1996,8.85
oman,1997,9.42
oman,1998,9.92
oman,1999,10.77
oman,2000,13.28
oman,2001,14.43
oman,2002,14.99
oman,2003,15.41
oman,2004,16.47
oman,2005,15.27
oman,2006,16.39
oman,2007,16.63
oman,2008,17.25
oman,2009,18.71
oman,2010,19.21
oman,2011,20.36
oman,2012,21.39
oman,2013,21.77
oman,2014,23.08
pakistan,1990,16.01
pakistan,1991,17.68
pakistan,1992,20.29
pakistan,1993,22.48
pakistan,1994,23.43
pakistan,1995,26.62
pakistan,1996,27.38
pakistan,1997,29.55
pakistan,1998,28.4
pakistan,1999,32.96
pakistan,2000,34.44
pakistan,2001,35.39
pakistan,2002,35.25
pakistan,2003,31.62
pakistan,2004,35.82
pakistan,2005,37.41
pakistan,2006,42.49
pakistan,2007,43.36
pakistan,2008,43.22
pakistan,2009,45.4
pakistan,2010,41.72
pakistan,2011,40.51
pakistan,2012,41.88
pakistan,2013,45
pakistan,2014,46.29
panama,1990,0.55
panama,1991,0.81
panama,1992,1.2
panama,1993,1.05
panama,1994,1.1
panama,1995,1.26
panama,1996,1.07
panama,1997,1.29
panama,1998,2.02
panama,1999,1.18
panama,2000,1.28
panama,2001,2.21
panama,2002,1.59
panama,2003,2.01
panama,2004,1.55
panama,2005,1.62
panama,2006,1.88
panama,2007,2.07
panama,2008,1.77
panama,2009,2.43
panama,2010,2.73
panama,2011,3.09
panama,2012,2.8
panama,2013,2.91
panama,2014,3.27
paraguay,1990,0.03
paraguay,1991,0.03
paraguay,1992,0.04
paraguay,1993,0.03
paraguay,1994,0
paraguay,1995,0.11
paraguay,1996,0.02
paraguay,1997,0.02
paraguay,1998,0.02
paraguay,1999,0.02
paraguay,2000,0
paraguay,2001,0
paraguay,2002,0
paraguay,2003,0
paraguay,2004,0
paraguay,2005,0
paraguay,2006,0
paraguay,2007,0
paraguay,2008,0
paraguay,2009,0
paraguay,2010,0
paraguay,2011,0
paraguay,2012,0
paraguay,2013,0
paraguay,2014,0
peru,1990,3.98
peru,1991,3.53
peru,1992,4.03
peru,1993,4.1
peru,1994,3.82
peru,1995,4.48
peru,1996,5.44
peru,1997,5.45
peru,1998,4.83
peru,1999,4.94
peru,2000,4.78
peru,2001,4.32
peru,2002,4.89
peru,2003,4.87
peru,2004,6.88
peru,2005,7.41
peru,2006,6.95
peru,2007,7.87
peru,2008,9.95
peru,2009,11.16
peru,2010,14.38
peru,2011,15.96
peru,2012,15.21
peru,2013,13.18
peru,2014,16.45
philippines,1990,10.65
philippines,1991,12
philippines,1992,12.88
philippines,1993,12.96
philippines,1994,15.16
philippines,1995,17.64
philippines,1996,19.93
philippines,1997,22.33
philippines,1998,23.67
philippines,1999,21.23
philippines,2000,25.51
philippines,2001,25.26
philippines,2002,24.67
philippines,2003,26.89
philippines,2004,27.7
philippines,2005,30.73
philippines,2006,26.52
philippines,2007,28.98
philippines,2008,31.65
philippines,2009,31.34
philippines,2010,34.83
philippines,2011,35.86
philippines,2012,38.53
philippines,2013,44.58
philippines,2014,48.01
poland,1990,228.96
poland,1991,223.03
poland,1992,214.47
poland,1993,201.38
poland,1994,200.52
poland,1995,185.9
poland,1996,192.67
poland,1997,186.75
poland,1998,180.33
poland,1999,174.84
poland,2000,172.31
poland,2001,174.01
poland,2002,168
poland,2003,176.3
poland,2004,174.67
poland,2005,173.47
poland,2006,179.12
poland,2007,175.72
poland,2008,170.59
poland,2009,163.16
poland,2010,168.95
poland,2011,169.57
poland,2012,164.33
poland,2013,164.74
poland,2014,155.17
portugal,1990,16.49
portugal,1991,17.08
portugal,1992,20.28
portugal,1993,18.97
portugal,1994,18.97
portugal,1995,21.89
portugal,1996,17.69
portugal,1997,18.85
portugal,1998,21.19
portugal,1999,26.53
portugal,2000,24.05
portugal,2001,23.86
portugal,2002,27.08
portugal,2003,23.17
portugal,2004,24.21
portugal,2005,27.97
portugal,2006,24.47
portugal,2007,22.17
portugal,2008,21.83
portugal,2009,22.73
portugal,2010,17.46
portugal,2011,19.14
portugal,2012,20.23
portugal,2013,18.79
portugal,2014,17.6
qatar,1990,7.73
qatar,1991,8.93
qatar,1992,9.34
qatar,1993,9.95
qatar,1994,10.52
qatar,1995,11.04
qatar,1996,11.61
qatar,1997,12.78
qatar,1998,13.78
qatar,1999,16.01
qatar,2000,13.83
qatar,2001,14.77
qatar,2002,16.01
qatar,2003,17.93
qatar,2004,18.88
qatar,2005,20.77
qatar,2006,24.78
qatar,2007,27.16
qatar,2008,28.07
qatar,2009,30.21
qatar,2010,36.27
qatar,2011,44.01
qatar,2012,46.81
qatar,2013,47.95
qatar,2014,49.31
romania,1990,79.43
romania,1991,68.23
romania,1992,85.34
romania,1993,82.12
romania,1994,69.69
romania,1995,69.71
romania,1996,71.62
romania,1997,63.35
romania,1998,55.02
romania,1999,47.8
romania,2000,49.49
romania,2001,51.31
romania,2002,49.75
romania,2003,54.22
romania,2004,49.52
romania,2005,48.63
romania,2006,50.56
romania,2007,49.17
romania,2008,48.13
romania,2009,40.65
romania,2010,38.76
romania,2011,43.74
romania,2012,39.82
romania,2013,31.89
romania,2014,31.07
russian_federation,1990,1231.4
russian_federation,1991,1261.61
russian_federation,1992,1218.63
russian_federation,1993,1101.7
russian_federation,1994,1014.69
russian_federation,1995,957.88
russian_federation,1996,981.98
russian_federation,1997,910.49
russian_federation,1998,907.28
russian_federation,1999,917.49
russian_federation,2000,930.32
russian_federation,2001,929.27
russian_federation,2002,933.92
russian_federation,2003,956.81
russian_federation,2004,943.13
russian_federation,2005,947.81
russian_federation,2006,994.7
russian_federation,2007,965.59
russian_federation,2008,961.54
russian_federation,2009,891.41
russian_federation,2010,955.94
russian_federation,2011,1015.09
russian_federation,2012,1007.71
russian_federation,2013,972.08
russian_federation,2014,896.82
saudi_arabia,1990,70.98
saudi_arabia,1991,74.64
saudi_arabia,1992,81.17
saudi_arabia,1993,89.05
saudi_arabia,1994,91.07
saudi_arabia,1995,94.56
saudi_arabia,1996,97.59
saudi_arabia,1997,103.01
saudi_arabia,1998,110.08
saudi_arabia,1999,112.47
saudi_arabia,2000,117.41
saudi_arabia,2001,119.91
saudi_arabia,2002,125.34
saudi_arabia,2003,131.73
saudi_arabia,2004,140.35
saudi_arabia,2005,150.43
saudi_arabia,2006,157.52
saudi_arabia,2007,157.82
saudi_arabia,2008,172.14
saudi_arabia,2009,182.48
saudi_arabia,2010,197.56
saudi_arabia,2011,208.32
saudi_arabia,2012,222.34
saudi_arabia,2013,227.16
saudi_arabia,2014,249.03
senegal,1990,0.87
senegal,1991,0.84
senegal,1992,0.95
senegal,1993,0.96
senegal,1994,1.01
senegal,1995,1.03
senegal,1996,1.06
senegal,1997,1.16
senegal,1998,1.22
senegal,1999,1.3
senegal,2000,1.5
senegal,2001,1.65
senegal,2002,1.54
senegal,2003,1.4
senegal,2004,1.58
senegal,2005,1.94
senegal,2006,1.86
senegal,2007,1.73
senegal,2008,1.79
senegal,2009,2.11
senegal,2010,2.11
senegal,2011,2
senegal,2012,2.14
senegal,2013,2.24
senegal,2014,2.33
serbia,1990,40.49
serbia,1991,35.93
serbia,1992,34.27
serbia,1993,31.54
serbia,1994,28.84
serbia,1995,36.47
serbia,1996,35.5
serbia,1997,38.48
serbia,1998,38.13
serbia,1999,28.52
serbia,2000,32.13
serbia,2001,31.67
serbia,2002,33.19
serbia,2003,34.74
serbia,2004,35.82
serbia,2005,33.07
serbia,2006,34.92
serbia,2007,31.32
serbia,2008,30.59
serbia,2009,32.35
serbia,2010,31.53
serbia,2011,34.68
serbia,2012,31.42
serbia,2013,33.02
serbia,2014,26.46
singapore,1990,23.14
singapore,1991,23.87
singapore,1992,25.46
singapore,1993,30.19
singapore,1994,31.53
singapore,1995,30.83
singapore,1996,32.36
singapore,1997,31.88
singapore,1998,31
singapore,1999,31.72
singapore,2000,33.01
singapore,2001,32.64
singapore,2002,31.63
singapore,2003,27.88
singapore,2004,28.78
singapore,2005,26.56
singapore,2006,26.58
singapore,2007,27.11
singapore,2008,26.68
singapore,2009,24.26
singapore,2010,26.62
singapore,2011,28.03
singapore,2012,27.51
singapore,2013,26.97
singapore,2014,26.58
slovakia,1990,17.75
slovakia,1991,17.18
slovakia,1992,16.56
slovakia,1993,18.11
slovakia,1994,16.34
slovakia,1995,17.98
slovakia,1996,17.28
slovakia,1997,17.28
slovakia,1998,16.59
slovakia,1999,16.47
slovakia,2000,14.41
slovakia,2001,16.43
slovakia,2002,14.94
slovakia,2003,17.13
slovakia,2004,16.22
slovakia,2005,16.06
slovakia,2006,15.67
slovakia,2007,14.87
slovakia,2008,13.65
slovakia,2009,13.11
slovakia,2010,13.79
slovakia,2011,13.59
slovakia,2012,12.92
slovakia,2013,12.65
slovakia,2014,11.34
slovenia,1990,6.33
slovenia,1991,5.46
slovenia,1992,5.97
slovenia,1993,6.04
slovenia,1994,5.64
slovenia,1995,5.94
slovenia,1996,5.66
slovenia,1997,5.97
slovenia,1998,6.35
slovenia,1999,5.54
slovenia,2000,5.67
slovenia,2001,6.16
slovenia,2002,6.48
slovenia,2003,6.18
slovenia,2004,6.25
slovenia,2005,6.31
slovenia,2006,6.45
slovenia,2007,6.56
slovenia,2008,6.38
slovenia,2009,6.11
slovenia,2010,6.22
slovenia,2011,6.3
slovenia,2012,6.02
slovenia,2013,5.81
slovenia,2014,4.55
south_africa,1990,145.83
south_africa,1991,145.37
south_africa,1992,147.68
south_africa,1993,157.52
south_africa,1994,161.41
south_africa,1995,169.48
south_africa,1996,177.43
south_africa,1997,187.34
south_africa,1998,194.4
south_africa,1999,184.41
south_africa,2000,191.94
south_africa,2001,227.32
south_africa,2002,230.55
south_africa,2003,245.68
south_africa,2004,261.32
south_africa,2005,251.02
south_africa,2006,252.18
south_africa,2007,265.55
south_africa,2008,293.37
south_africa,2009,255.58
south_africa,2010,286.28
south_africa,2011,272.65
south_africa,2012,277.54
south_africa,2013,281.39
south_africa,2014,295.14
spain,1990,77.97
spain,1991,79.21
spain,1992,88.81
spain,1993,78.22
spain,1994,80.14
spain,1995,89.27
spain,1996,76.78
spain,1997,89.16
spain,1998,88.55
spain,1999,106.66
spain,2000,110.82
spain,2001,103.57
spain,2002,118.64
spain,2003,112.19
spain,2004,120.8
spain,2005,130.43
spain,2006,128.78
spain,2007,136.48
spain,2008,120.06
spain,2009,103.83
spain,2010,88.16
spain,2011,101.28
spain,2012,109.33
spain,2013,85.9
spain,2014,86.78
sri_lanka,1990,0.15
sri_lanka,1991,0.33
sri_lanka,1992,0.79
sri_lanka,1993,0.42
sri_lanka,1994,0.44
sri_lanka,1995,0.36
sri_lanka,1996,1.21
sri_lanka,1997,1.5
sri_lanka,1998,1.33
sri_lanka,1999,1.56
sri_lanka,2000,3.32
sri_lanka,2001,3.07
sri_lanka,2002,3.51
sri_lanka,2003,3.96
sri_lanka,2004,4.45
sri_lanka,2005,4.64
sri_lanka,2006,3.4
sri_lanka,2007,4.1
sri_lanka,2008,4.03
sri_lanka,2009,4.11
sri_lanka,2010,3.41
sri_lanka,2011,5.18
sri_lanka,2012,6.51
sri_lanka,2013,4.08
sri_lanka,2014,6.83
sudan,1990,0.51
sudan,1991,0.58
sudan,1992,0.51
sudan,1993,0.89
sudan,1994,0.67
sudan,1995,0.89
sudan,1996,1.02
sudan,1997,1.12
sudan,1998,0.93
sudan,1999,1.13
sudan,2000,1.47
sudan,2001,1.52
sudan,2002,2.15
sudan,2003,2.36
sudan,2004,2.49
sudan,2005,2.75
sudan,2006,3.44
sudan,2007,3.51
sudan,2008,3.89
sudan,2009,3.28
sudan,2010,1.65
sudan,2011,2.2
sudan,2012,2.11
sudan,2013,2.13
sudan,2014,2.2
suriname,2000,0.27
suriname,2001,0.32
suriname,2002,0.28
suriname,2003,0.36
suriname,2004,0.47
suriname,2005,0.7
suriname,2006,0.51
suriname,2007,0.41
suriname,2008,0.41
suriname,2009,0.43
suriname,2010,0.55
suriname,2011,0.78
suriname,2012,0.75
suriname,2013,0.91
suriname,2014,0.83
sweden,1990,9.77
sweden,1991,11.94
sweden,1992,11.64
sweden,1993,11.88
sweden,1994,12.42
sweden,1995,11.7
sweden,1996,16.17
sweden,1997,11.94
sweden,1998,12.87
sweden,1999,11.65
sweden,2000,9.73
sweden,2001,10.48
sweden,2002,11.62
sweden,2003,12.92
sweden,2004,12.37
sweden,2005,11.17
sweden,2006,11.37
sweden,2007,9.86
sweden,2008,10.13
sweden,2009,10.37
sweden,2010,12.9
sweden,2011,10.32
sweden,2012,9.64
sweden,2013,9.26
sweden,2014,9.07
switzerland,1990,2.47
switzerland,1991,2.98
switzerland,1992,3.12
switzerland,1993,2.78
switzerland,1994,2.96
switzerland,1995,2.83
switzerland,1996,2.91
switzerland,1997,3.11
switzerland,1998,3.61
switzerland,1999,3.4
switzerland,2000,3.25
switzerland,2001,3.4
switzerland,2002,3.49
switzerland,2003,3.5
switzerland,2004,3.88
switzerland,2005,3.99
switzerland,2006,4.08
switzerland,2007,3.74
switzerland,2008,3.86
switzerland,2009,3.58
switzerland,2010,3.74
switzerland,2011,3.57
switzerland,2012,3.53
switzerland,2013,3.64
switzerland,2014,3.51
syria,1990,7.95
syria,1991,8.03
syria,1992,8.42
syria,1993,8.68
syria,1994,10.46
syria,1995,11.49
syria,1996,12.65
syria,1997,13.53
syria,1998,14.7
syria,1999,15.74
syria,2000,16.28
syria,2001,17.08
syria,2002,18.8
syria,2003,20.33
syria,2004,20.27
syria,2005,23.25
syria,2006,24.79
syria,2007,26.48
syria,2008,28.06
syria,2009,29.54
syria,2010,29.25
syria,2011,26.75
syria,2012,20.32
syria,2013,14.46
syria,2014,12.26
tajikistan,1990,1.53
tajikistan,1991,1.53
tajikistan,1992,1.69
tajikistan,1993,1.29
tajikistan,1994,0.72
tajikistan,1995,0.56
tajikistan,1996,0.58
tajikistan,1997,0.7
tajikistan,1998,0.7
tajikistan,1999,0.7
tajikistan,2000,0.57
tajikistan,2001,0.55
tajikistan,2002,0.47
tajikistan,2003,0.51
tajikistan,2004,0.59
tajikistan,2005,0.59
tajikistan,2006,0.59
tajikistan,2007,0.31
tajikistan,2008,0.2
tajikistan,2009,0.08
tajikistan,2010,0.04
tajikistan,2011,0.04
tajikistan,2012,0.05
tajikistan,2013,0.04
tajikistan,2014,0.2
tanzania,1990,0.29
tanzania,1991,0.29
tanzania,1992,0.29
tanzania,1993,0.35
tanzania,1994,0.44
tanzania,1995,0.6
tanzania,1996,0.44
tanzania,1997,0.48
tanzania,1998,0.11
tanzania,1999,0.18
tanzania,2000,0.33
tanzania,2001,0.15
tanzania,2002,0.12
tanzania,2003,0.11
tanzania,2004,1.25
tanzania,2005,1.36
tanzania,2006,1.59
tanzania,2007,1.38
tanzania,2008,1.23
tanzania,2009,1.2
tanzania,2010,1.47
tanzania,2011,1.92
tanzania,2012,2.49
tanzania,2013,2.85
tanzania,2014,2.42
thailand,1990,30.76
thailand,1991,37.12
thailand,1992,40.5
thailand,1993,43.83
thailand,1994,48.36
thailand,1995,52.89
thailand,1996,60.57
thailand,1997,65.12
thailand,1998,62.46
thailand,1999,62.22
thailand,2000,64.28
thailand,2001,67.56
thailand,2002,69.69
thailand,2003,72.8
thailand,2004,79.93
thailand,2005,84.65
thailand,2006,86.36
thailand,2007,96.06
thailand,2008,99.27
thailand,2009,88.63
thailand,2010,98.06
thailand,2011,97.73
thailand,2012,106.18
thailand,2013,114.79
thailand,2014,113.48
togo,1990,0.07
togo,1991,0.1
togo,1992,0.04
togo,1993,0.07
togo,1994,0.11
togo,1995,0.06
togo,1996,0.05
togo,1997,0.06
togo,1998,0.14
togo,1999,0.08
togo,2000,0.1
togo,2001,0.18
togo,2002,0.05
togo,2003,0.04
togo,2004,0.08
togo,2005,0.07
togo,2006,0.1
togo,2007,0.08
togo,2008,0.02
togo,2009,0.04
togo,2010,0.07
togo,2011,0.02
togo,2012,0.02
togo,2013,0.02
togo,2014,0.02
trinidad_tobago,1990,4.71
trinidad_tobago,1991,5.01
trinidad_tobago,1992,5.31
trinidad_tobago,1993,5.22
trinidad_tobago,1994,5.22
trinidad_tobago,1995,5.15
trinidad_tobago,1996,5.31
trinidad_tobago,1997,5.65
trinidad_tobago,1998,5.96
trinidad_tobago,1999,5.87
trinidad_tobago,2000,5.91
trinidad_tobago,2001,6.9
trinidad_tobago,2002,7.93
trinidad_tobago,2003,10.46
trinidad_tobago,2004,10.83
trinidad_tobago,2005,11.72
trinidad_tobago,2006,13.88
trinidad_tobago,2007,13.29
trinidad_tobago,2008,13.14
trinidad_tobago,2009,12.7
trinidad_tobago,2010,14.49
trinidad_tobago,2011,15.15
trinidad_tobago,2012,14.27
trinidad_tobago,2013,14.88
trinidad_tobago,2014,14.42
tunisia,1990,4
tunisia,1991,4.39
tunisia,1992,4.64
tunisia,1993,4.7
tunisia,1994,4.76
tunisia,1995,4.73
tunisia,1996,5
tunisia,1997,5.39
tunisia,1998,5.76
tunisia,1999,6.21
tunisia,2000,6.32
tunisia,2001,6.88
tunisia,2002,6.91
tunisia,2003,5.74
tunisia,2004,5.9
tunisia,2005,6.16
tunisia,2006,6.65
tunisia,2007,7.18
tunisia,2008,7.26
tunisia,2009,7.62
tunisia,2010,8.44
tunisia,2011,8.32
tunisia,2012,9.08
tunisia,2013,9.24
tunisia,2014,9.7
turkey,1990,39.08
turkey,1991,40.83
turkey,1992,44.45
turkey,1993,44.8
turkey,1994,50.3
turkey,1995,51.63
turkey,1996,57.45
turkey,1997,63.01
turkey,1998,67.49
turkey,1999,71.76
turkey,2000,74.92
turkey,2001,76.62
turkey,2002,71.46
turkey,2003,72.21
turkey,2004,73.65
turkey,2005,81.19
turkey,2006,90.24
turkey,2007,106.42
turkey,2008,114.42
turkey,2009,112.18
turkey,2010,113.05
turkey,2011,123.25
turkey,2012,126.34
turkey,2013,121.29
turkey,2014,143.39
turkmenistan,1990,13.07
turkmenistan,1991,11.67
turkmenistan,1992,5.9
turkmenistan,1993,8.3
turkmenistan,1994,11.21
turkmenistan,1995,11.81
turkmenistan,1996,9.58
turkmenistan,1997,9.81
turkmenistan,1998,9.35
turkmenistan,1999,11.41
turkmenistan,2000,14.12
turkmenistan,2001,15.29
turkmenistan,2002,15.64
turkmenistan,2003,16.38
turkmenistan,2004,17.32
turkmenistan,2005,18.6
turkmenistan,2006,19.35
turkmenistan,2007,21.08
turkmenistan,2008,22.26
turkmenistan,2009,18.72
turkmenistan,2010,21.57
turkmenistan,2011,22.68
turkmenistan,2012,23.31
turkmenistan,2013,23.6
turkmenistan,2014,24
ukraine,1990,357.13
ukraine,1991,319.45
ukraine,1992,272.91
ukraine,1993,260.11
ukraine,1994,220.38
ukraine,1995,204.11
ukraine,1996,164.97
ukraine,1997,153.19
ukraine,1998,147.17
ukraine,1999,144.94
ukraine,2000,140.16
ukraine,2001,135.52
ukraine,2002,135.3
ukraine,2003,154.03
ukraine,2004,128.2
ukraine,2005,138.37
ukraine,2006,138.03
ukraine,2007,139.05
ukraine,2008,136.79
ukraine,2009,120.72
ukraine,2010,129.86
ukraine,2011,137.76
ukraine,2012,140.22
ukraine,2013,135.19
ukraine,2014,118.21
united_arab_emirates,1990,13.65
united_arab_emirates,1991,13.91
united_arab_emirates,1992,14.91
united_arab_emirates,1993,17.16
united_arab_emirates,1994,18.86
united_arab_emirates,1995,20.2
united_arab_emirates,1996,21.49
united_arab_emirates,1997,23.29
united_arab_emirates,1998,25.56
united_arab_emirates,1999,28.13
united_arab_emirates,2000,31
united_arab_emirates,2001,34.19
united_arab_emirates,2002,37.86
united_arab_emirates,2003,41.87
united_arab_emirates,2004,49.94
united_arab_emirates,2005,53.33
united_arab_emirates,2006,56.9
united_arab_emirates,2007,56.99
united_arab_emirates,2008,68.2
united_arab_emirates,2009,59.3
united_arab_emirates,2010,60.78
united_arab_emirates,2011,61.56
united_arab_emirates,2012,67.77
united_arab_emirates,2013,67.84
united_arab_emirates,2014,72.84
united_kingdom,1990,246.32
united_kingdom,1991,246.2
united_kingdom,1992,245.7
united_kingdom,1993,224.39
united_kingdom,1994,218.56
united_kingdom,1995,216.01
united_kingdom,1996,223.29
united_kingdom,1997,210.95
united_kingdom,1998,215.99
united_kingdom,1999,215.05
united_kingdom,2000,225.57
united_kingdom,2001,234.45
united_kingdom,2002,229.9
united_kingdom,2003,241.35
united_kingdom,2004,239.28
united_kingdom,2005,243.13
united_kingdom,2006,248.55
united_kingdom,2007,242.2
united_kingdom,2008,231.79
united_kingdom,2009,203.88
united_kingdom,2010,208.87
united_kingdom,2011,197.16
united_kingdom,2012,211.86
united_kingdom,2013,198.12
united_kingdom,2014,171.01
united_states_of_america,1990,2159.69
united_states_of_america,1991,2179.79
united_states_of_america,1992,2276.82
united_states_of_america,1993,2335.35
united_states_of_america,1994,2360.52
united_states_of_america,1995,2423.24
united_states_of_america,1996,2503.83
united_states_of_america,1997,2640.69
united_states_of_america,1998,2670.23
united_states_of_america,1999,2644.66
united_states_of_america,2000,2714.73
united_states_of_america,2001,2716.28
united_states_of_america,2002,2670.65
united_states_of_america,2003,2706.83
united_states_of_america,2004,2741.62
united_states_of_america,2005,2790.81
united_states_of_america,2006,2722.71
united_states_of_america,2007,2789.19
united_states_of_america,2008,2719.23
united_states_of_america,2009,2488.77
united_states_of_america,2010,2609.21
united_states_of_america,2011,2513.17
united_states_of_america,2012,2362.29
united_states_of_america,2013,2379.65
united_states_of_america,2014,2380.56
uruguay,1990,0.52
uruguay,1991,0.9
uruguay,1992,1.09
uruguay,1993,0.63
uruguay,1994,0.13
uruguay,1995,0.56
uruguay,1996,0.93
uruguay,1997,0.69
uruguay,1998,0.6
uruguay,1999,1.62
uruguay,2000,0.71
uruguay,2001,0.31
uruguay,2002,0.26
uruguay,2003,0.28
uruguay,2004,1.26
uruguay,2005,1.16
uruguay,2006,2.02
uruguay,2007,1.25
uruguay,2008,3.05
uruguay,2009,2.9
uruguay,2010,1.2
uruguay,2011,2.29
uruguay,2012,3.24
uruguay,2013,1.84
uruguay,2014,0.97
uzbekistan,1990,47.21
uzbekistan,1991,47.21
uzbekistan,1992,48.25
uzbekistan,1993,47.11
uzbekistan,1994,41.75
uzbekistan,1995,35.76
uzbekistan,1996,37.97
uzbekistan,1997,38.27
uzbekistan,1998,41.3
uzbekistan,1999,40.65
uzbekistan,2000,41.45
uzbekistan,2001,42.23
uzbekistan,2002,43.32
uzbekistan,2003,42.07
uzbekistan,2004,41.38
uzbekistan,2005,40.53
uzbekistan,2006,41.51
uzbekistan,2007,41.47
uzbekistan,2008,38.3
uzbekistan,2009,39.26
uzbekistan,2010,39.4
uzbekistan,2011,40.9
uzbekistan,2012,40.46
uzbekistan,2013,40.74
uzbekistan,2014,41.56
venezuela,1990,36.45
venezuela,1991,32.93
venezuela,1992,36.66
venezuela,1993,37.34
venezuela,1994,37.84
venezuela,1995,39.16
venezuela,1996,43.1
venezuela,1997,49.57
venezuela,1998,50.21
venezuela,1999,41.79
venezuela,2000,48.24
venezuela,2001,51.28
venezuela,2002,48.92
venezuela,2003,48.96
venezuela,2004,47.98
venezuela,2005,50.99
venezuela,2006,54.87
venezuela,2007,57.18
venezuela,2008,66.2
venezuela,2009,67.17
venezuela,2010,60.26
venezuela,2011,52.24
venezuela,2012,58.88
venezuela,2013,57.38
venezuela,2014,55.09
vietnam,1990,4.88
vietnam,1991,3.63
vietnam,1992,3.04
vietnam,1993,2.78
vietnam,1994,3.72
vietnam,1995,4.49
vietnam,1996,5.63
vietnam,1997,8.12
vietnam,1998,10.48
vietnam,1999,9.63
vietnam,2000,11.49
vietnam,2001,12.37
vietnam,2002,15.58
vietnam,2003,15.8
vietnam,2004,20.52
vietnam,2005,24.28
vietnam,2006,26.67
vietnam,2007,28.91
vietnam,2008,30.18
vietnam,2009,32.35
vietnam,2010,41.49
vietnam,2011,40.26
vietnam,2012,41.45
vietnam,2013,44.45
vietnam,2014,50.01
world,1990,8603.07
world,1991,8738.68
world,1992,8905.56
world,1993,8955.52
world,1994,9052.04
world,1995,9242.03
world,1996,9597.57
world,1997,9770.59
world,1998,9975.47
world,1999,10027.17
world,2000,10488.22
world,2001,10738.47
world,2002,11010.77
world,2003,11641.98
world,2004,12017.38
world,2005,12534.42
world,2006,13030.9
world,2007,13611.03
world,2008,13583.28
world,2009,13366.78
world,2010,14292.39
world,2011,14877.45
world,2012,15073.84
world,2013,15301.45
world,2014,15308.1
yemen,1990,1.6
yemen,1991,2.11
yemen,1992,2.29
yemen,1993,2.17
yemen,1994,2.36
yemen,1995,2.67
yemen,1996,2.79
yemen,1997,3.07
yemen,1998,3.32
yemen,1999,4.05
yemen,2000,4.36
yemen,2001,4.65
yemen,2002,4.49
yemen,2003,4.71
yemen,2004,5.1
yemen,2005,5.41
yemen,2006,5.7
yemen,2007,6.53
yemen,2008,6.77
yemen,2009,7.78
yemen,2010,8.09
yemen,2011,6.73
yemen,2012,6.67
yemen,2013,7.64
yemen,2014,6.72
zambia,1990,0.16
zambia,1991,0.17
zambia,1992,0.16
zambia,1993,0.16
zambia,1994,0.14
zambia,1995,0.12
zambia,1996,0.1
zambia,1997,0.15
zambia,1998,0.15
zambia,1999,0.1
zambia,2000,0.08
zambia,2001,0.09
zambia,2002,0.1
zambia,2003,0.1
zambia,2004,0.1
zambia,2005,0.1
zambia,2006,0.07
zambia,2007,0.04
zambia,2008,0.06
zambia,2009,0.05
zambia,2010,0.07
zambia,2011,0.06
zambia,2012,0.07
zambia,2013,0.07
zambia,2014,0.31
zimbabwe,1990,6.99
zimbabwe,1991,8.72
zimbabwe,1992,8.82
zimbabwe,1993,8.06
zimbabwe,1994,8.51
zimbabwe,1995,7.45
zimbabwe,1996,6.68
zimbabwe,1997,5.96
zimbabwe,1998,6.2
zimbabwe,1999,5.95
zimbabwe,2000,5.36
zimbabwe,2001,6.92
zimbabwe,2002,6.35
zimbabwe,2003,4.68
zimbabwe,2004,5.73
zimbabwe,2005,6.04
zimbabwe,2006,3.9
zimbabwe,2007,3.4
zimbabwe,2008,2.71
zimbabwe,2009,2.76
zimbabwe,2010,4.89
zimbabwe,2011,6.01
zimbabwe,2012,5.62
zimbabwe,2013,6.78
zimbabwe,2014,6.83
