country,year,manufacturing_construction_mtco2
albania,1990,2.14
albania,1991,1.41
albania,1992,0.76
albania,1993,0.54
albania,1994,0.46
albania,1995,0.49
albania,1996,0.46
albania,1997,0.24
albania,1998,0.4
albania,1999,0.49
albania,2000,0.47
albania,2001,0.54
albania,2002,0.43
albania,2003,0.5
albania,2004,0.55
albania,2005,0.45
albania,2006,0.68
albania,2007,0.64
albania,2008,0.5
albania,2009,0.78
albania,2010,1.04
albania,2011,1.11
albania,2012,0.64
albania,2013,0.58
albania,2014,0.91
algeria,1990,5.67
algeria,1991,6.22
algeria,1992,6.31
algeria,1993,6.23
algeria,1994,5.97
algeria,1995,6.26
algeria,1996,5.88
algeria,1997,5.29
algeria,1998,5.66
algeria,1999,6.05
algeria,2000,6.16
algeria,2001,6.25
algeria,2002,6.61
algeria,2003,7.01
algeria,2004,8.09
algeria,2005,8.21
algeria,2006,8.7
algeria,2007,9.72
algeria,2008,10.07
algeria,2009,9.85
algeria,2010,10.95
algeria,2011,11.21
algeria,2012,10.2
algeria,2013,10.13
algeria,2014,10.25
angola,1990,1.76
angola,1991,1.63
angola,1992,1.71
angola,1993,2.19
angola,1994,1.63
angola,1995,1.8
angola,1996,1.88
angola,1997,1.74
angola,1998,1.3
angola,1999,1.48
angola,2000,1.57
angola,2001,1.62
angola,2002,1.78
angola,2003,1.83
angola,2004,2.1
angola,2005,1.72
angola,2006,1.96
angola,2007,2.27
angola,2008,2.1
angola,2009,2.19
angola,2010,2.35
angola,2011,2.44
angola,2012,2.23
angola,2013,1.64
angola,2014,1.5
argentina,1990,14.63
argentina,1991,14.47
argentina,1992,14.51
argentina,1993,14.56
argentina,1994,21.22
argentina,1995,20.09
argentina,1996,22.34
argentina,1997,27.97
argentina,1998,28.64
argentina,1999,27.48
argentina,2000,27.08
argentina,2001,27.58
argentina,2002,26.22
argentina,2003,28.53
argentina,2004,32.32
argentina,2005,31.08
argentina,2006,33.79
argentina,2007,33.96
argentina,2008,33.33
argentina,2009,30.72
argentina,2010,31.5
argentina,2011,31.39
argentina,2012,29.88
argentina,2013,29.88
argentina,2014,32.46
armenia,1990,3.81
armenia,1991,3.99
armenia,1992,1.38
armenia,1993,2
armenia,1994,0.64
armenia,1995,0.51
armenia,1996,0.45
armenia,1997,0.85
armenia,1998,0.97
armenia,1999,1.03
armenia,2000,0.72
armenia,2001,0.8
armenia,2002,0.8
armenia,2003,0.99
armenia,2004,1.1
armenia,2005,1.36
armenia,2006,1.44
armenia,2007,1.17
armenia,2008,1.34
armenia,2009,0.96
armenia,2010,0.52
armenia,2011,0.6
armenia,2012,0.67
armenia,2013,0.66
armenia,2014,0.58
australia,1990,42.83
australia,1991,43.08
australia,1992,42.8
australia,1993,43.7
australia,1994,45.39
australia,1995,46.19
australia,1996,45.97
australia,1997,47.45
australia,1998,47.57
australia,1999,47.44
australia,2000,47.96
australia,2001,47.24
australia,2002,37.9
australia,2003,44.25
australia,2004,45.26
australia,2005,43.78
australia,2006,42.64
australia,2007,43.27
australia,2008,44.78
australia,2009,41.75
australia,2010,38.04
australia,2011,39.62
australia,2012,41.12
australia,2013,43.66
australia,2014,42.94
austria,1990,9.64
austria,1991,10.19
austria,1992,9.25
austria,1993,9.5
austria,1994,9.39
austria,1995,9.84
austria,1996,9.98
austria,1997,11.15
austria,1998,10.5
austria,1999,9.69
austria,2000,10.85
austria,2001,10.71
austria,2002,10.29
austria,2003,11.05
austria,2004,11.71
austria,2005,11.49
austria,2006,11.68
austria,2007,11.32
austria,2008,12.13
austria,2009,11.73
austria,2010,11.6
austria,2011,11.7
austria,2012,11.19
austria,2013,10.93
austria,2014,10.75
azerbaijan,1990,16.27
azerbaijan,1991,17.01
azerbaijan,1992,9.13
azerbaijan,1993,7.16
azerbaijan,1994,6.9
azerbaijan,1995,8.57
azerbaijan,1996,4.43
azerbaijan,1997,3.93
azerbaijan,1998,2.13
azerbaijan,1999,2.59
azerbaijan,2000,2.67
azerbaijan,2001,2.2
azerbaijan,2002,3.01
azerbaijan,2003,2.38
azerbaijan,2004,1.89
azerbaijan,2005,1.69
azerbaijan,2006,1.62
azerbaijan,2007,2.28
azerbaijan,2008,2.65
azerbaijan,2009,1.74
azerbaijan,2010,1.44
azerbaijan,2011,1.73
azerbaijan,2012,2.18
azerbaijan,2013,2.2
azerbaijan,2014,2.3
bahrain,1990,0.03
bahrain,1991,0.03
bahrain,1992,0.03
bahrain,1993,0.03
bahrain,1994,0.03
bahrain,1995,0.04
bahrain,1996,0.05
bahrain,1997,0.07
bahrain,1998,0.07
bahrain,1999,0.08
bahrain,2000,0.08
bahrain,2001,0.13
bahrain,2002,0.13
bahrain,2003,0.12
bahrain,2004,0.14
bahrain,2005,0.17
bahrain,2006,0.19
bahrain,2007,0.21
bahrain,2008,0.24
bahrain,2009,0.29
bahrain,2010,0.72
bahrain,2011,0.79
bahrain,2012,0.43
bahrain,2013,1.76
bahrain,2014,2.16
bangladesh,1990,2.31
bangladesh,1991,1.51
bangladesh,1992,1.49
bangladesh,1993,1.46
bangladesh,1994,1.9
bangladesh,1995,3.32
bangladesh,1996,2.96
bangladesh,1997,3.63
bangladesh,1998,2.86
bangladesh,1999,2.85
bangladesh,2000,4.01
bangladesh,2001,4.57
bangladesh,2002,4.95
bangladesh,2003,5.49
bangladesh,2004,4.12
bangladesh,2005,4.7
bangladesh,2006,5.3
bangladesh,2007,6
bangladesh,2008,7.02
bangladesh,2009,8.16
bangladesh,2010,9.17
bangladesh,2011,9.26
bangladesh,2012,10.26
bangladesh,2013,10.6
bangladesh,2014,10.18
belarus,1990,8.37
belarus,1991,8.15
belarus,1992,5.47
belarus,1993,5.52
belarus,1994,4.17
belarus,1995,3.41
belarus,1996,3.85
belarus,1997,3.87
belarus,1998,4.45
belarus,1999,4.26
belarus,2000,3.22
belarus,2001,3.27
belarus,2002,3.24
belarus,2003,3.61
belarus,2004,3.92
belarus,2005,4.04
belarus,2006,4
belarus,2007,4.27
belarus,2008,4.54
belarus,2009,4.01
belarus,2010,4.4
belarus,2011,4.8
belarus,2012,5.16
belarus,2013,5.26
belarus,2014,5.37
belgium,1990,28.12
belgium,1991,29.01
belgium,1992,26.76
belgium,1993,24.67
belgium,1994,26.62
belgium,1995,25.03
belgium,1996,24.9
belgium,1997,26.14
belgium,1998,27.09
belgium,1999,28.19
belgium,2000,29.43
belgium,2001,30.33
belgium,2002,24.59
belgium,2003,25.03
belgium,2004,22.9
belgium,2005,20.38
belgium,2006,21.2
belgium,2007,20.82
belgium,2008,20.35
belgium,2009,18.4
belgium,2010,20.85
belgium,2011,17.08
belgium,2012,17.23
belgium,2013,18.08
belgium,2014,18.07
benin,1990,0.03
benin,1991,0.02
benin,1992,0.02
benin,1993,0.03
benin,1994,0.02
benin,1995,0.03
benin,1996,0.15
benin,1997,0.18
benin,1998,0.14
benin,1999,0.16
benin,2000,0.16
benin,2001,0.15
benin,2002,0.15
benin,2003,0.14
benin,2004,0.15
benin,2005,0.14
benin,2006,0.13
benin,2007,0.13
benin,2008,0.12
benin,2009,0.15
benin,2010,0.15
benin,2011,0.15
benin,2012,0.16
benin,2013,0.17
benin,2014,0.35
bolivia,1990,0.77
bolivia,1991,0.72
bolivia,1992,0.73
bolivia,1993,0.73
bolivia,1994,0.81
bolivia,1995,0.88
bolivia,1996,0.69
bolivia,1997,0.76
bolivia,1998,0.84
bolivia,1999,0.86
bolivia,2000,0.89
bolivia,2001,0.84
bolivia,2002,0.91
bolivia,2003,0.95
bolivia,2004,1.01
bolivia,2005,1.07
bolivia,2006,1.15
bolivia,2007,1.26
bolivia,2008,1.29
bolivia,2009,1.52
bolivia,2010,1.51
bolivia,2011,1.69
bolivia,2012,1.82
bolivia,2013,2
bolivia,2014,2.11
bosnia_herzegovina,1990,5.91
bosnia_herzegovina,1991,5.78
bosnia_herzegovina,1992,3.66
bosnia_herzegovina,1993,2.73
bosnia_herzegovina,1994,0.65
bosnia_herzegovina,1995,0.67
bosnia_herzegovina,1996,0.35
bosnia_herzegovina,1997,0.56
bosnia_herzegovina,1998,0.46
bosnia_herzegovina,1999,0.43
bosnia_herzegovina,2000,1.5
bosnia_herzegovina,2001,1.33
bosnia_herzegovina,2002,1.49
bosnia_herzegovina,2003,0.39
bosnia_herzegovina,2004,0.81
bosnia_herzegovina,2005,1.07
bosnia_herzegovina,2006,1.13
bosnia_herzegovina,2007,1.21
bosnia_herzegovina,2008,1.28
bosnia_herzegovina,2009,1.37
bosnia_herzegovina,2010,1.61
bosnia_herzegovina,2011,1.79
bosnia_herzegovina,2012,1.81
bosnia_herzegovina,2013,2.23
bosnia_herzegovina,2014,2.12
botswana,1990,0.5
botswana,1991,0.49
botswana,1992,0.69
botswana,1993,0.64
botswana,1994,0.48
botswana,1995,0.4
botswana,1996,0.54
botswana,1997,0.55
botswana,1998,0.95
botswana,1999,0.85
botswana,2000,0.86
botswana,2001,0.93
botswana,2002,1.07
botswana,2003,0.9
botswana,2004,0.64
botswana,2005,0.92
botswana,2006,0.99
botswana,2007,1.21
botswana,2008,1.15
botswana,2009,1.06
botswana,2010,0.57
botswana,2011,0.55
botswana,2012,0.57
botswana,2013,0.6
botswana,2014,0.69
brazil,1990,46.57
brazil,1991,49.97
brazil,1992,50.82
brazil,1993,53.04
brazil,1994,54.91
brazil,1995,58.89
brazil,1996,64.53
brazil,1997,68.28
brazil,1998,70.22
brazil,1999,73.95
brazil,2000,81.27
brazil,2001,79.06
brazil,2002,81.74
brazil,2003,80.45
brazil,2004,82.87
brazil,2005,81.5
brazil,2006,81.63
brazil,2007,90.63
brazil,2008,90.58
brazil,2009,81.57
brazil,2010,95.75
brazil,2011,105.14
brazil,2012,101.19
brazil,2013,98.55
brazil,2014,98.07
brunei,1990,0.12
brunei,1991,0.13
brunei,1992,0.17
brunei,1993,0.17
brunei,1994,0.19
brunei,1995,0.2
brunei,1996,0.23
brunei,1997,0.27
brunei,1998,0.2
brunei,1999,0.17
brunei,2000,0.14
brunei,2001,0.12
brunei,2002,0.12
brunei,2003,0.13
brunei,2004,0.12
brunei,2005,0.12
brunei,2006,1.9
brunei,2007,1.85
brunei,2008,1.93
brunei,2009,0.97
brunei,2010,0.43
brunei,2011,0.47
brunei,2012,0.54
brunei,2013,0.42
brunei,2014,0.34
bulgaria,1990,12.09
bulgaria,1991,9.01
bulgaria,1992,7.48
bulgaria,1993,6.37
bulgaria,1994,7.9
bulgaria,1995,9.06
bulgaria,1996,8.75
bulgaria,1997,14.11
bulgaria,1998,11.32
bulgaria,1999,7.84
bulgaria,2000,8
bulgaria,2001,7.89
bulgaria,2002,7.51
bulgaria,2003,8.11
bulgaria,2004,8.02
bulgaria,2005,7.86
bulgaria,2006,7.98
bulgaria,2007,8.43
bulgaria,2008,6.13
bulgaria,2009,3.52
bulgaria,2010,3.75
bulgaria,2011,3.61
bulgaria,2012,3.28
bulgaria,2013,3.26
bulgaria,2014,3.4
cambodia,1995,0.03
cambodia,1996,0.04
cambodia,1997,0.04
cambodia,1998,0.05
cambodia,1999,0.06
cambodia,2000,0.07
cambodia,2001,0.07
cambodia,2002,0.08
cambodia,2003,0.09
cambodia,2004,0.1
cambodia,2005,0.13
cambodia,2006,0.14
cambodia,2007,0.15
cambodia,2008,0.15
cambodia,2009,0.17
cambodia,2010,0.18
cambodia,2011,0.19
cambodia,2012,0.21
cambodia,2013,0.25
cambodia,2014,0.16
cameroon,1990,0.17
cameroon,1991,0.15
cameroon,1992,0.14
cameroon,1993,0.15
cameroon,1994,0.14
cameroon,1995,0.16
cameroon,1996,0.15
cameroon,1997,0.16
cameroon,1998,0.15
cameroon,1999,0.17
cameroon,2000,0.19
cameroon,2001,0.19
cameroon,2002,0.21
cameroon,2003,0.2
cameroon,2004,0.2
cameroon,2005,0.18
cameroon,2006,0.23
cameroon,2007,0.29
cameroon,2008,0.31
cameroon,2009,0.38
cameroon,2010,0.36
cameroon,2011,0.37
cameroon,2012,0.39
cameroon,2013,0.41
cameroon,2014,0.43
canada,1990,76.36
canada,1991,74.31
canada,1992,73.37
canada,1993,73.26
canada,1994,76.42
canada,1995,77.54
canada,1996,81.09
canada,1997,81.03
canada,1998,78.32
canada,1999,79.05
canada,2000,82.57
canada,2001,76.58
canada,2002,77.86
canada,2003,81.21
canada,2004,83.32
canada,2005,73.07
canada,2006,72.88
canada,2007,74.67
canada,2008,66.77
canada,2009,58.52
canada,2010,61.31
canada,2011,66.17
canada,2012,67.42
canada,2013,65.99
canada,2014,66.82
chile,1990,6.38
chile,1991,6.65
chile,1992,7.55
chile,1993,8.02
chile,1994,7.85
chile,1995,8.86
chile,1996,9.57
chile,1997,12.77
chile,1998,10.69
chile,1999,10.2
chile,2000,10.33
chile,2001,11.24
chile,2002,10.43
chile,2003,10.83
chile,2004,10.64
chile,2005,10.61
chile,2006,12.11
chile,2007,12
chile,2008,12.08
chile,2009,11.28
chile,2010,13.72
chile,2011,13.96
chile,2012,11.58
chile,2013,13.02
chile,2014,14.16
china,1990,745.2
china,1991,778.83
china,1992,807.8
china,1993,861.54
china,1994,903.37
china,1995,1070.07
china,1996,968.64
china,1997,961.05
china,1998,1023.75
china,1999,871.43
china,2000,893.04
china,2001,948.24
china,2002,985.29
china,2003,1123.37
china,2004,1482.29
china,2005,1747.67
china,2006,1882.98
china,2007,2119.83
china,2008,2242.49
china,2009,2413.08
china,2010,2577.86
china,2011,2789.82
china,2012,2763.28
china,2013,2790.24
china,2014,2881.95
colombia,1990,12.05
colombia,1991,12.55
colombia,1992,12.92
colombia,1993,14.3
colombia,1994,15.25
colombia,1995,15
colombia,1996,15.68
colombia,1997,16.47
colombia,1998,15.21
colombia,1999,14.27
colombia,2000,15.59
colombia,2001,15.41
colombia,2002,15.46
colombia,2003,14.06
colombia,2004,13.52
colombia,2005,14.26
colombia,2006,13.07
colombia,2007,13.48
colombia,2008,15.25
colombia,2009,12.82
colombia,2010,13.49
colombia,2011,16.71
colombia,2012,13.37
colombia,2013,13.79
colombia,2014,13.29
congo,1990,0.04
congo,1991,0.06
congo,1992,0.05
congo,1993,0.04
congo,1994,0.03
congo,1995,0.03
congo,1996,0.03
congo,1997,0.02
congo,1998,0
congo,1999,0
congo,2000,0
congo,2001,0.01
congo,2002,0.01
congo,2003,0.04
congo,2004,0.02
congo,2005,0.02
congo,2006,0.03
congo,2007,0.03
congo,2008,0.07
congo,2009,0.06
congo,2010,0.03
congo,2011,0.04
congo,2012,0.12
congo,2013,0.1
congo,2014,0.07
congo_dem_republic,1990,0.86
congo_dem_republic,1991,0
congo_dem_republic,1992,0
congo_dem_republic,1993,0
congo_dem_republic,1994,0
congo_dem_republic,1995,0
congo_dem_republic,1996,0
congo_dem_republic,1997,0
congo_dem_republic,1998,0
congo_dem_republic,1999,0
congo_dem_republic,2000,0.04
congo_dem_republic,2001,0.06
congo_dem_republic,2002,0.07
congo_dem_republic,2003,0.1
congo_dem_republic,2004,0.11
congo_dem_republic,2005,0.13
congo_dem_republic,2006,0.14
congo_dem_republic,2007,0.14
congo_dem_republic,2008,0.14
congo_dem_republic,2009,0.13
congo_dem_republic,2010,0.14
congo_dem_republic,2011,0.14
congo_dem_republic,2012,0.13
congo_dem_republic,2013,0.13
congo_dem_republic,2014,0.13
costa_rica,1990,0.68
costa_rica,1991,0.65
costa_rica,1992,0.55
costa_rica,1993,0.57
costa_rica,1994,0.65
costa_rica,1995,0.67
costa_rica,1996,0.65
costa_rica,1997,0.7
costa_rica,1998,0.76
costa_rica,1999,0.8
costa_rica,2000,0.86
costa_rica,2001,0.9
costa_rica,2002,0.73
costa_rica,2003,0.96
costa_rica,2004,0.93
costa_rica,2005,0.96
costa_rica,2006,0.99
costa_rica,2007,1.21
costa_rica,2008,1.17
costa_rica,2009,1.03
costa_rica,2010,1.03
costa_rica,2011,1.01
costa_rica,2012,1.05
costa_rica,2013,1.01
costa_rica,2014,0.98
cote_d_ivoire,1990,0.4
cote_d_ivoire,1991,0.42
cote_d_ivoire,1992,0.42
cote_d_ivoire,1993,0.43
cote_d_ivoire,1994,0.43
cote_d_ivoire,1995,0.45
cote_d_ivoire,1996,0.52
cote_d_ivoire,1997,0.61
cote_d_ivoire,1998,0.51
cote_d_ivoire,1999,0.76
cote_d_ivoire,2000,0.74
cote_d_ivoire,2001,0.73
cote_d_ivoire,2002,0.68
cote_d_ivoire,2003,0.52
cote_d_ivoire,2004,0.54
cote_d_ivoire,2005,0.38
cote_d_ivoire,2006,0.53
cote_d_ivoire,2007,0.41
cote_d_ivoire,2008,0.56
cote_d_ivoire,2009,1.06
cote_d_ivoire,2010,0.97
cote_d_ivoire,2011,0.9
cote_d_ivoire,2012,1
cote_d_ivoire,2013,1.3
cote_d_ivoire,2014,1.39
croatia,1990,5.31
croatia,1991,3.38
croatia,1992,2.9
croatia,1993,2.74
croatia,1994,2.88
croatia,1995,2.64
croatia,1996,2.52
croatia,1997,2.93
croatia,1998,2.93
croatia,1999,2.78
croatia,2000,2.89
croatia,2001,3.07
croatia,2002,2.95
croatia,2003,2.99
croatia,2004,3.41
croatia,2005,3.52
croatia,2006,3.66
croatia,2007,3.73
croatia,2008,3.78
croatia,2009,3.06
croatia,2010,2.88
croatia,2011,2.67
croatia,2012,2.32
croatia,2013,2.3
croatia,2014,2.26
cuba,1990,10.77
cuba,1991,7.35
cuba,1992,6.05
cuba,1993,5.69
cuba,1994,5.98
cuba,1995,6.62
cuba,1996,7.3
cuba,1997,9.34
cuba,1998,9.87
cuba,1999,11.2
cuba,2000,10.97
cuba,2001,11.72
cuba,2002,7.83
cuba,2003,5.65
cuba,2004,4.96
cuba,2005,6.31
cuba,2006,7.72
cuba,2007,8.14
cuba,2008,7.1
cuba,2009,10.15
cuba,2010,11.2
cuba,2011,9.61
cuba,2012,9.63
cuba,2013,8.84
cuba,2014,8.8
cyprus,1990,0.79
cyprus,1991,1.29
cyprus,1992,1.11
cyprus,1993,1.18
cyprus,1994,1.21
cyprus,1995,1.23
cyprus,1996,1.36
cyprus,1997,1.28
cyprus,1998,1.31
cyprus,1999,1.35
cyprus,2000,1.39
cyprus,2001,1.33
cyprus,2002,1.32
cyprus,2003,1.36
cyprus,2004,1.39
cyprus,2005,1
cyprus,2006,0.88
cyprus,2007,0.9
cyprus,2008,0.88
cyprus,2009,0.76
cyprus,2010,0.67
cyprus,2011,0.56
cyprus,2012,0.46
cyprus,2013,0.54
cyprus,2014,0.67
czech_republic,1990,46.69
czech_republic,1991,37.06
czech_republic,1992,40.05
czech_republic,1993,33.01
czech_republic,1994,27.38
czech_republic,1995,26.5
czech_republic,1996,25.37
czech_republic,1997,24.77
czech_republic,1998,23.2
czech_republic,1999,19.91
czech_republic,2000,24.09
czech_republic,2001,22.4
czech_republic,2002,20.5
czech_republic,2003,20.64
czech_republic,2004,20.75
czech_republic,2005,20.18
czech_republic,2006,19.77
czech_republic,2007,18.11
czech_republic,2008,17.25
czech_republic,2009,16.51
czech_republic,2010,14.1
czech_republic,2011,14.34
czech_republic,2012,13.29
czech_republic,2013,12.98
czech_republic,2014,13.54
denmark,1990,5.46
denmark,1991,5.89
denmark,1992,5.75
denmark,1993,5.69
denmark,1994,5.73
denmark,1995,5.97
denmark,1996,5.9
denmark,1997,5.81
denmark,1998,5.65
denmark,1999,5.71
denmark,2000,5.39
denmark,2001,5.58
denmark,2002,5.19
denmark,2003,5.22
denmark,2004,5.35
denmark,2005,5.16
denmark,2006,5.32
denmark,2007,5.14
denmark,2008,4.64
denmark,2009,3.8
denmark,2010,4
denmark,2011,3.98
denmark,2012,3.67
denmark,2013,3.43
denmark,2014,3.44
dominican_republic,1990,0.8
dominican_republic,1991,0.75
dominican_republic,1992,0.84
dominican_republic,1993,0.71
dominican_republic,1994,0.91
dominican_republic,1995,0.98
dominican_republic,1996,1.08
dominican_republic,1997,1.26
dominican_republic,1998,1.05
dominican_republic,1999,1.14
dominican_republic,2000,1.39
dominican_republic,2001,1.37
dominican_republic,2002,2.07
dominican_republic,2003,1.69
dominican_republic,2004,1.69
dominican_republic,2005,1.74
dominican_republic,2006,2.23
dominican_republic,2007,2.15
dominican_republic,2008,2.18
dominican_republic,2009,2.04
dominican_republic,2010,2.16
dominican_republic,2011,2.07
dominican_republic,2012,1.85
dominican_republic,2013,1.94
dominican_republic,2014,2.24
ecuador,1990,2.41
ecuador,1991,2.53
ecuador,1992,2.77
ecuador,1993,2.49
ecuador,1994,2.78
ecuador,1995,2.68
ecuador,1996,3.02
ecuador,1997,3.06
ecuador,1998,3.2
ecuador,1999,2.82
ecuador,2000,3.25
ecuador,2001,3.1
ecuador,2002,3.31
ecuador,2003,3.16
ecuador,2004,3.65
ecuador,2005,4
ecuador,2006,3.9
ecuador,2007,3.72
ecuador,2008,3.94
ecuador,2009,4.23
ecuador,2010,4.2
ecuador,2011,4.61
ecuador,2012,4.7
ecuador,2013,4.87
ecuador,2014,5.14
egypt,1990,26.58
egypt,1991,24.17
egypt,1992,25.79
egypt,1993,28.04
egypt,1994,20.76
egypt,1995,23.19
egypt,1996,25.54
egypt,1997,26.95
egypt,1998,24.97
egypt,1999,26.49
egypt,2000,24.92
egypt,2001,32.48
egypt,2002,30.5
egypt,2003,28.29
egypt,2004,23.35
egypt,2005,32.74
egypt,2006,34.32
egypt,2007,39.23
egypt,2008,36.4
egypt,2009,31.56
egypt,2010,31.3
egypt,2011,31.7
egypt,2012,27.56
egypt,2013,26.46
egypt,2014,26.31
el_salvador,1990,0.5
el_salvador,1991,0.55
el_salvador,1992,0.73
el_salvador,1993,0.73
el_salvador,1994,0.78
el_salvador,1995,0.79
el_salvador,1996,0.69
el_salvador,1997,0.92
el_salvador,1998,1.01
el_salvador,1999,1.04
el_salvador,2000,1.06
el_salvador,2001,1.11
el_salvador,2002,1.15
el_salvador,2003,1.17
el_salvador,2004,1.13
el_salvador,2005,1.18
el_salvador,2006,1.16
el_salvador,2007,1.37
el_salvador,2008,1
el_salvador,2009,0.85
el_salvador,2010,0.85
el_salvador,2011,0.92
el_salvador,2012,1.15
el_salvador,2013,0.64
el_salvador,2014,0.7
eritrea,1992,0.02
eritrea,1993,0.04
eritrea,1994,0.05
eritrea,1995,0.06
eritrea,1996,0.05
eritrea,1997,0.05
eritrea,1998,0.04
eritrea,1999,0.04
eritrea,2000,0.04
eritrea,2001,0.04
eritrea,2002,0.04
eritrea,2003,0.04
eritrea,2004,0.04
eritrea,2005,0.03
eritrea,2006,0.02
eritrea,2007,0.02
eritrea,2008,0.02
eritrea,2009,0.02
eritrea,2010,0.02
eritrea,2011,0.02
eritrea,2012,0.02
eritrea,2013,0.02
eritrea,2014,0.02
estonia,1990,4.31
estonia,1991,3.12
estonia,1992,1.98
estonia,1993,1.82
estonia,1994,1.56
estonia,1995,1.79
estonia,1996,1.86
estonia,1997,1.47
estonia,1998,1.29
estonia,1999,0.84
estonia,2000,0.91
estonia,2001,1.09
estonia,2002,0.78
estonia,2003,0.94
estonia,2004,0.98
estonia,2005,1.05
estonia,2006,1.04
estonia,2007,1.34
estonia,2008,1.22
estonia,2009,0.78
estonia,2010,0.76
estonia,2011,0.93
estonia,2012,0.85
estonia,2013,1.08
estonia,2014,0.85
ethiopia,1990,0.55
ethiopia,1991,0.56
ethiopia,1992,0.26
ethiopia,1993,0.39
ethiopia,1994,0.51
ethiopia,1995,0.56
ethiopia,1996,0.61
ethiopia,1997,0.66
ethiopia,1998,0.72
ethiopia,1999,0.71
ethiopia,2000,0.79
ethiopia,2001,0.96
ethiopia,2002,1
ethiopia,2003,0.95
ethiopia,2004,1.11
ethiopia,2005,1.15
ethiopia,2006,1.23
ethiopia,2007,1.33
ethiopia,2008,1.38
ethiopia,2009,1.35
ethiopia,2010,1.72
ethiopia,2011,2.45
ethiopia,2012,2.29
ethiopia,2013,2.87
ethiopia,2014,3.12
european_union_28,1990,751.82
european_union_28,1991,692.4
european_union_28,1992,627.64
european_union_28,1993,610.08
european_union_28,1994,627.07
european_union_28,1995,643.42
european_union_28,1996,638.91
european_union_28,1997,636.36
european_union_28,1998,606.82
european_union_28,1999,581.34
european_union_28,2000,593.26
european_union_28,2001,587.4
european_union_28,2002,569.26
european_union_28,2003,580.1
european_union_28,2004,563.1
european_union_28,2005,540.38
european_union_28,2006,524.42
european_union_28,2007,524
european_union_28,2008,500.87
european_union_28,2009,417.04
european_union_28,2010,445.89
european_union_28,2011,433.3
european_union_28,2012,419.28
european_union_28,2013,417.54
european_union_28,2014,406.03
finland,1990,13.6
finland,1991,13.1
finland,1992,12.68
finland,1993,12.22
finland,1994,13.45
finland,1995,11.76
finland,1996,11.63
finland,1997,11.92
finland,1998,13.39
finland,1999,12.78
finland,2000,10.98
finland,2001,10.91
finland,2002,10.54
finland,2003,10.22
finland,2004,10.29
finland,2005,9.78
finland,2006,9.79
finland,2007,9.44
finland,2008,9.01
finland,2009,7.31
finland,2010,9
finland,2011,8.45
finland,2012,7.75
finland,2013,7.55
finland,2014,7.55
france,1990,71.67
france,1991,72.68
france,1992,72.13
france,1993,67.56
france,1994,67.9
france,1995,69.69
france,1996,72.6
france,1997,70.89
france,1998,67.65
france,1999,65.93
france,2000,63.22
france,2001,66.34
france,2002,64.8
france,2003,63.92
france,2004,60.7
france,2005,54.89
france,2006,54.33
france,2007,52.61
france,2008,50.91
france,2009,42.55
france,2010,45.76
france,2011,45.58
france,2012,45.59
france,2013,50.12
france,2014,44.84
gabon,1990,0.14
gabon,1991,0.2
gabon,1992,0.27
gabon,1993,0.31
gabon,1994,0.41
gabon,1995,0.45
gabon,1996,0.46
gabon,1997,0.51
gabon,1998,0.52
gabon,1999,0.48
gabon,2000,0.52
gabon,2001,0.53
gabon,2002,0.34
gabon,2003,0.36
gabon,2004,0.34
gabon,2005,0.54
gabon,2006,0.63
gabon,2007,0.52
gabon,2008,0.67
gabon,2009,0.76
gabon,2010,0.92
gabon,2011,1.03
gabon,2012,1.09
gabon,2013,1.2
gabon,2014,1.17
georgia,1990,7.39
georgia,1991,6.8
georgia,1992,4.04
georgia,1993,3.13
georgia,1994,2.14
georgia,1995,0.91
georgia,1996,1.21
georgia,1997,0.94
georgia,1998,0.77
georgia,1999,0.65
georgia,2000,0.65
georgia,2001,0.33
georgia,2002,0.27
georgia,2003,0.35
georgia,2004,0.26
georgia,2005,0.3
georgia,2006,0.43
georgia,2007,0.49
georgia,2008,0.63
georgia,2009,0.64
georgia,2010,0.58
georgia,2011,1.03
georgia,2012,1.08
georgia,2013,1.7
georgia,2014,1.62
germany,1990,156.14
germany,1991,133.58
germany,1992,124.74
germany,1993,117.5
germany,1994,117.89
germany,1995,116.59
germany,1996,110.47
germany,1997,108.16
germany,1998,105.95
germany,1999,101.64
germany,2000,102.69
germany,2001,96.39
germany,2002,95.8
germany,2003,98.53
germany,2004,97.02
germany,2005,94.72
germany,2006,96.61
germany,2007,96.03
germany,2008,99.82
germany,2009,86.83
germany,2010,97.08
germany,2011,95.94
germany,2012,92.97
germany,2013,92.7
germany,2014,89.99
ghana,1990,0.3
ghana,1991,0.29
ghana,1992,0.34
ghana,1993,0.35
ghana,1994,0.41
ghana,1995,0.45
ghana,1996,0.49
ghana,1997,0.51
ghana,1998,0.58
ghana,1999,0.66
ghana,2000,0.68
ghana,2001,0.65
ghana,2002,0.83
ghana,2003,0.82
ghana,2004,0.9
ghana,2005,0.94
ghana,2006,1.02
ghana,2007,1.04
ghana,2008,0.99
ghana,2009,1.32
ghana,2010,1.26
ghana,2011,1.44
ghana,2012,1.65
ghana,2013,1.7
ghana,2014,1.65
greece,1990,9.63
greece,1991,9.53
greece,1992,9.17
greece,1993,8.97
greece,1994,8.89
greece,1995,9.63
greece,1996,10.31
greece,1997,10.43
greece,1998,10.39
greece,1999,9.3
greece,2000,10.2
greece,2001,10.33
greece,2002,9.89
greece,2003,9.53
greece,2004,8.79
greece,2005,8.7
greece,2006,9.03
greece,2007,10.21
greece,2008,8.53
greece,2009,6.45
greece,2010,6.67
greece,2011,5.77
greece,2012,5.83
greece,2013,5.63
greece,2014,5.99
guatemala,1990,0.71
guatemala,1991,0.76
guatemala,1992,0.84
guatemala,1993,1.04
guatemala,1994,1.09
guatemala,1995,1.28
guatemala,1996,1.22
guatemala,1997,1.25
guatemala,1998,1.29
guatemala,1999,1.13
guatemala,2000,1.29
guatemala,2001,1.31
guatemala,2002,1.14
guatemala,2003,0.95
guatemala,2004,1.52
guatemala,2005,1.65
guatemala,2006,1.66
guatemala,2007,1.99
guatemala,2008,1.55
guatemala,2009,1.76
guatemala,2010,1.43
guatemala,2011,1.72
guatemala,2012,1.74
guatemala,2013,2.5
guatemala,2014,5.52
haiti,1990,0.18
haiti,1991,0.22
haiti,1992,0.22
haiti,1993,0.13
haiti,1994,0.02
haiti,1995,0.14
haiti,1996,0.16
haiti,1997,0.25
haiti,1998,0.31
haiti,1999,0.35
haiti,2000,0.25
haiti,2001,0.25
haiti,2002,0.44
haiti,2003,0.43
haiti,2004,0.36
haiti,2005,0.38
haiti,2006,0.39
haiti,2007,0.51
haiti,2008,0.51
haiti,2009,0.46
haiti,2010,0.53
haiti,2011,0.55
haiti,2012,0.35
haiti,2013,0.48
haiti,2014,0.68
honduras,1990,0.76
honduras,1991,0.76
honduras,1992,0.78
honduras,1993,0.76
honduras,1994,0.78
honduras,1995,0.75
honduras,1996,0.92
honduras,1997,0.71
honduras,1998,0.78
honduras,1999,0.74
honduras,2000,1.04
honduras,2001,0.65
honduras,2002,0.73
honduras,2003,0.84
honduras,2004,0.99
honduras,2005,1.16
honduras,2006,1.33
honduras,2007,1.77
honduras,2008,1.52
honduras,2009,1.29
honduras,2010,1.32
honduras,2011,1.75
honduras,2012,2.59
honduras,2013,2.33
honduras,2014,0.85
hungary,1990,14.05
hungary,1991,11.75
hungary,1992,9.46
hungary,1993,8.87
hungary,1994,8.38
hungary,1995,8.29
hungary,1996,8.54
hungary,1997,6.87
hungary,1998,6.42
hungary,1999,6.21
hungary,2000,5.76
hungary,2001,6
hungary,2002,6.05
hungary,2003,5.9
hungary,2004,5.81
hungary,2005,5.93
hungary,2006,5.76
hungary,2007,5.67
hungary,2008,5.55
hungary,2009,4.09
hungary,2010,4.36
hungary,2011,4.32
hungary,2012,3.76
hungary,2013,5.62
hungary,2014,6.28
iceland,1990,0.55
iceland,1991,0.48
iceland,1992,0.47
iceland,1993,0.48
iceland,1994,0.56
iceland,1995,0.52
iceland,1996,0.63
iceland,1997,0.64
iceland,1998,0.63
iceland,1999,0.58
iceland,2000,0.76
iceland,2001,0.79
iceland,2002,0.82
iceland,2003,0.77
iceland,2004,0.85
iceland,2005,0.83
iceland,2006,0.75
iceland,2007,0.7
iceland,2008,0.61
iceland,2009,0.51
iceland,2010,0.49
iceland,2011,0.47
iceland,2012,0.5
iceland,2013,0.55
iceland,2014,0.6
india,1990,148
india,1991,152.06
india,1992,155
india,1993,152.67
india,1994,162.32
india,1995,155.65
india,1996,155.32
india,1997,169.82
india,1998,177.78
india,1999,184.13
india,2000,187.43
india,2001,188.36
india,2002,202.22
india,2003,189.53
india,2004,202.19
india,2005,231.41
india,2006,257.72
india,2007,289.92
india,2008,315.81
india,2009,367.4
india,2010,414.09
india,2011,449.66
india,2012,451
india,2013,499.6
india,2014,533.36
indonesia,1990,30.63
indonesia,1991,30.74
indonesia,1992,32.48
indonesia,1993,35.72
indonesia,1994,41.64
indonesia,1995,50.88
indonesia,1996,50.73
indonesia,1997,54.9
indonesia,1998,52.07
indonesia,1999,67.93
indonesia,2000,58.31
indonesia,2001,62.36
indonesia,2002,59.13
indonesia,2003,74.8
indonesia,2004,80.48
indonesia,2005,81.54
indonesia,2006,104.94
indonesia,2007,107.02
indonesia,2008,96.27
indonesia,2009,96.39
indonesia,2010,92.65
indonesia,2011,77.52
indonesia,2012,70.8
indonesia,2013,71.74
indonesia,2014,80.3
iran,1990,37.33
iran,1991,45.88
iran,1992,44.86
iran,1993,36.5
iran,1994,41.51
iran,1995,43.35
iran,1996,37.28
iran,1997,42.62
iran,1998,38.29
iran,1999,42.78
iran,2000,43.43
iran,2001,43.71
iran,2002,44.95
iran,2003,48.98
iran,2004,51.79
iran,2005,57.98
iran,2006,61.51
iran,2007,74.74
iran,2008,79.53
iran,2009,78.48
iran,2010,84.23
iran,2011,84.62
iran,2012,87.4
iran,2013,86.76
iran,2014,92.62
iraq,1990,7.79
iraq,1991,6.89
iraq,1992,8.68
iraq,1993,9.6
iraq,1994,10.35
iraq,1995,10.16
iraq,1996,10.3
iraq,1997,9.8
iraq,1998,9.76
iraq,1999,10.08
iraq,2000,10.46
iraq,2001,10.85
iraq,2002,9.82
iraq,2003,7.04
iraq,2004,7.45
iraq,2005,7
iraq,2006,6.74
iraq,2007,8.15
iraq,2008,6.77
iraq,2009,7.16
iraq,2010,7.64
iraq,2011,10.04
iraq,2012,15.43
iraq,2013,14.14
iraq,2014,11.14
ireland,1990,3.99
ireland,1991,4.09
ireland,1992,3.8
ireland,1993,3.96
ireland,1994,4.16
ireland,1995,4.22
ireland,1996,4.01
ireland,1997,4.37
ireland,1998,4.34
ireland,1999,4.55
ireland,2000,5.29
ireland,2001,5.23
ireland,2002,4.95
ireland,2003,5.2
ireland,2004,5.36
ireland,2005,5.5
ireland,2006,5.59
ireland,2007,4.9
ireland,2008,4.96
ireland,2009,3.69
ireland,2010,3.56
ireland,2011,3.65
ireland,2012,3.58
ireland,2013,3.53
ireland,2014,3.58
israel,1990,3.18
israel,1991,3.15
israel,1992,1.63
israel,1993,2.35
israel,1994,2.66
israel,1995,2.93
israel,1996,2.81
israel,1997,1.91
israel,1998,1.68
israel,1999,1.54
israel,2000,1.47
israel,2001,1.31
israel,2002,1.29
israel,2003,1.02
israel,2004,0.88
israel,2005,0.82
israel,2006,0.89
israel,2007,0.98
israel,2008,1.69
israel,2009,2.02
israel,2010,3.02
israel,2011,0.85
israel,2012,1.31
israel,2013,2.55
israel,2014,2.9
italy,1990,74.01
italy,1991,69.93
italy,1992,67.77
italy,1993,65.8
italy,1994,67.51
italy,1995,68.5
italy,1996,66.88
italy,1997,68.97
italy,1998,68.71
italy,1999,71.9
italy,2000,73.34
italy,2001,70.86
italy,2002,69.95
italy,2003,76.45
italy,2004,68.28
italy,2005,66.46
italy,2006,61.76
italy,2007,60.54
italy,2008,56.96
italy,2009,43.22
italy,2010,45.79
italy,2011,45.03
italy,2012,43.31
italy,2013,38.03
italy,2014,35.79
jamaica,1990,3.74
jamaica,1991,3.88
jamaica,1992,2.9
jamaica,1993,1.8
jamaica,1994,2.61
jamaica,1995,1.42
jamaica,1996,1.74
jamaica,1997,1.67
jamaica,1998,1.79
jamaica,1999,1.93
jamaica,2000,1.99
jamaica,2001,2.01
jamaica,2002,1.91
jamaica,2003,1.92
jamaica,2004,3.15
jamaica,2005,3.25
jamaica,2006,5.16
jamaica,2007,5.12
jamaica,2008,4.22
jamaica,2009,2.09
jamaica,2010,1.79
jamaica,2011,2.12
jamaica,2012,2.04
jamaica,2013,2.67
jamaica,2014,2.56
japan,1990,268.87
japan,1991,258.35
japan,1992,249.87
japan,1993,246.37
japan,1994,247.14
japan,1995,250.9
japan,1996,252.48
japan,1997,247.32
japan,1998,218.93
japan,1999,225.19
japan,2000,235.64
japan,2001,229.98
japan,2002,235.76
japan,2003,233.51
japan,2004,238.94
japan,2005,241.42
japan,2006,251.33
japan,2007,242.07
japan,2008,218.34
japan,2009,197.18
japan,2010,220.51
japan,2011,226.21
japan,2012,223.92
japan,2013,224.37
japan,2014,227.99
jordan,1990,1.3
jordan,1991,1.15
jordan,1992,1.3
jordan,1993,1.29
jordan,1994,1.65
jordan,1995,1.74
jordan,1996,1.74
jordan,1997,1.85
jordan,1998,1.99
jordan,1999,1.99
jordan,2000,2.17
jordan,2001,2.06
jordan,2002,2.08
jordan,2003,2.14
jordan,2004,2.6
jordan,2005,2.95
jordan,2006,3
jordan,2007,2.96
jordan,2008,2.61
jordan,2009,2.66
jordan,2010,2.3
jordan,2011,2.07
jordan,2012,2.18
jordan,2013,1.9
jordan,2014,2.36
kazakhstan,1990,80.98
kazakhstan,1991,85.47
kazakhstan,1992,88.71
kazakhstan,1993,75.83
kazakhstan,1994,60.44
kazakhstan,1995,59.45
kazakhstan,1996,49.44
kazakhstan,1997,43.57
kazakhstan,1998,43.15
kazakhstan,1999,36.01
kazakhstan,2000,21.24
kazakhstan,2001,27.78
kazakhstan,2002,20.85
kazakhstan,2003,26.15
kazakhstan,2004,33.56
kazakhstan,2005,38.42
kazakhstan,2006,27.38
kazakhstan,2007,39.03
kazakhstan,2008,67.55
kazakhstan,2009,52.69
kazakhstan,2010,57.46
kazakhstan,2011,69.25
kazakhstan,2012,63.7
kazakhstan,2013,69.9
kazakhstan,2014,41.92
kenya,1990,1.41
kenya,1991,1.4
kenya,1992,1.48
kenya,1993,1.57
kenya,1994,1.64
kenya,1995,1.68
kenya,1996,1.89
kenya,1997,1.69
kenya,1998,1.46
kenya,1999,1.32
kenya,2000,1.47
kenya,2001,1.64
kenya,2002,1.85
kenya,2003,1.67
kenya,2004,1.63
kenya,2005,1.88
kenya,2006,2.37
kenya,2007,2.22
kenya,2008,2.17
kenya,2009,2.16
kenya,2010,2.77
kenya,2011,3.13
kenya,2012,2.35
kenya,2013,2.21
kenya,2014,2.94
korea_north,1990,78.95
korea_north,1991,75.16
korea_north,1992,64.64
korea_north,1993,59.51
korea_north,1994,52.89
korea_north,1995,48.34
korea_north,1996,41.04
korea_north,1997,40.07
korea_north,1998,37.16
korea_north,1999,40.58
korea_north,2000,42.92
korea_north,2001,44.84
korea_north,2002,42.79
korea_north,2003,43.83
korea_north,2004,44.83
korea_north,2005,47.25
korea_north,2006,48.4
korea_north,2007,39.57
korea_north,2008,44.13
korea_north,2009,43.96
korea_north,2010,41.18
korea_north,2011,28.52
korea_north,2012,29.32
korea_north,2013,20.22
korea_north,2014,23.23
korea_south,1990,51.42
korea_south,1991,61.11
korea_south,1992,62.98
korea_south,1993,70.94
korea_south,1994,79.14
korea_south,1995,82.74
korea_south,1996,87.36
korea_south,1997,86.44
korea_south,1998,77.6
korea_south,1999,85.17
korea_south,2000,95.8
korea_south,2001,94.14
korea_south,2002,85.95
korea_south,2003,82.84
korea_south,2004,80.65
korea_south,2005,74.04
korea_south,2006,79.06
korea_south,2007,73.37
korea_south,2008,77.55
korea_south,2009,69.22
korea_south,2010,78.43
korea_south,2011,80.11
korea_south,2012,76.31
korea_south,2013,74.82
korea_south,2014,77.54
kuwait,1990,4.06
kuwait,1991,0.99
kuwait,1992,5.25
kuwait,1993,7.17
kuwait,1994,6.18
kuwait,1995,6
kuwait,1996,4.67
kuwait,1997,4.27
kuwait,1998,6.46
kuwait,1999,5.46
kuwait,2000,7.61
kuwait,2001,7.12
kuwait,2002,6.67
kuwait,2003,8.42
kuwait,2004,7.99
kuwait,2005,11.52
kuwait,2006,10.6
kuwait,2007,8.98
kuwait,2008,9.25
kuwait,2009,9.8
kuwait,2010,10.47
kuwait,2011,12.44
kuwait,2012,13.1
kuwait,2013,12.28
kuwait,2014,14.39
kyrgyzstan,1990,8.45
kyrgyzstan,1991,7.57
kyrgyzstan,1992,3.39
kyrgyzstan,1993,2.92
kyrgyzstan,1994,2.65
kyrgyzstan,1995,0.56
kyrgyzstan,1996,1.01
kyrgyzstan,1997,1.06
kyrgyzstan,1998,1.17
kyrgyzstan,1999,1.15
kyrgyzstan,2000,0.84
kyrgyzstan,2001,0.62
kyrgyzstan,2002,1.49
kyrgyzstan,2003,1.68
kyrgyzstan,2004,1.59
kyrgyzstan,2005,0.74
kyrgyzstan,2006,0.73
kyrgyzstan,2007,0.97
kyrgyzstan,2008,1.05
kyrgyzstan,2009,0.43
kyrgyzstan,2010,0.65
kyrgyzstan,2011,0.57
kyrgyzstan,2012,1.53
kyrgyzstan,2013,0.74
kyrgyzstan,2014,1.64
latvia,1990,2.56
latvia,1991,1.84
latvia,1992,1.58
latvia,1993,1.57
latvia,1994,1.43
latvia,1995,1.37
latvia,1996,1.24
latvia,1997,1.42
latvia,1998,1.31
latvia,1999,1.18
latvia,2000,1.03
latvia,2001,1
latvia,2002,1.05
latvia,2003,1.09
latvia,2004,1.11
latvia,2005,1.12
latvia,2006,1.17
latvia,2007,1.19
latvia,2008,1.1
latvia,2009,0.87
latvia,2010,1.14
latvia,2011,1.04
latvia,2012,1.07
latvia,2013,0.89
latvia,2014,0.85
lebanon,1990,0.33
lebanon,1991,0.56
lebanon,1992,0.34
lebanon,1993,0.57
lebanon,1994,0.97
lebanon,1995,1.35
lebanon,1996,1.04
lebanon,1997,1.33
lebanon,1998,0.94
lebanon,1999,1.43
lebanon,2000,1.14
lebanon,2001,1.67
lebanon,2002,1.06
lebanon,2003,1.47
lebanon,2004,1.77
lebanon,2005,1.75
lebanon,2006,0.72
lebanon,2007,0.52
lebanon,2008,0.88
lebanon,2009,1.05
lebanon,2010,0.73
lebanon,2011,1.06
lebanon,2012,1.03
lebanon,2013,0.89
lebanon,2014,1.09
libya,1990,2.08
libya,1991,2.2
libya,1992,2.4
libya,1993,2.03
libya,1994,2.37
libya,1995,2.74
libya,1996,2.71
libya,1997,3.11
libya,1998,3
libya,1999,3.06
libya,2000,3.2
libya,2001,3.29
libya,2002,3.18
libya,2003,3.16
libya,2004,3.65
libya,2005,3.41
libya,2006,2.97
libya,2007,2.81
libya,2008,3.71
libya,2009,3.8
libya,2010,3.53
libya,2011,1.27
libya,2012,1.34
libya,2013,2.79
libya,2014,1.98
lithuania,1990,6.12
lithuania,1991,6.18
lithuania,1992,3.03
lithuania,1993,1.98
lithuania,1994,2.03
lithuania,1995,1.74
lithuania,1996,1.53
lithuania,1997,1.55
lithuania,1998,1.52
lithuania,1999,1.18
lithuania,2000,1.08
lithuania,2001,1.04
lithuania,2002,1.11
lithuania,2003,1.13
lithuania,2004,1.21
lithuania,2005,1.33
lithuania,2006,1.5
lithuania,2007,1.46
lithuania,2008,1.31
lithuania,2009,1.04
lithuania,2010,1.14
lithuania,2011,1.19
lithuania,2012,1.29
lithuania,2013,1.26
lithuania,2014,1.15
luxembourg,1990,5.08
luxembourg,1991,4.65
luxembourg,1992,4.22
luxembourg,1993,4.5
luxembourg,1994,3.99
luxembourg,1995,2.57
luxembourg,1996,2.54
luxembourg,1997,2.14
luxembourg,1998,1.49
luxembourg,1999,1.55
luxembourg,2000,1.25
luxembourg,2001,1.4
luxembourg,2002,1.21
luxembourg,2003,1.09
luxembourg,2004,1.24
luxembourg,2005,1.21
luxembourg,2006,1.28
luxembourg,2007,1.19
luxembourg,2008,1.14
luxembourg,2009,0.98
luxembourg,2010,1.08
luxembourg,2011,0.98
luxembourg,2012,0.99
luxembourg,2013,0.93
luxembourg,2014,0.86
macedonia_fyr,1990,1.63
macedonia_fyr,1991,1.41
macedonia_fyr,1992,1.36
macedonia_fyr,1993,1.12
macedonia_fyr,1994,0.89
macedonia_fyr,1995,0.87
macedonia_fyr,1996,1.16
macedonia_fyr,1997,0.92
macedonia_fyr,1998,1.24
macedonia_fyr,1999,0.89
macedonia_fyr,2000,1.05
macedonia_fyr,2001,0.9
macedonia_fyr,2002,0.86
macedonia_fyr,2003,1.12
macedonia_fyr,2004,0.92
macedonia_fyr,2005,1.13
macedonia_fyr,2006,1.26
macedonia_fyr,2007,1.46
macedonia_fyr,2008,1.3
macedonia_fyr,2009,0.82
macedonia_fyr,2010,1.25
macedonia_fyr,2011,1.45
macedonia_fyr,2012,1.38
macedonia_fyr,2013,1.27
macedonia_fyr,2014,1.12
malaysia,1990,14.01
malaysia,1991,15.39
malaysia,1992,16.68
malaysia,1993,17.81
malaysia,1994,18.42
malaysia,1995,20.24
malaysia,1996,23.79
malaysia,1997,23.81
malaysia,1998,23.61
malaysia,1999,23.04
malaysia,2000,25.84
malaysia,2001,26.42
malaysia,2002,28.4
malaysia,2003,29.55
malaysia,2004,33.29
malaysia,2005,35.11
malaysia,2006,37.9
malaysia,2007,43.41
malaysia,2008,43.18
malaysia,2009,29.61
malaysia,2010,30.44
malaysia,2011,28.52
malaysia,2012,31.96
malaysia,2013,29.09
malaysia,2014,28.61
malta,1990,0
malta,1991,0
malta,1992,0
malta,1993,0
malta,1994,0
malta,1995,0
malta,1996,0
malta,1997,0
malta,1998,0.01
malta,1999,0.01
malta,2000,0
malta,2001,0
malta,2002,0
malta,2003,0
malta,2004,0
malta,2005,0
malta,2006,0
malta,2007,0
malta,2008,0
malta,2009,0.09
malta,2010,0.02
malta,2011,0.02
malta,2012,0.02
malta,2013,0.03
malta,2014,0.03
mauritius,1990,0.16
mauritius,1991,0.19
mauritius,1992,0.2
mauritius,1993,0.27
mauritius,1994,0.24
mauritius,1995,0.24
mauritius,1996,0.25
mauritius,1997,0.25
mauritius,1998,0.27
mauritius,1999,0.32
mauritius,2000,0.36
mauritius,2001,0.39
mauritius,2002,0.38
mauritius,2003,0.39
mauritius,2004,0.36
mauritius,2005,0.35
mauritius,2006,0.41
mauritius,2007,0.4
mauritius,2008,0.44
mauritius,2009,0.36
mauritius,2010,0.35
mauritius,2011,0.34
mauritius,2012,0.33
mauritius,2013,0.32
mauritius,2014,0.33
mexico,1990,53.26
mexico,1991,52.03
mexico,1992,51.73
mexico,1993,50.01
mexico,1994,50.91
mexico,1995,49.31
mexico,1996,54.85
mexico,1997,54.94
mexico,1998,56.34
mexico,1999,51.83
mexico,2000,52.9
mexico,2001,47.87
mexico,2002,51.45
mexico,2003,52.38
mexico,2004,56.29
mexico,2005,58.7
mexico,2006,66.16
mexico,2007,62.12
mexico,2008,64.34
mexico,2009,52.1
mexico,2010,62.16
mexico,2011,67.92
mexico,2012,61.49
mexico,2013,65.74
mexico,2014,57.95
moldova,1990,2.05
moldova,1991,2.17
moldova,1992,1.2
moldova,1993,1.25
moldova,1994,1
moldova,1995,0.99
moldova,1996,0.69
moldova,1997,0.73
moldova,1998,0.6
moldova,1999,0.46
moldova,2000,0.5
moldova,2001,0.5
moldova,2002,0.52
moldova,2003,0.56
moldova,2004,0.65
moldova,2005,1
moldova,2006,0.74
moldova,2007,0.86
moldova,2008,0.69
moldova,2009,0.59
moldova,2010,0.94
moldova,2011,1.04
moldova,2012,1.06
moldova,2013,0.8
moldova,2014,0.92
mongolia,1990,2.81
mongolia,1991,3.43
mongolia,1992,2.65
mongolia,1993,2.4
mongolia,1994,1.82
mongolia,1995,1.95
mongolia,1996,1.1
mongolia,1997,1.54
mongolia,1998,0.98
mongolia,1999,0.87
mongolia,2000,0.63
mongolia,2001,0.61
mongolia,2002,0.65
mongolia,2003,0.69
mongolia,2004,0.7
mongolia,2005,0.75
mongolia,2006,2.19
mongolia,2007,1.59
mongolia,2008,1.62
mongolia,2009,1.41
mongolia,2010,1.62
mongolia,2011,1.99
mongolia,2012,2.63
mongolia,2013,2.59
mongolia,2014,2.15
montenegro,2005,0.36
montenegro,2006,0.42
montenegro,2007,0.45
montenegro,2008,0.52
montenegro,2009,0.26
montenegro,2010,0.09
montenegro,2011,0.1
montenegro,2012,0.1
montenegro,2013,0.17
montenegro,2014,0.15
morocco,1990,5.38
morocco,1991,5.63
morocco,1992,5.83
morocco,1993,4.98
morocco,1994,5.55
morocco,1995,4.64
morocco,1996,5.5
morocco,1997,5.36
morocco,1998,5.39
morocco,1999,5.77
morocco,2000,5.53
morocco,2001,5.59
morocco,2002,5.34
morocco,2003,4.14
morocco,2004,5.18
morocco,2005,6.2
morocco,2006,6.67
morocco,2007,6.66
morocco,2008,6.78
morocco,2009,6.76
morocco,2010,7.18
morocco,2011,8.12
morocco,2012,8.37
morocco,2013,7.56
morocco,2014,7.22
mozambique,1990,0.13
mozambique,1991,0.13
mozambique,1992,0.14
mozambique,1993,0.19
mozambique,1994,0.2
mozambique,1995,0.19
mozambique,1996,0.02
mozambique,1997,0.05
mozambique,1998,0.12
mozambique,1999,0.13
mozambique,2000,0.08
mozambique,2001,0.22
mozambique,2002,0.24
mozambique,2003,0.31
mozambique,2004,0.31
mozambique,2005,0.26
mozambique,2006,0.3
mozambique,2007,0.37
mozambique,2008,0.4
mozambique,2009,0.47
mozambique,2010,0.47
mozambique,2011,0.54
mozambique,2012,0.51
mozambique,2013,0.52
mozambique,2014,0.6
myanmar,1990,0.97
myanmar,1991,0.96
myanmar,1992,1.13
myanmar,1993,0.76
myanmar,1994,0.9
myanmar,1995,0.95
myanmar,1996,0.98
myanmar,1997,1.21
myanmar,1998,1.11
myanmar,1999,1.4
myanmar,2000,2.36
myanmar,2001,2.33
myanmar,2002,1.46
myanmar,2003,2.52
myanmar,2004,1.89
myanmar,2005,2.04
myanmar,2006,1.98
myanmar,2007,1.89
myanmar,2008,1.95
myanmar,2009,2
myanmar,2010,2.32
myanmar,2011,2.42
myanmar,2012,3.64
myanmar,2013,3.89
myanmar,2014,4.79
namibia,1991,0.01
namibia,1992,0.01
namibia,1993,0.02
namibia,1994,0.02
namibia,1995,0.02
namibia,1996,0.2
namibia,1997,0.2
namibia,1998,0.19
namibia,1999,0.2
namibia,2000,0.16
namibia,2001,0.25
namibia,2002,0.23
namibia,2003,0.23
namibia,2004,0.23
namibia,2005,0.22
namibia,2006,0.24
namibia,2007,0.24
namibia,2008,0.25
namibia,2009,0.24
namibia,2010,0.26
namibia,2011,0.27
namibia,2012,0.28
namibia,2013,0.3
namibia,2014,0.33
nepal,1990,0.2
nepal,1991,0.26
nepal,1992,0.15
nepal,1993,0.19
nepal,1994,0.33
nepal,1995,0.35
nepal,1996,0.3
nepal,1997,0.29
nepal,1998,0.31
nepal,1999,1.04
nepal,2000,1.12
nepal,2001,1.27
nepal,2002,0.64
nepal,2003,0.77
nepal,2004,0.66
nepal,2005,1.02
nepal,2006,0.62
nepal,2007,0.81
nepal,2008,0.75
nepal,2009,0.76
nepal,2010,1.23
nepal,2011,1.45
nepal,2012,1.73
nepal,2013,1.35
nepal,2014,1.94
netherlands,1990,23.17
netherlands,1991,23.34
netherlands,1992,22.78
netherlands,1993,24.02
netherlands,1994,22.73
netherlands,1995,25.86
netherlands,1996,27.15
netherlands,1997,25.46
netherlands,1998,24.28
netherlands,1999,25.29
netherlands,2000,24.41
netherlands,2001,24.4
netherlands,2002,25.01
netherlands,2003,25.34
netherlands,2004,25.06
netherlands,2005,24.38
netherlands,2006,25.17
netherlands,2007,25.28
netherlands,2008,23.69
netherlands,2009,22.02
netherlands,2010,23.18
netherlands,2011,22.73
netherlands,2012,22.94
netherlands,2013,22.25
netherlands,2014,21.83
new_zealand,1990,5.92
new_zealand,1991,6.05
new_zealand,1992,6.04
new_zealand,1993,6.29
new_zealand,1994,6.27
new_zealand,1995,5.99
new_zealand,1996,6.07
new_zealand,1997,5.84
new_zealand,1998,5.6
new_zealand,1999,5.51
new_zealand,2000,6.02
new_zealand,2001,6.43
new_zealand,2002,6.71
new_zealand,2003,6.25
new_zealand,2004,5.83
new_zealand,2005,5.01
new_zealand,2006,5.07
new_zealand,2007,5.47
new_zealand,2008,5.52
new_zealand,2009,5.13
new_zealand,2010,5.42
new_zealand,2011,5.03
new_zealand,2012,5.16
new_zealand,2013,5.94
new_zealand,2014,6.79
nicaragua,1990,0.32
nicaragua,1991,0.24
nicaragua,1992,0.26
nicaragua,1993,0.24
nicaragua,1994,0.31
nicaragua,1995,0.28
nicaragua,1996,0.29
nicaragua,1997,0.34
nicaragua,1998,0.34
nicaragua,1999,0.39
nicaragua,2000,0.38
nicaragua,2001,0.43
nicaragua,2002,0.52
nicaragua,2003,0.61
nicaragua,2004,0.61
nicaragua,2005,0.65
nicaragua,2006,0.69
nicaragua,2007,0.63
nicaragua,2008,0.59
nicaragua,2009,0.46
nicaragua,2010,0.5
nicaragua,2011,0.5
nicaragua,2012,0.52
nicaragua,2013,0.51
nicaragua,2014,0.56
niger,2000,0.04
niger,2001,0.05
niger,2002,0.05
niger,2003,0.07
niger,2004,0.07
niger,2005,0.06
niger,2006,0.07
niger,2007,0.09
niger,2008,0.11
niger,2009,0.16
niger,2010,0.21
niger,2011,0.2
niger,2012,0.3
niger,2013,0.25
niger,2014,0.28
nigeria,1990,3.83
nigeria,1991,3.73
nigeria,1992,4.39
nigeria,1993,4.04
nigeria,1994,3.46
nigeria,1995,3.15
nigeria,1996,3.52
nigeria,1997,2.96
nigeria,1998,2.94
nigeria,1999,3.06
nigeria,2000,2.96
nigeria,2001,2.6
nigeria,2002,2.75
nigeria,2003,7.55
nigeria,2004,5.99
nigeria,2005,5.12
nigeria,2006,4.73
nigeria,2007,5.07
nigeria,2008,5.21
nigeria,2009,2.23
nigeria,2010,2.37
nigeria,2011,7.07
nigeria,2012,6.08
nigeria,2013,6.47
nigeria,2014,7.33
norway,1990,6.24
norway,1991,4.97
norway,1992,4.55
norway,1993,4.66
norway,1994,5.58
norway,1995,5.64
norway,1996,6.12
norway,1997,5.76
norway,1998,5.98
norway,1999,6.12
norway,2000,6.57
norway,2001,6.21
norway,2002,5.38
norway,2003,6.62
norway,2004,6.87
norway,2005,6.13
norway,2006,6.1
norway,2007,5.99
norway,2008,6.11
norway,2009,5.09
norway,2010,5.98
norway,2011,5.84
norway,2012,5.79
norway,2013,5.87
norway,2014,5.68
oman,1990,2.16
oman,1991,5.77
oman,1992,4.66
oman,1993,3.23
oman,1994,2.43
oman,1995,3.17
oman,1996,2.77
oman,1997,1.58
oman,1998,1.16
oman,1999,2.88
oman,2000,3.3
oman,2001,3.93
oman,2002,5.05
oman,2003,5.04
oman,2004,4.54
oman,2005,4.66
oman,2006,10.84
oman,2007,12.24
oman,2008,9.62
oman,2009,10.87
oman,2010,13.4
oman,2011,17.26
oman,2012,20.39
oman,2013,20.95
oman,2014,22.38
pakistan,1990,16.67
pakistan,1991,16.05
pakistan,1992,18.81
pakistan,1993,20.53
pakistan,1994,20.46
pakistan,1995,22.02
pakistan,1996,21.47
pakistan,1997,21.3
pakistan,1998,22.07
pakistan,1999,22.61
pakistan,2000,22.15
pakistan,2001,22.36
pakistan,2002,24.77
pakistan,2003,29.62
pakistan,2004,34.59
pakistan,2005,36.96
pakistan,2006,40.2
pakistan,2007,44.5
pakistan,2008,39.34
pakistan,2009,39.79
pakistan,2010,38.13
pakistan,2011,37.78
pakistan,2012,35.37
pakistan,2013,33.3
pakistan,2014,32.77
panama,1990,0.51
panama,1991,0.62
panama,1992,0.65
panama,1993,0.69
panama,1994,0.75
panama,1995,0.82
panama,1996,0.93
panama,1997,0.8
panama,1998,0.86
panama,1999,0.83
panama,2000,0.91
panama,2001,1.09
panama,2002,0.67
panama,2003,0.21
panama,2004,0.78
panama,2005,1.86
panama,2006,1.65
panama,2007,1.48
panama,2008,1.19
panama,2009,1.68
panama,2010,1.84
panama,2011,2.09
panama,2012,2.59
panama,2013,2.57
panama,2014,2.58
paraguay,1990,0.15
paraguay,1991,0.19
paraguay,1992,0.25
paraguay,1993,0.14
paraguay,1994,0.33
paraguay,1995,0.26
paraguay,1996,0.28
paraguay,1997,0.29
paraguay,1998,0.3
paraguay,1999,0.28
paraguay,2000,0.26
paraguay,2001,0.24
paraguay,2002,0.24
paraguay,2003,0.16
paraguay,2004,0.2
paraguay,2005,0.23
paraguay,2006,0.18
paraguay,2007,0.08
paraguay,2008,0.1
paraguay,2009,0.09
paraguay,2010,0.16
paraguay,2011,0.14
paraguay,2012,0.26
paraguay,2013,0.12
paraguay,2014,0.15
peru,1990,4.08
peru,1991,4.59
peru,1992,4.16
peru,1993,4.6
peru,1994,4.27
peru,1995,5.35
peru,1996,5.91
peru,1997,5.81
peru,1998,6.1
peru,1999,7.27
peru,2000,7.49
peru,2001,6.75
peru,2002,7.24
peru,2003,6.86
peru,2004,7.9
peru,2005,8.07
peru,2006,7.52
peru,2007,9.07
peru,2008,8.7
peru,2009,8.56
peru,2010,7.57
peru,2011,8.11
peru,2012,7.66
peru,2013,8.69
peru,2014,8.37
philippines,1990,10.39
philippines,1991,8.17
philippines,1992,8.41
philippines,1993,10.14
philippines,1994,9.56
philippines,1995,12.67
philippines,1996,11.95
philippines,1997,13.95
philippines,1998,12.4
philippines,1999,12.05
philippines,2000,11.48
philippines,2001,9.44
philippines,2002,8.73
philippines,2003,9.95
philippines,2004,10.14
philippines,2005,10.42
philippines,2006,10.71
philippines,2007,13.07
philippines,2008,12.54
philippines,2009,11.16
philippines,2010,12.52
philippines,2011,12.35
philippines,2012,11.48
philippines,2013,13.14
philippines,2014,13.88
poland,1990,42.65
poland,1991,39.46
poland,1992,36.55
poland,1993,47.46
poland,1994,48.5
poland,1995,62.93
poland,1996,67.51
poland,1997,63.77
poland,1998,53.25
poland,1999,45.36
poland,2000,45.43
poland,2001,40.18
poland,2002,38.12
poland,2003,37.3
poland,2004,37.96
poland,2005,33.46
poland,2006,33.36
poland,2007,35.63
poland,2008,31.49
poland,2009,27.45
poland,2010,29.01
poland,2011,29.92
poland,2012,28.7
poland,2013,28.53
poland,2014,28.68
portugal,1990,8.06
portugal,1991,8.32
portugal,1992,8.14
portugal,1993,7.79
portugal,1994,8.55
portugal,1995,8.19
portugal,1996,8.72
portugal,1997,9.28
portugal,1998,10.45
portugal,1999,10.63
portugal,2000,10.87
portugal,2001,10.18
portugal,2002,10.15
portugal,2003,8.66
portugal,2004,8.04
portugal,2005,7.74
portugal,2006,7.48
portugal,2007,7.93
portugal,2008,7.07
portugal,2009,6.47
portugal,2010,6.6
portugal,2011,6.32
portugal,2012,5.59
portugal,2013,5.38
portugal,2014,5.53
qatar,1990,3.13
qatar,1991,3.24
qatar,1992,3.43
qatar,1993,3.53
qatar,1994,3.61
qatar,1995,3.69
qatar,1996,3.78
qatar,1997,3.89
qatar,1998,4.01
qatar,1999,4.12
qatar,2000,4.89
qatar,2001,4.95
qatar,2002,7.5
qatar,2003,6.42
qatar,2004,8.08
qatar,2005,7.54
qatar,2006,7.83
qatar,2007,10.09
qatar,2008,10.2
qatar,2009,9.11
qatar,2010,10.06
qatar,2011,8.29
qatar,2012,13.08
qatar,2013,12.78
qatar,2014,13.8
romania,1990,60.4
romania,1991,45.52
romania,1992,17.24
romania,1993,15.65
romania,1994,26.47
romania,1995,31.15
romania,1996,29.9
romania,1997,25.34
romania,1998,20.22
romania,1999,17.62
romania,2000,18.74
romania,2001,20.23
romania,2002,21.17
romania,2003,20.62
romania,2004,20.66
romania,2005,20.9
romania,2006,19.67
romania,2007,18.92
romania,2008,18.44
romania,2009,12.54
romania,2010,12.77
romania,2011,13.31
romania,2012,13.13
romania,2013,12.31
romania,2014,12.43
russian_federation,1990,251.23
russian_federation,1991,216.01
russian_federation,1992,200.08
russian_federation,1993,174.65
russian_federation,1994,143.09
russian_federation,1995,184.63
russian_federation,1996,161.92
russian_federation,1997,149.18
russian_federation,1998,133.79
russian_federation,1999,142.36
russian_federation,2000,165.46
russian_federation,2001,157.76
russian_federation,2002,159.53
russian_federation,2003,151.67
russian_federation,2004,153.1
russian_federation,2005,154.75
russian_federation,2006,152.52
russian_federation,2007,170.83
russian_federation,2008,172.23
russian_federation,2009,166.08
russian_federation,2010,178.27
russian_federation,2011,183.83
russian_federation,2012,169.29
russian_federation,2013,178.69
russian_federation,2014,180.82
saudi_arabia,1990,28.16
saudi_arabia,1991,28.16
saudi_arabia,1992,32.23
saudi_arabia,1993,31.4
saudi_arabia,1994,37.66
saudi_arabia,1995,40
saudi_arabia,1996,46.04
saudi_arabia,1997,41.9
saudi_arabia,1998,49.02
saudi_arabia,1999,52.33
saudi_arabia,2000,52.88
saudi_arabia,2001,52.26
saudi_arabia,2002,60.02
saudi_arabia,2003,62.26
saudi_arabia,2004,65.8
saudi_arabia,2005,67.75
saudi_arabia,2006,73.26
saudi_arabia,2007,79.91
saudi_arabia,2008,89.17
saudi_arabia,2009,91.02
saudi_arabia,2010,111.74
saudi_arabia,2011,110.86
saudi_arabia,2012,115.98
saudi_arabia,2013,115.08
saudi_arabia,2014,122.11
senegal,1990,0.24
senegal,1991,0.24
senegal,1992,0.27
senegal,1993,0.27
senegal,1994,0.3
senegal,1995,0.35
senegal,1996,0.34
senegal,1997,0.38
senegal,1998,0.48
senegal,1999,0.59
senegal,2000,0.5
senegal,2001,0.65
senegal,2002,0.72
senegal,2003,0.59
senegal,2004,0.92
senegal,2005,0.78
senegal,2006,0.59
senegal,2007,0.85
senegal,2008,0.87
senegal,2009,0.93
senegal,2010,0.91
senegal,2011,1.23
senegal,2012,1.1
senegal,2013,1.1
senegal,2014,1.15
serbia,1990,9.8
serbia,1991,7.23
serbia,1992,7.29
serbia,1993,4.46
serbia,1994,3.93
serbia,1995,3.17
serbia,1996,7.68
serbia,1997,7.72
serbia,1998,9.25
serbia,1999,5.29
serbia,2000,5.26
serbia,2001,6.11
serbia,2002,6.54
serbia,2003,7.85
serbia,2004,9.64
serbia,2005,6.87
serbia,2006,7.7
serbia,2007,8.33
serbia,2008,7.59
serbia,2009,4.13
serbia,2010,4.8
serbia,2011,5.58
serbia,2012,4.87
serbia,2013,4.08
serbia,2014,3.56
singapore,1990,0.44
singapore,1991,0.42
singapore,1992,0.46
singapore,1993,0.5
singapore,1994,0.54
singapore,1995,0.47
singapore,1996,0.4
singapore,1997,0.38
singapore,1998,0.37
singapore,1999,0.35
singapore,2000,3.27
singapore,2001,3.47
singapore,2002,3.7
singapore,2003,4.39
singapore,2004,4.82
singapore,2005,5.18
singapore,2006,5.43
singapore,2007,5.73
singapore,2008,5.95
singapore,2009,8.74
singapore,2010,9.98
singapore,2011,10.53
singapore,2012,10.46
singapore,2013,11.51
singapore,2014,11.28
slovakia,1990,15.82
slovakia,1991,14.3
slovakia,1992,13.43
slovakia,1993,11.16
slovakia,1994,11.64
slovakia,1995,10.44
slovakia,1996,11.17
slovakia,1997,10.78
slovakia,1998,9.71
slovakia,1999,9.17
slovakia,2000,9.82
slovakia,2001,8.53
slovakia,2002,9.1
slovakia,2003,8.78
slovakia,2004,8.27
slovakia,2005,8.38
slovakia,2006,8.36
slovakia,2007,8.23
slovakia,2008,7.97
slovakia,2009,6.4
slovakia,2010,6.77
slovakia,2011,6.71
slovakia,2012,6.87
slovakia,2013,7.02
slovakia,2014,7.22
slovenia,1990,2.62
slovenia,1991,2.3
slovenia,1992,1.84
slovenia,1993,1.75
slovenia,1994,1.97
slovenia,1995,1.84
slovenia,1996,1.86
slovenia,1997,1.93
slovenia,1998,1.81
slovenia,1999,1.99
slovenia,2000,2.37
slovenia,2001,2.1
slovenia,2002,1.85
slovenia,2003,2.15
slovenia,2004,2.22
slovenia,2005,2.38
slovenia,2006,2.56
slovenia,2007,2.29
slovenia,2008,2.23
slovenia,2009,1.9
slovenia,2010,1.88
slovenia,2011,1.72
slovenia,2012,1.67
slovenia,2013,1.67
slovenia,2014,1.69
south_africa,1990,54.11
south_africa,1991,48.82
south_africa,1992,42.88
south_africa,1993,35.4
south_africa,1994,36.35
south_africa,1995,37.17
south_africa,1996,41.32
south_africa,1997,45.04
south_africa,1998,47.55
south_africa,1999,40.82
south_africa,2000,40.54
south_africa,2001,36.52
south_africa,2002,39.81
south_africa,2003,42.1
south_africa,2004,49.08
south_africa,2005,52.97
south_africa,2006,49.12
south_africa,2007,42.73
south_africa,2008,43.87
south_africa,2009,61.08
south_africa,2010,52.57
south_africa,2011,45.58
south_africa,2012,46.41
south_africa,2013,52.38
south_africa,2014,55.03
spain,1990,41.04
spain,1991,42.57
spain,1992,39.98
spain,1993,38.43
spain,1994,41.74
spain,1995,42.61
spain,1996,38.93
spain,1997,44.48
spain,1998,44.2
spain,1999,41.33
spain,2000,47.18
spain,2001,51.19
spain,2002,51.27
spain,2003,55.62
spain,2004,56.07
spain,2005,56.74
spain,2006,45.21
spain,2007,49.5
spain,2008,46.05
spain,2009,37.86
spain,2010,40.04
spain,2011,39.07
spain,2012,36.14
spain,2013,35.53
spain,2014,33.11
sri_lanka,1990,0.4
sri_lanka,1991,0.37
sri_lanka,1992,0.6
sri_lanka,1993,0.65
sri_lanka,1994,0.63
sri_lanka,1995,0.49
sri_lanka,1996,0.74
sri_lanka,1997,0.8
sri_lanka,1998,0.99
sri_lanka,1999,0.99
sri_lanka,2000,0.81
sri_lanka,2001,0.86
sri_lanka,2002,0.89
sri_lanka,2003,1.19
sri_lanka,2004,0.84
sri_lanka,2005,1.19
sri_lanka,2006,1.17
sri_lanka,2007,1.14
sri_lanka,2008,1.08
sri_lanka,2009,1.03
sri_lanka,2010,1.02
sri_lanka,2011,1.01
sri_lanka,2012,1.13
sri_lanka,2013,1.01
sri_lanka,2014,0.99
sudan,1990,0.67
sudan,1991,0.85
sudan,1992,0.64
sudan,1993,0
sudan,1994,0.77
sudan,1995,0.44
sudan,1996,0.16
sudan,1997,0.54
sudan,1998,0.41
sudan,1999,0.63
sudan,2000,0.53
sudan,2001,0.45
sudan,2002,0.45
sudan,2003,0.45
sudan,2004,0.48
sudan,2005,0.84
sudan,2006,1.37
sudan,2007,1.62
sudan,2008,1.44
sudan,2009,2.28
sudan,2010,3.03
sudan,2011,1.78
sudan,2012,1.67
sudan,2013,1.72
sudan,2014,1.75
suriname,2000,0.68
suriname,2001,0.68
suriname,2002,0.06
suriname,2003,0.06
suriname,2004,0.06
suriname,2005,0.07
suriname,2006,0.07
suriname,2007,0.07
suriname,2008,0.07
suriname,2009,0.06
suriname,2010,0.07
suriname,2011,0.06
suriname,2012,0.08
suriname,2013,0.06
suriname,2014,0.07
sweden,1990,11.87
sweden,1991,11.35
sweden,1992,13.27
sweden,1993,14.35
sweden,1994,14.64
sweden,1995,14.8
sweden,1996,15.25
sweden,1997,14.1
sweden,1998,14.15
sweden,1999,14.27
sweden,2000,13.63
sweden,2001,12.19
sweden,2002,12.57
sweden,2003,12.21
sweden,2004,12.28
sweden,2005,10.9
sweden,2006,9.73
sweden,2007,9.63
sweden,2008,8.47
sweden,2009,6.11
sweden,2010,8.14
sweden,2011,8.2
sweden,2012,7.43
sweden,2013,6.97
sweden,2014,6.51
switzerland,1990,6.54
switzerland,1991,6.97
switzerland,1992,6.65
switzerland,1993,6.49
switzerland,1994,6.19
switzerland,1995,6.49
switzerland,1996,6.32
switzerland,1997,5.94
switzerland,1998,5.97
switzerland,1999,6.37
switzerland,2000,5.71
switzerland,2001,6.04
switzerland,2002,5.41
switzerland,2003,5.75
switzerland,2004,5.68
switzerland,2005,5.62
switzerland,2006,5.96
switzerland,2007,5.87
switzerland,2008,5.9
switzerland,2009,5.36
switzerland,2010,5.55
switzerland,2011,5.14
switzerland,2012,5.2
switzerland,2013,5.32
switzerland,2014,5.15
syria,1990,2.97
syria,1991,3.67
syria,1992,3.9
syria,1993,4.23
syria,1994,4.64
syria,1995,4.97
syria,1996,5.32
syria,1997,4.84
syria,1998,6.07
syria,1999,5.82
syria,2000,5.36
syria,2001,5.55
syria,2002,5.35
syria,2003,5.73
syria,2004,4.5
syria,2005,6.31
syria,2006,6.88
syria,2007,7.53
syria,2008,7.58
syria,2009,6.02
syria,2010,7.34
syria,2011,6.69
syria,2012,4.77
syria,2013,4.07
syria,2014,3.73
tajikistan,1990,0
tajikistan,1991,0
tajikistan,1992,0
tajikistan,1993,0
tajikistan,1994,0
tajikistan,1995,0
tajikistan,1996,0
tajikistan,1997,0
tajikistan,1998,0
tajikistan,1999,0
tajikistan,2000,0
tajikistan,2001,0
tajikistan,2002,0
tajikistan,2003,0
tajikistan,2004,0
tajikistan,2005,0
tajikistan,2006,0
tajikistan,2007,0
tajikistan,2008,0
tajikistan,2009,0
tajikistan,2010,0
tajikistan,2011,0
tajikistan,2012,0.12
tajikistan,2013,0.09
tajikistan,2014,0.07
tanzania,1990,0.34
tanzania,1991,0.35
tanzania,1992,0.35
tanzania,1993,0.4
tanzania,1994,0.39
tanzania,1995,0.37
tanzania,1996,0.37
tanzania,1997,0.33
tanzania,1998,0.41
tanzania,1999,0.46
tanzania,2000,0.47
tanzania,2001,0.4
tanzania,2002,0.39
tanzania,2003,0.39
tanzania,2004,0.4
tanzania,2005,0.45
tanzania,2006,0.46
tanzania,2007,0.45
tanzania,2008,0.42
tanzania,2009,0.4
tanzania,2010,0.44
tanzania,2011,0.79
tanzania,2012,0.86
tanzania,2013,0.97
tanzania,2014,1.61
thailand,1990,14.74
thailand,1991,16.43
thailand,1992,19.12
thailand,1993,23.52
thailand,1994,27.8
thailand,1995,31.84
thailand,1996,35.91
thailand,1997,32.87
thailand,1998,28.14
thailand,1999,31.38
thailand,2000,30.81
thailand,2001,33.66
thailand,2002,37.8
thailand,2003,38.15
thailand,2004,43.24
thailand,2005,45.65
thailand,2006,48.4
thailand,2007,41.18
thailand,2008,45.53
thailand,2009,44.77
thailand,2010,49.94
thailand,2011,44.15
thailand,2012,48.69
thailand,2013,50.56
thailand,2014,50.88
togo,1990,0.02
togo,1991,0.06
togo,1992,0.01
togo,1993,0
togo,1994,0.11
togo,1995,0.07
togo,1996,0.16
togo,1997,0.1
togo,1998,0.12
togo,1999,0.3
togo,2000,0.26
togo,2001,0.21
togo,2002,0.2
togo,2003,0.15
togo,2004,0.17
togo,2005,0.09
togo,2006,0.07
togo,2007,0.04
togo,2008,0.07
togo,2009,0.15
togo,2010,0.23
togo,2011,0.2
togo,2012,0.15
togo,2013,0.15
togo,2014,0.16
trinidad_tobago,1990,1.71
trinidad_tobago,1991,1.23
trinidad_tobago,1992,1.27
trinidad_tobago,1993,1.19
trinidad_tobago,1994,1.38
trinidad_tobago,1995,1.53
trinidad_tobago,1996,1.65
trinidad_tobago,1997,1.77
trinidad_tobago,1998,1.78
trinidad_tobago,1999,1.87
trinidad_tobago,2000,2.07
trinidad_tobago,2001,2.76
trinidad_tobago,2002,2.93
trinidad_tobago,2003,2.72
trinidad_tobago,2004,2.42
trinidad_tobago,2005,3.24
trinidad_tobago,2006,2.48
trinidad_tobago,2007,5.15
trinidad_tobago,2008,4.94
trinidad_tobago,2009,3.93
trinidad_tobago,2010,4.23
trinidad_tobago,2011,3.53
trinidad_tobago,2012,4.33
trinidad_tobago,2013,4.32
trinidad_tobago,2014,5.2
tunisia,1990,3.39
tunisia,1991,3.08
tunisia,1992,3.41
tunisia,1993,3.09
tunisia,1994,2.9
tunisia,1995,2.93
tunisia,1996,3.14
tunisia,1997,3.15
tunisia,1998,3.3
tunisia,1999,3.31
tunisia,2000,3.62
tunisia,2001,3.72
tunisia,2002,3.66
tunisia,2003,4.39
tunisia,2004,4.63
tunisia,2005,4.57
tunisia,2006,5.01
tunisia,2007,5.02
tunisia,2008,5.03
tunisia,2009,4.42
tunisia,2010,4.62
tunisia,2011,4.24
tunisia,2012,4.66
tunisia,2013,4.8
tunisia,2014,5.33
turkey,1990,32.69
turkey,1991,34.37
turkey,1992,32.93
turkey,1993,32.8
turkey,1994,29.95
turkey,1995,33.27
turkey,1996,41.75
turkey,1997,45.27
turkey,1998,46.99
turkey,1999,41.34
turkey,2000,57.79
turkey,2001,42.32
turkey,2002,52.94
turkey,2003,59.53
turkey,2004,58.15
turkey,2005,55.04
turkey,2006,61.14
turkey,2007,61.26
turkey,2008,37.59
turkey,2009,39.27
turkey,2010,48.48
turkey,2011,51.86
turkey,2012,52.86
turkey,2013,46.23
turkey,2014,44.89
turkmenistan,1990,0.73
turkmenistan,1991,0.66
turkmenistan,1992,0.33
turkmenistan,1993,0.47
turkmenistan,1994,0.64
turkmenistan,1995,0.67
turkmenistan,1996,0.54
turkmenistan,1997,0.55
turkmenistan,1998,0.52
turkmenistan,1999,0.64
turkmenistan,2000,0.65
turkmenistan,2001,0.68
turkmenistan,2002,0.69
turkmenistan,2003,0.77
turkmenistan,2004,0.81
turkmenistan,2005,0.85
turkmenistan,2006,0.89
turkmenistan,2007,1.04
turkmenistan,2008,1.05
turkmenistan,2009,1.48
turkmenistan,2010,1.52
turkmenistan,2011,1.92
turkmenistan,2012,2.14
turkmenistan,2013,2.22
turkmenistan,2014,2.35
ukraine,1990,194.94
ukraine,1991,196.68
ukraine,1992,188.57
ukraine,1993,132.75
ukraine,1994,97.23
ukraine,1995,98.1
ukraine,1996,87.15
ukraine,1997,83.35
ukraine,1998,78.93
ukraine,1999,80.96
ukraine,2000,80.73
ukraine,2001,88.09
ukraine,2002,88.69
ukraine,2003,97.71
ukraine,2004,96.29
ukraine,2005,75.2
ukraine,2006,81.78
ukraine,2007,83.86
ukraine,2008,75.53
ukraine,2009,56.2
ukraine,2010,61.3
ukraine,2011,65.13
ukraine,2012,60.48
ukraine,2013,56.89
ukraine,2014,55.5
united_arab_emirates,1990,26.63
united_arab_emirates,1991,33.34
united_arab_emirates,1992,29.57
united_arab_emirates,1993,29.57
united_arab_emirates,1994,33.94
united_arab_emirates,1995,36.05
united_arab_emirates,1996,37.7
united_arab_emirates,1997,39.89
united_arab_emirates,1998,39.35
united_arab_emirates,1999,38.64
united_arab_emirates,2000,33.66
united_arab_emirates,2001,41.58
united_arab_emirates,2002,37.8
united_arab_emirates,2003,35.91
united_arab_emirates,2004,33.86
united_arab_emirates,2005,34.91
united_arab_emirates,2006,34.06
united_arab_emirates,2007,42.42
united_arab_emirates,2008,51.82
united_arab_emirates,2009,60.91
united_arab_emirates,2010,63.34
united_arab_emirates,2011,69.19
united_arab_emirates,2012,70.62
united_arab_emirates,2013,71.91
united_arab_emirates,2014,64.77
united_kingdom,1990,76.93
united_kingdom,1991,78.96
united_kingdom,1992,70.55
united_kingdom,1993,71.56
united_kingdom,1994,72.53
united_kingdom,1995,69.18
united_kingdom,1996,68.03
united_kingdom,1997,66.84
united_kingdom,1998,64.28
united_kingdom,1999,63.14
united_kingdom,2000,63.02
united_kingdom,2001,66.5
united_kingdom,2002,61.54
united_kingdom,2003,61.02
united_kingdom,2004,58.22
united_kingdom,2005,55.22
united_kingdom,2006,54.53
united_kingdom,2007,53.56
united_kingdom,2008,49.79
united_kingdom,2009,40.61
united_kingdom,2010,43.29
united_kingdom,2011,38.48
united_kingdom,2012,38.36
united_kingdom,2013,38.99
united_kingdom,2014,39.14
united_states_of_america,1990,604.28
united_states_of_america,1991,566.74
united_states_of_america,1992,517.5
united_states_of_america,1993,532.27
united_states_of_america,1994,534.7
united_states_of_america,1995,486.67
united_states_of_america,1996,485.8
united_states_of_america,1997,506.6
united_states_of_america,1998,512.6
united_states_of_america,1999,499.24
united_states_of_america,2000,566.99
united_states_of_america,2001,539.91
united_states_of_america,2002,490.74
united_states_of_america,2003,485.34
united_states_of_america,2004,511.59
united_states_of_america,2005,477.25
united_states_of_america,2006,495.72
united_states_of_america,2007,485.92
united_states_of_america,2008,474.69
united_states_of_america,2009,407.49
united_states_of_america,2010,466.26
united_states_of_america,2011,463.87
united_states_of_america,2012,441.66
united_states_of_america,2013,440.66
united_states_of_america,2014,448.03
uruguay,1990,0.56
uruguay,1991,0.58
uruguay,1992,0.58
uruguay,1993,0.54
uruguay,1994,0.49
uruguay,1995,0.5
uruguay,1996,0.67
uruguay,1997,0.8
uruguay,1998,0.81
uruguay,1999,0.79
uruguay,2000,0.71
uruguay,2001,0.63
uruguay,2002,0.56
uruguay,2003,0.58
uruguay,2004,0.6
uruguay,2005,0.6
uruguay,2006,0.55
uruguay,2007,0.6
uruguay,2008,0.62
uruguay,2009,0.65
uruguay,2010,0.54
uruguay,2011,0.61
uruguay,2012,0.6
uruguay,2013,0.72
uruguay,2014,0.8
uzbekistan,1990,0
uzbekistan,1991,0
uzbekistan,1992,0
uzbekistan,1993,0
uzbekistan,1994,0
uzbekistan,1995,13.36
uzbekistan,1996,10.51
uzbekistan,1997,7.81
uzbekistan,1998,15.92
uzbekistan,1999,16.33
uzbekistan,2000,16.05
uzbekistan,2001,16.24
uzbekistan,2002,17.03
uzbekistan,2003,16.27
uzbekistan,2004,15.97
uzbekistan,2005,15.26
uzbekistan,2006,15.65
uzbekistan,2007,15.82
uzbekistan,2008,16.49
uzbekistan,2009,13.32
uzbekistan,2010,12.88
uzbekistan,2011,14.74
uzbekistan,2012,15.49
uzbekistan,2013,12.84
uzbekistan,2014,13.39
venezuela,1990,23.51
venezuela,1991,25.06
venezuela,1992,22.74
venezuela,1993,25.78
venezuela,1994,25.89
venezuela,1995,28.12
venezuela,1996,30.8
venezuela,1997,32.2
venezuela,1998,31.68
venezuela,1999,28.13
venezuela,2000,27.95
venezuela,2001,29.15
venezuela,2002,32.11
venezuela,2003,32.27
venezuela,2004,35.12
venezuela,2005,35.57
venezuela,2006,33.47
venezuela,2007,18.28
venezuela,2008,42.3
venezuela,2009,40.41
venezuela,2010,56.58
venezuela,2011,49.67
venezuela,2012,50.56
venezuela,2013,47.45
venezuela,2014,42.81
vietnam,1990,5.66
vietnam,1991,6.25
vietnam,1992,6.77
vietnam,1993,7.21
vietnam,1994,7.38
vietnam,1995,10.43
vietnam,1996,11
vietnam,1997,13.18
vietnam,1998,13.7
vietnam,1999,13.75
vietnam,2000,14.43
vietnam,2001,16.43
vietnam,2002,18.32
vietnam,2003,19.63
vietnam,2004,22.78
vietnam,2005,24.05
vietnam,2006,24.14
vietnam,2007,26.85
vietnam,2008,35.34
vietnam,2009,38.94
vietnam,2010,41.56
vietnam,2011,42.98
vietnam,2012,42.34
vietnam,2013,44.57
vietnam,2014,48.37
world,1990,3967.56
world,1991,3880.48
world,1992,3741.5
world,1993,3691.72
world,1994,3710.7
world,1995,3940.32
world,1996,3833.18
world,1997,3860.42
world,1998,3856.17
world,1999,3706.16
world,2000,3869.83
world,2001,3889.87
world,2002,3888.55
world,2003,4069.5
world,2004,4511.38
world,2005,4755.45
world,2006,4999.29
world,2007,5313.25
world,2008,5442.92
world,2009,5402.48
world,2010,5851.43
world,2011,6115.78
world,2012,6030.07
world,2013,6110.18
world,2014,6230.14
yemen,1990,0
yemen,1991,0
yemen,1992,0
yemen,1993,0
yemen,1994,0
yemen,1995,0.53
yemen,1996,0.62
yemen,1997,0.72
yemen,1998,0.84
yemen,1999,0.97
yemen,2000,1.14
yemen,2001,1.26
yemen,2002,1.48
yemen,2003,2.38
yemen,2004,2.52
yemen,2005,2.69
yemen,2006,2.62
yemen,2007,2.89
yemen,2008,3.22
yemen,2009,3.09
yemen,2010,3.01
yemen,2011,2.58
yemen,2012,2.24
yemen,2013,3.37
yemen,2014,3.16
zambia,1990,1.29
zambia,1991,1.35
zambia,1992,1.36
zambia,1993,1.33
zambia,1994,0.87
zambia,1995,0.78
zambia,1996,0.66
zambia,1997,1
zambia,1998,0.96
zambia,1999,0.69
zambia,2000,0.67
zambia,2001,0.71
zambia,2002,0.74
zambia,2003,0.78
zambia,2004,0.73
zambia,2005,0.83
zambia,2006,0.68
zambia,2007,0.66
zambia,2008,0.74
zambia,2009,0.75
zambia,2010,0.71
zambia,2011,0.97
zambia,2012,1.5
zambia,2013,1.43
zambia,2014,1.49
zimbabwe,1990,4.74
zimbabwe,1991,4.99
zimbabwe,1992,4.6
zimbabwe,1993,3.86
zimbabwe,1994,2.39
zimbabwe,1995,2.63
zimbabwe,1996,2.5
zimbabwe,1997,2.28
zimbabwe,1998,2.39
zimbabwe,1999,3.1
zimbabwe,2000,2.96
zimbabwe,2001,2.57
zimbabwe,2002,2.28
zimbabwe,2003,2.04
zimbabwe,2004,1.56
zimbabwe,2005,1.63
zimbabwe,2006,2.09
zimbabwe,2007,2.28
zimbabwe,2008,1.34
zimbabwe,2009,0.63
zimbabwe,2010,1.21
zimbabwe,2011,1.46
zimbabwe,2012,1.91
zimbabwe,2013,1
zimbabwe,2014,1.03
