country,year,total_n2o_mtco2e
afghanistan,1990,2.98405
afghanistan,1991,3.08219
afghanistan,1992,3.04173
afghanistan,1993,3.08907
afghanistan,1994,2.92071
afghanistan,1995,3.04767
afghanistan,1996,3.28695
afghanistan,1997,3.61128
afghanistan,1998,3.92111
afghanistan,1999,4.21041
afghanistan,2000,3.66784
afghanistan,2001,3.25058
afghanistan,2002,3.78214
afghanistan,2003,3.98465
afghanistan,2004,3.90008
afghanistan,2005,4.07024
afghanistan,2006,4.04848
afghanistan,2007,3.8742
afghanistan,2008,4.13115
afghanistan,2009,4.50629
afghanistan,2010,4.98312
afghanistan,2011,5.08587
afghanistan,2012,6.25795
afghanistan,2013,5.52384
albania,1990,1.53633
albania,1991,1.17691
albania,1992,1.11569
albania,1993,1.18363
albania,1994,1.4209
albania,1995,1.41149
albania,1996,1.26899
albania,1997,1.20815
albania,1998,1.25715
albania,1999,1.21046
albania,2000,1.27824
albania,2001,1.24107
albania,2002,1.39312
albania,2003,1.4098
albania,2004,1.36775
albania,2005,1.37284
albania,2006,1.31769
albania,2007,1.29347
albania,2008,1.2373
albania,2009,1.23756
albania,2010,1.24834
albania,2011,1.26835
albania,2012,1.27885
albania,2013,1.25556
algeria,1990,4.26416
algeria,1991,4.22407
algeria,1992,4.40101
algeria,1993,4.49201
algeria,1994,4.30223
algeria,1995,4.23235
algeria,1996,4.33863
algeria,1997,4.21158
algeria,1998,4.80741
algeria,1999,4.73793
algeria,2000,4.6699
algeria,2001,4.84869
algeria,2002,4.69537
algeria,2003,4.88475
algeria,2004,5.57004
algeria,2005,4.90711
algeria,2006,5.26491
algeria,2007,5.30668
algeria,2008,4.98995
algeria,2009,5.70651
algeria,2010,5.93309
algeria,2011,5.99652
algeria,2012,6.48232
algeria,2013,6.37843
angola,1990,14.91873
angola,1991,14.95924
angola,1992,15.00988
angola,1993,14.95862
angola,1994,14.91075
angola,1995,14.91118
angola,1996,14.37354
angola,1997,14.13034
angola,1998,15.60438
angola,1999,14.44114
angola,2000,14.86611
angola,2001,15.07339
angola,2002,14.94713
angola,2003,16.84741
angola,2004,17.39266
angola,2005,17.32736
angola,2006,15.63508
angola,2007,16.95148
angola,2008,16.06338
angola,2009,16.26343
angola,2010,17.11783
angola,2011,17.68319
angola,2012,16.25206
angola,2013,17.38075
antigua_barbuda,1990,0.01315
antigua_barbuda,1991,0.0133
antigua_barbuda,1992,0.01348
antigua_barbuda,1993,0.0139
antigua_barbuda,1994,0.0144
antigua_barbuda,1995,0.01491
antigua_barbuda,1996,0.01526
antigua_barbuda,1997,0.01569
antigua_barbuda,1998,0.01596
antigua_barbuda,1999,0.01627
antigua_barbuda,2000,0.01616
antigua_barbuda,2001,0.01655
antigua_barbuda,2002,0.01685
antigua_barbuda,2003,0.01727
antigua_barbuda,2004,0.01731
antigua_barbuda,2005,0.01743
antigua_barbuda,2006,0.01752
antigua_barbuda,2007,0.01778
antigua_barbuda,2008,0.01767
antigua_barbuda,2009,0.01767
antigua_barbuda,2010,0.01242
antigua_barbuda,2011,0.01251
antigua_barbuda,2012,0.01257
antigua_barbuda,2013,0.01264
argentina,1990,36.67921
argentina,1991,36.35506
argentina,1992,37.22523
argentina,1993,36.74594
argentina,1994,37.94475
argentina,1995,37.73959
argentina,1996,38.56224
argentina,1997,38.29446
argentina,1998,37.85962
argentina,1999,38.61317
argentina,2000,40.6791
argentina,2001,43.17242
argentina,2002,41.74556
argentina,2003,45.98734
argentina,2004,44.71406
argentina,2005,44.2394
argentina,2006,45.81652
argentina,2007,48.05928
argentina,2008,45.99512
argentina,2009,41.40376
argentina,2010,42.782
argentina,2011,43.12337
argentina,2012,42.22914
argentina,2013,44.45936
armenia,1992,0.75344
armenia,1993,0.66833
armenia,1994,0.59673
armenia,1995,0.58354
armenia,1996,0.58793
armenia,1997,0.56652
armenia,1998,0.5499
armenia,1999,0.52613
armenia,2000,0.52618
armenia,2001,0.53341
armenia,2002,0.62113
armenia,2003,0.60277
armenia,2004,0.65627
armenia,2005,0.63335
armenia,2006,0.65708
armenia,2007,0.65388
armenia,2008,0.65126
armenia,2009,0.64488
armenia,2010,0.62086
armenia,2011,0.63154
armenia,2012,0.67202
armenia,2013,0.76563
australia,1990,78.84325
australia,1991,78.17626
australia,1992,77.12483
australia,1993,76.6317
australia,1994,76.5736
australia,1995,76.45404
australia,1996,72.05383
australia,1997,71.07147
australia,1998,75.69605
australia,1999,93.54676
australia,2000,101.98472
australia,2001,102.64523
australia,2002,97.00471
australia,2003,63.70672
australia,2004,82.27542
australia,2005,64.16465
australia,2006,79.42155
australia,2007,73.67101
australia,2008,61.13647
australia,2009,65.17246
australia,2010,54.41726
australia,2011,103.06152
australia,2012,103.4328
australia,2013,65.19933
austria,1990,5.20482
austria,1991,5.15184
austria,1992,5.0657
austria,1993,5.04064
austria,1994,4.99284
austria,1995,4.98805
austria,1996,5.06244
austria,1997,5.06405
austria,1998,5.08689
austria,1999,5.08065
austria,2000,5.03499
austria,2001,4.9038
austria,2002,5.06602
austria,2003,5.7222
austria,2004,4.32595
austria,2005,4.20334
austria,2006,4.16508
austria,2007,4.08802
austria,2008,4.19364
austria,2009,4.14106
austria,2010,4.24407
austria,2011,4.28557
austria,2012,4.20429
austria,2013,4.18973
azerbaijan,1992,2.6689
azerbaijan,1993,2.4354
azerbaijan,1994,2.3154
azerbaijan,1995,2.3093
azerbaijan,1996,2.23523
azerbaijan,1997,2.34514
azerbaijan,1998,2.3736
azerbaijan,1999,2.44618
azerbaijan,2000,2.45507
azerbaijan,2001,2.65377
azerbaijan,2002,2.77437
azerbaijan,2003,2.85163
azerbaijan,2004,2.98131
azerbaijan,2005,3.02642
azerbaijan,2006,3.16044
azerbaijan,2007,3.17767
azerbaijan,2008,3.36107
azerbaijan,2009,3.40425
azerbaijan,2010,3.39143
azerbaijan,2011,3.46302
azerbaijan,2012,3.55255
azerbaijan,2013,3.57999
bahamas_the,1990,0.01858
bahamas_the,1991,0.01829
bahamas_the,1992,0.01902
bahamas_the,1993,0.01831
bahamas_the,1994,0.01717
bahamas_the,1995,0.02229
bahamas_the,1996,0.02689
bahamas_the,1997,0.02379
bahamas_the,1998,0.03197
bahamas_the,1999,0.02554
bahamas_the,2000,0.02172
bahamas_the,2001,0.02137
bahamas_the,2002,0.01874
bahamas_the,2003,0.01879
bahamas_the,2004,0.0293
bahamas_the,2005,0.02253
bahamas_the,2006,0.0219
bahamas_the,2007,0.02246
bahamas_the,2008,0.02746
bahamas_the,2009,0.02228
bahamas_the,2010,0.01998
bahamas_the,2011,0.02849
bahamas_the,2012,0.02074
bahamas_the,2013,0.02674
bahrain,1990,0.03375
bahrain,1991,0.03401
bahrain,1992,0.03478
bahrain,1993,0.03441
bahrain,1994,0.03457
bahrain,1995,0.03424
bahrain,1996,0.03586
bahrain,1997,0.03676
bahrain,1998,0.03977
bahrain,1999,0.03752
bahrain,2000,0.03764
bahrain,2001,0.03858
bahrain,2002,0.15806
bahrain,2003,0.04329
bahrain,2004,0.04414
bahrain,2005,0.0729
bahrain,2006,0.13538
bahrain,2007,0.05511
bahrain,2008,0.06254
bahrain,2009,0.05737
bahrain,2010,0.06856
bahrain,2011,0.05673
bahrain,2012,0.05792
bahrain,2013,0.06268
bangladesh,1990,17.45924
bangladesh,1991,18.28803
bangladesh,1992,18.61028
bangladesh,1993,19.01432
bangladesh,1994,19.69534
bangladesh,1995,21.00895
bangladesh,1996,21.57137
bangladesh,1997,21.05397
bangladesh,1998,21.09762
bangladesh,1999,22.4051
bangladesh,2000,22.5847
bangladesh,2001,23.01222
bangladesh,2002,23.62644
bangladesh,2003,23.12131
bangladesh,2004,23.24739
bangladesh,2005,24.02382
bangladesh,2006,25.0527
bangladesh,2007,25.14903
bangladesh,2008,27.28453
bangladesh,2009,26.74402
bangladesh,2010,27.30612
bangladesh,2011,28.42267
bangladesh,2012,27.72613
bangladesh,2013,25.80991
barbados,1990,0.05183
barbados,1991,0.05171
barbados,1992,0.05054
barbados,1993,0.04895
barbados,1994,0.04997
barbados,1995,0.05441
barbados,1996,0.05588
barbados,1997,0.05426
barbados,1998,0.05268
barbados,1999,0.05127
barbados,2000,0.04974
barbados,2001,0.04625
barbados,2002,0.03696
barbados,2003,0.03735
barbados,2004,0.05275
barbados,2005,0.04253
barbados,2006,0.04171
barbados,2007,0.04113
barbados,2008,0.04397
barbados,2009,0.03747
barbados,2010,0.03806
barbados,2011,0.04048
barbados,2012,0.04287
barbados,2013,0.04327
belarus,1992,12.76329
belarus,1993,12.37989
belarus,1994,11.80957
belarus,1995,11.69202
belarus,1996,11.69603
belarus,1997,11.72106
belarus,1998,11.60926
belarus,1999,11.51621
belarus,2000,11.35522
belarus,2001,11.35192
belarus,2002,10.99959
belarus,2003,11.28639
belarus,2004,11.53958
belarus,2005,11.90437
belarus,2006,12.38335
belarus,2007,12.24036
belarus,2008,12.79912
belarus,2009,13.02138
belarus,2010,12.84048
belarus,2011,13.38644
belarus,2012,13.27833
belarus,2013,12.95564
belgium,2000,8.81793
belgium,2001,8.52183
belgium,2002,9.35405
belgium,2003,8.9777
belgium,2004,8.78639
belgium,2005,8.48145
belgium,2006,8.37706
belgium,2007,8.31728
belgium,2008,8.52443
belgium,2009,8.31637
belgium,2010,8.33483
belgium,2011,8.35082
belgium,2012,8.33932
belgium,2013,8.33232
belize,1990,0.14254
belize,1991,0.14191
belize,1992,0.14987
belize,1993,0.14446
belize,1994,0.14182
belize,1995,0.13465
belize,1996,0.13603
belize,1997,0.13738
belize,1998,0.14485
belize,1999,0.15168
belize,2000,0.15281
belize,2001,0.15148
belize,2002,0.21747
belize,2003,0.28011
belize,2004,0.15675
belize,2005,0.17061
belize,2006,0.16244
belize,2007,0.17121
belize,2008,0.16585
belize,2009,0.19792
belize,2010,0.17523
belize,2011,0.20149
belize,2012,0.20513
belize,2013,0.21936
benin,1990,1.99428
benin,1991,2.01358
benin,1992,2.03728
benin,1993,2.0575
benin,1994,2.15845
benin,1995,2.10417
benin,1996,2.15831
benin,1997,2.25165
benin,1998,2.3464
benin,1999,2.29389
benin,2000,2.45336
benin,2001,2.31397
benin,2002,2.76357
benin,2003,2.42517
benin,2004,2.31461
benin,2005,2.8885
benin,2006,2.49057
benin,2007,2.59686
benin,2008,2.48356
benin,2009,2.55656
benin,2010,2.50656
benin,2011,2.50751
benin,2012,2.48432
benin,2013,2.62058
bhutan,1990,0.11655
bhutan,1991,0.11515
bhutan,1992,0.10916
bhutan,1993,0.11102
bhutan,1994,0.11217
bhutan,1995,0.12218
bhutan,1996,0.12055
bhutan,1997,0.12139
bhutan,1998,0.12142
bhutan,1999,0.12429
bhutan,2000,0.11256
bhutan,2001,0.10817
bhutan,2002,0.10924
bhutan,2003,0.11276
bhutan,2004,0.11591
bhutan,2005,0.12433
bhutan,2006,0.11907
bhutan,2007,0.12365
bhutan,2008,0.11697
bhutan,2009,0.1175
bhutan,2010,0.11272
bhutan,2011,0.11432
bhutan,2012,0.11322
bhutan,2013,0.11477
bolivia,1990,4.88755
bolivia,1991,5.02396
bolivia,1992,5.139
bolivia,1993,5.27191
bolivia,1994,5.43877
bolivia,1995,5.58221
bolivia,1996,5.70299
bolivia,1997,5.91695
bolivia,1998,6.27277
bolivia,1999,6.61736
bolivia,2000,6.29961
bolivia,2001,5.89109
bolivia,2002,6.36614
bolivia,2003,6.55726
bolivia,2004,7.41857
bolivia,2005,7.62604
bolivia,2006,7.39914
bolivia,2007,7.52366
bolivia,2008,7.42165
bolivia,2009,7.42515
bolivia,2010,9.15779
bolivia,2011,7.96601
bolivia,2012,8.65805
bolivia,2013,8.60337
bosnia_herzegovina,1992,0.98278
bosnia_herzegovina,1993,0.94981
bosnia_herzegovina,1994,0.8922
bosnia_herzegovina,1995,0.82909
bosnia_herzegovina,1996,0.95102
bosnia_herzegovina,1997,1.25125
bosnia_herzegovina,1998,1.60943
bosnia_herzegovina,1999,1.86107
bosnia_herzegovina,2000,2.06094
bosnia_herzegovina,2001,1.96356
bosnia_herzegovina,2002,1.92567
bosnia_herzegovina,2003,1.85524
bosnia_herzegovina,2004,2.03635
bosnia_herzegovina,2005,1.9627
bosnia_herzegovina,2006,1.92138
bosnia_herzegovina,2007,1.87497
bosnia_herzegovina,2008,1.77548
bosnia_herzegovina,2009,2.07655
bosnia_herzegovina,2010,2.01118
bosnia_herzegovina,2011,2.1422
bosnia_herzegovina,2012,2.0914
bosnia_herzegovina,2013,2.09329
botswana,1990,4.81806
botswana,1991,4.64868
botswana,1992,4.54076
botswana,1993,4.44952
botswana,1994,4.62971
botswana,1995,4.97726
botswana,1996,6.14867
botswana,1997,5.88853
botswana,1998,5.39228
botswana,1999,5.31409
botswana,2000,5.1625
botswana,2001,5.50481
botswana,2002,5.00577
botswana,2003,2.41968
botswana,2004,2.63768
botswana,2005,2.7257
botswana,2006,4.21138
botswana,2007,3.01316
botswana,2008,6.62192
botswana,2009,3.10758
botswana,2010,7.99408
botswana,2011,9.60019
botswana,2012,4.08458
botswana,2013,3.60573
brazil,1990,110.60971
brazil,1991,114.24718
brazil,1992,116.75649
brazil,1993,119.01208
brazil,1994,122.8593
brazil,1995,124.89746
brazil,1996,120.36267
brazil,1997,124.11769
brazil,1998,129.65205
brazil,1999,130.20311
brazil,2000,130.18348
brazil,2001,135.59576
brazil,2002,144.29737
brazil,2003,152.63964
brazil,2004,158.06839
brazil,2005,159.70724
brazil,2006,157.82299
brazil,2007,168.71901
brazil,2008,162.15963
brazil,2009,166.55072
brazil,2010,181.61253
brazil,2011,182.97013
brazil,2012,185.66834
brazil,2013,180.9858
brunei,1990,0.06795
brunei,1991,0.06872
brunei,1992,0.0711
brunei,1993,0.06273
brunei,1994,0.06229
brunei,1995,0.06273
brunei,1996,0.06299
brunei,1997,0.06892
brunei,1998,0.07284
brunei,1999,0.08077
brunei,2000,0.08735
brunei,2001,0.09306
brunei,2002,0.09019
brunei,2003,0.09647
brunei,2004,0.10179
brunei,2005,0.09806
brunei,2006,0.10315
brunei,2007,0.10957
brunei,2008,0.10845
brunei,2009,0.1083
brunei,2010,0.11446
brunei,2011,0.1097
brunei,2012,0.11988
brunei,2013,0.12568
bulgaria,1990,8.33303
bulgaria,1991,7.67275
bulgaria,1992,5.89471
bulgaria,1993,5.17837
bulgaria,1994,5.11331
bulgaria,1995,4.33491
bulgaria,1996,4.27072
bulgaria,1997,4.22471
bulgaria,1998,3.88433
bulgaria,1999,3.63215
bulgaria,2000,3.64667
bulgaria,2001,3.86621
bulgaria,2002,4.48226
bulgaria,2003,4.57794
bulgaria,2004,4.34615
bulgaria,2005,3.90149
bulgaria,2006,3.64594
bulgaria,2007,3.96738
bulgaria,2008,4.34041
bulgaria,2009,4.75447
bulgaria,2010,4.79032
bulgaria,2011,5.44544
bulgaria,2012,5.095
bulgaria,2013,5.59593
burkina_faso,1990,4.99514
burkina_faso,1991,5.19982
burkina_faso,1992,5.35065
burkina_faso,1993,5.49817
burkina_faso,1994,5.67365
burkina_faso,1995,5.85771
burkina_faso,1996,6.00042
burkina_faso,1997,6.32792
burkina_faso,1998,6.47673
burkina_faso,1999,6.72683
burkina_faso,2000,6.57457
burkina_faso,2001,6.43776
burkina_faso,2002,6.81724
burkina_faso,2003,8.0843
burkina_faso,2004,8.15133
burkina_faso,2005,8.48115
burkina_faso,2006,8.25005
burkina_faso,2007,8.38475
burkina_faso,2008,8.53124
burkina_faso,2009,8.72737
burkina_faso,2010,9.05189
burkina_faso,2011,8.99529
burkina_faso,2012,8.88737
burkina_faso,2013,9.36472
burundi,1990,1.09664
burundi,1991,1.10628
burundi,1992,1.12544
burundi,1993,1.11567
burundi,1994,1.0677
burundi,1995,1.09193
burundi,1996,1.08562
burundi,1997,1.10153
burundi,1998,1.07697
burundi,1999,1.10053
burundi,2000,1.1099
burundi,2001,1.13762
burundi,2002,1.1116
burundi,2003,1.12935
burundi,2004,1.16938
burundi,2005,1.21134
burundi,2006,1.2567
burundi,2007,1.27924
burundi,2008,1.35165
burundi,2009,1.39411
burundi,2010,1.48007
burundi,2011,1.55696
burundi,2012,1.62443
burundi,2013,1.69237
cambodia,1990,3.11051
cambodia,1991,3.19759
cambodia,1992,3.42356
cambodia,1993,3.54544
cambodia,1994,3.5337
cambodia,1995,3.74148
cambodia,1996,3.77614
cambodia,1997,3.70353
cambodia,1998,3.58595
cambodia,1999,3.98374
cambodia,2000,3.65641
cambodia,2001,3.72473
cambodia,2002,3.94012
cambodia,2003,4.04601
cambodia,2004,4.76837
cambodia,2005,4.18941
cambodia,2006,4.53197
cambodia,2007,4.94876
cambodia,2008,4.67054
cambodia,2009,4.48658
cambodia,2010,4.72509
cambodia,2011,5.12926
cambodia,2012,4.85437
cambodia,2013,4.47844
cameroon,1990,63.80876
cameroon,1991,63.77067
cameroon,1992,63.79973
cameroon,1993,63.81144
cameroon,1994,63.86791
cameroon,1995,63.88336
cameroon,1996,63.84949
cameroon,1997,64.05541
cameroon,1998,64.64528
cameroon,1999,64.6259
cameroon,2000,65.37472
cameroon,2001,65.25555
cameroon,2002,65.05486
cameroon,2003,65.59723
cameroon,2004,64.93124
cameroon,2005,65.70702
cameroon,2006,65.31671
cameroon,2007,65.17526
cameroon,2008,64.79389
cameroon,2009,64.80928
cameroon,2010,64.3284
cameroon,2011,64.66705
cameroon,2012,64.6791
cameroon,2013,64.8907
canada,1990,49.79565
canada,1991,50.64614
canada,1992,51.48324
canada,1993,52.4939
canada,1994,52.9447
canada,1995,54.75455
canada,1996,54.86842
canada,1997,52.64578
canada,1998,52.13223
canada,1999,50.30573
canada,2000,47.64785
canada,2001,47.38115
canada,2002,48.56696
canada,2003,49.32293
canada,2004,49.77718
canada,2005,51.49463
canada,2006,48.10939
canada,2007,51.73607
canada,2008,50.5496
canada,2009,49.20775
canada,2010,49.46393
canada,2011,51.8365
canada,2012,52.41959
canada,2013,56.84969
cape_verde,1990,0.05693
cape_verde,1991,0.06379
cape_verde,1992,0.08493
cape_verde,1993,0.08509
cape_verde,1994,0.06832
cape_verde,1995,0.09078
cape_verde,1996,0.06024
cape_verde,1997,0.07102
cape_verde,1998,0.08234
cape_verde,1999,0.08738
cape_verde,2000,0.08256
cape_verde,2001,0.08663
cape_verde,2002,0.08516
cape_verde,2003,0.08578
cape_verde,2004,0.09023
cape_verde,2005,0.09445
cape_verde,2006,0.10092
cape_verde,2007,0.10712
cape_verde,2008,0.11487
cape_verde,2009,0.11881
cape_verde,2010,0.12313
cape_verde,2011,0.0682
cape_verde,2012,0.06955
cape_verde,2013,0.07103
central_african_republic,1990,23.23605
central_african_republic,1991,23.67574
central_african_republic,1992,24.0086
central_african_republic,1993,24.3437
central_african_republic,1994,24.69753
central_african_republic,1995,25.06605
central_african_republic,1996,25.58716
central_african_republic,1997,26.06128
central_african_republic,1998,27.51102
central_african_republic,1999,26.61905
central_african_republic,2000,28.60747
central_african_republic,2001,28.23735
central_african_republic,2002,27.48991
central_african_republic,2003,31.32385
central_african_republic,2004,29.4745
central_african_republic,2005,31.14009
central_african_republic,2006,31.41734
central_african_republic,2007,32.12249
central_african_republic,2008,33.27644
central_african_republic,2009,30.82444
central_african_republic,2010,32.54146
central_african_republic,2011,33.56072
central_african_republic,2012,31.70139
central_african_republic,2013,33.38822
chad,1990,7.20204
chad,1991,7.29275
chad,1992,7.37652
chad,1993,7.42036
chad,1994,7.49449
chad,1995,7.62782
chad,1996,7.83302
chad,1997,7.88885
chad,1998,7.85645
chad,1999,8.3471
chad,2000,9.25821
chad,2001,8.5398
chad,2002,9.36482
chad,2003,9.74226
chad,2004,9.42168
chad,2005,9.9001
chad,2006,9.47819
chad,2007,9.74303
chad,2008,9.57559
chad,2009,8.69219
chad,2010,8.91102
chad,2011,9.53892
chad,2012,9.4001
chad,2013,9.30586
chile,1990,4.96591
chile,1991,4.99553
chile,1992,5.21723
chile,1993,5.4778
chile,1994,5.78052
chile,1995,6.02328
chile,1996,6.13929
chile,1997,6.19787
chile,1998,6.12905
chile,1999,6.24644
chile,2000,6.26444
chile,2001,6.32333
chile,2002,6.4677
chile,2003,6.29553
chile,2004,6.93215
chile,2005,6.67207
chile,2006,6.83769
chile,2007,7.14389
chile,2008,7.68137
chile,2009,7.45339
chile,2010,7.4801
chile,2011,7.08857
chile,2012,7.0981
chile,2013,6.81913
china,1990,301.85049
china,1991,306.92248
china,1992,312.36096
china,1993,300.94976
china,1994,314.25457
china,1995,351.7548
china,1996,368.49769
china,1997,355.96405
china,1998,355.18877
china,1999,367.92997
china,2000,357.52244
china,2001,365.08469
china,2002,365.65091
china,2003,369.13916
china,2004,384.36998
china,2005,393.64348
china,2006,402.09808
china,2007,409.11109
china,2008,415.84541
china,2009,422.65594
china,2010,430.4184
china,2011,426.6279
china,2012,431.58148
china,2013,433.6364
colombia,1990,18.90734
colombia,1991,18.88872
colombia,1992,18.8571
colombia,1993,19.1851
colombia,1994,19.47286
colombia,1995,19.45004
colombia,1996,19.58912
colombia,1997,19.58284
colombia,1998,19.89886
colombia,1999,19.19664
colombia,2000,19.6714
colombia,2001,19.72255
colombia,2002,20.03086
colombia,2003,20.51153
colombia,2004,20.34594
colombia,2005,21.25711
colombia,2006,21.8338
colombia,2007,22.80912
colombia,2008,22.11519
colombia,2009,22.57534
colombia,2010,22.89007
colombia,2011,22.14446
colombia,2012,21.36202
colombia,2013,21.35699
comoros,1990,0.04173
comoros,1991,0.04192
comoros,1992,0.04211
comoros,1993,0.04281
comoros,1994,0.04333
comoros,1995,0.04413
comoros,1996,0.04509
comoros,1997,0.04579
comoros,1998,0.04919
comoros,1999,0.05246
comoros,2000,0.04701
comoros,2001,0.04775
comoros,2002,0.04835
comoros,2003,0.04457
comoros,2004,0.04499
comoros,2005,0.04502
comoros,2006,0.0468
comoros,2007,0.0469
comoros,2008,0.04785
comoros,2009,0.04778
comoros,2010,0.04854
comoros,2011,0.04938
comoros,2012,0.04935
comoros,2013,0.05005
congo_dem_rep,1990,11.93594
congo_dem_rep,1991,11.84635
congo_dem_rep,1992,11.87861
congo_dem_rep,1993,11.84315
congo_dem_rep,1994,11.83033
congo_dem_rep,1995,11.74432
congo_dem_rep,1996,11.44565
congo_dem_rep,1997,11.20969
congo_dem_rep,1998,11.74352
congo_dem_rep,1999,10.79834
congo_dem_rep,2000,10.61879
congo_dem_rep,2001,11.65677
congo_dem_rep,2002,10.76893
congo_dem_rep,2003,11.85379
congo_dem_rep,2004,12.71984
congo_dem_rep,2005,12.33747
congo_dem_rep,2006,13.27753
congo_dem_rep,2007,10.97687
congo_dem_rep,2008,12.05395
congo_dem_rep,2009,12.06895
congo_dem_rep,2010,12.54092
congo_dem_rep,2011,11.94955
congo_dem_rep,2012,10.9465
congo_dem_rep,2013,11.89032
congo_rep,1990,0.73232
congo_rep,1991,0.73447
congo_rep,1992,0.73168
congo_rep,1993,0.73062
congo_rep,1994,0.72866
congo_rep,1995,0.72797
congo_rep,1996,0.64331
congo_rep,1997,0.67294
congo_rep,1998,0.69433
congo_rep,1999,0.69373
congo_rep,2000,0.59573
congo_rep,2001,0.46637
congo_rep,2002,0.57979
congo_rep,2003,0.76393
congo_rep,2004,0.7016
congo_rep,2005,0.8172
congo_rep,2006,0.8755
congo_rep,2007,0.7705
congo_rep,2008,0.77512
congo_rep,2009,0.83415
congo_rep,2010,0.85729
congo_rep,2011,0.90346
congo_rep,2012,1.11094
congo_rep,2013,1.17282
cook_islands,1990,0.03946
cook_islands,1991,0.03942
cook_islands,1992,0.03955
cook_islands,1993,0.04009
cook_islands,1994,0.04042
cook_islands,1995,0.04056
cook_islands,1996,0.04001
cook_islands,1997,0.03917
cook_islands,1998,0.03838
cook_islands,1999,0.03759
cook_islands,2000,0.03673
cook_islands,2001,0.03548
cook_islands,2002,0.03442
cook_islands,2003,0.03245
cook_islands,2004,0.03143
cook_islands,2005,0.03038
cook_islands,2006,0.02959
cook_islands,2007,0.02862
cook_islands,2008,0.02787
cook_islands,2009,0.02702
cook_islands,2010,0.0261
cook_islands,2011,0.02543
cook_islands,2012,0.02479
cook_islands,2013,0.02411
costa_rica,1990,1.84692
costa_rica,1991,1.88314
costa_rica,1992,1.8819
costa_rica,1993,1.84878
costa_rica,1994,1.80831
costa_rica,1995,1.69305
costa_rica,1996,1.78858
costa_rica,1997,1.83994
costa_rica,1998,1.8837
costa_rica,1999,1.67938
costa_rica,2000,1.57432
costa_rica,2001,1.46117
costa_rica,2002,1.34205
costa_rica,2003,1.51119
costa_rica,2004,1.46932
costa_rica,2005,1.69182
costa_rica,2006,1.57839
costa_rica,2007,1.62847
costa_rica,2008,1.68406
costa_rica,2009,1.73402
costa_rica,2010,1.67064
costa_rica,2011,1.85373
costa_rica,2012,1.83718
costa_rica,2013,1.86403
cote_d_ivoire,1990,3.88164
cote_d_ivoire,1991,3.91119
cote_d_ivoire,1992,3.93561
cote_d_ivoire,1993,3.99721
cote_d_ivoire,1994,4.04106
cote_d_ivoire,1995,4.06138
cote_d_ivoire,1996,3.83911
cote_d_ivoire,1997,3.76198
cote_d_ivoire,1998,3.55845
cote_d_ivoire,1999,3.24046
cote_d_ivoire,2000,3.09596
cote_d_ivoire,2001,3.01261
cote_d_ivoire,2002,3.42613
cote_d_ivoire,2003,3.16027
cote_d_ivoire,2004,2.69491
cote_d_ivoire,2005,3.26428
cote_d_ivoire,2006,3.1523
cote_d_ivoire,2007,3.05837
cote_d_ivoire,2008,3.07451
cote_d_ivoire,2009,2.99715
cote_d_ivoire,2010,2.93171
cote_d_ivoire,2011,2.94617
cote_d_ivoire,2012,2.9749
cote_d_ivoire,2013,3.29218
croatia,1992,2.72207
croatia,1993,2.42543
croatia,1994,2.38415
croatia,1995,2.3249
croatia,1996,2.35067
croatia,1997,2.69936
croatia,1998,2.33763
croatia,1999,2.36721
croatia,2000,2.47616
croatia,2001,2.40915
croatia,2002,2.62
croatia,2003,2.52283
croatia,2004,2.73524
croatia,2005,2.56283
croatia,2006,2.99908
croatia,2007,3.07554
croatia,2008,3.40401
croatia,2009,2.28252
croatia,2010,2.37697
croatia,2011,2.52378
croatia,2012,2.41954
croatia,2013,2.32626
cuba,1990,6.78286
cuba,1991,6.29757
cuba,1992,5.85907
cuba,1993,5.05615
cuba,1994,4.57317
cuba,1995,4.28692
cuba,1996,4.26712
cuba,1997,4.39917
cuba,1998,4.29174
cuba,1999,4.07711
cuba,2000,4.05207
cuba,2001,4.16915
cuba,2002,3.85661
cuba,2003,3.61838
cuba,2004,3.64456
cuba,2005,3.42481
cuba,2006,3.60584
cuba,2007,3.68672
cuba,2008,3.75188
cuba,2009,3.62636
cuba,2010,3.69485
cuba,2011,3.88845
cuba,2012,3.85925
cuba,2013,3.84971
cyprus,1990,0.25595
cyprus,1991,0.25319
cyprus,1992,0.2896
cyprus,1993,0.2925
cyprus,1994,0.29972
cyprus,1995,0.28897
cyprus,1996,0.30138
cyprus,1997,0.28256
cyprus,1998,0.29186
cyprus,1999,0.29692
cyprus,2000,0.27221
cyprus,2001,0.27969
cyprus,2002,0.30243
cyprus,2003,0.32594
cyprus,2004,0.30272
cyprus,2005,0.28758
cyprus,2006,0.26643
cyprus,2007,0.27106
cyprus,2008,0.25526
cyprus,2009,0.26878
cyprus,2010,0.28466
cyprus,2011,0.27567
cyprus,2012,0.28686
cyprus,2013,0.25475
czech_republic,1993,6.05025
czech_republic,1994,6.02237
czech_republic,1995,5.85821
czech_republic,1996,6.0842
czech_republic,1997,5.82786
czech_republic,1998,5.7154
czech_republic,1999,5.68162
czech_republic,2000,5.90211
czech_republic,2001,6.29868
czech_republic,2002,5.47153
czech_republic,2003,5.57648
czech_republic,2004,5.70958
czech_republic,2005,5.69501
czech_republic,2006,5.61372
czech_republic,2007,5.69738
czech_republic,2008,5.53708
czech_republic,2009,5.39955
czech_republic,2010,5.33243
czech_republic,2011,5.45701
czech_republic,2012,5.91663
czech_republic,2013,5.94653
denmark,1990,7.4252
denmark,1991,7.25041
denmark,1992,6.87686
denmark,1993,6.93372
denmark,1994,6.77647
denmark,1995,6.69554
denmark,1996,6.69044
denmark,1997,6.69062
denmark,1998,6.59486
denmark,1999,6.39012
denmark,2000,6.3782
denmark,2001,6.10122
denmark,2002,5.47429
denmark,2003,5.64158
denmark,2004,5.1691
denmark,2005,4.95443
denmark,2006,4.95265
denmark,2007,4.99261
denmark,2008,5.14087
denmark,2009,4.98618
denmark,2010,4.95323
denmark,2011,4.95388
denmark,2012,4.93674
denmark,2013,4.90441
djibouti,1990,0.20318
djibouti,1991,0.20479
djibouti,1992,0.20559
djibouti,1993,0.20969
djibouti,1994,0.21665
djibouti,1995,0.23215
djibouti,1996,0.2424
djibouti,1997,0.24452
djibouti,1998,0.24947
djibouti,1999,0.25936
djibouti,2000,0.25943
djibouti,2001,0.25879
djibouti,2002,0.25857
djibouti,2003,0.25964
djibouti,2004,0.26193
djibouti,2005,0.26248
djibouti,2006,0.25962
djibouti,2007,0.25967
djibouti,2008,0.26019
djibouti,2009,0.26086
djibouti,2010,0.261
djibouti,2011,0.26044
djibouti,2012,0.26272
djibouti,2013,0.26285
dominica,1990,0.02828
dominica,1991,0.02943
dominica,1992,0.027
dominica,1993,0.02705
dominica,1994,0.02587
dominica,1995,0.02122
dominica,1996,0.02029
dominica,1997,0.02077
dominica,1998,0.02078
dominica,1999,0.02081
dominica,2000,0.02083
dominica,2001,0.02082
dominica,2002,0.0154
dominica,2003,0.01597
dominica,2004,0.01654
dominica,2005,0.01684
dominica,2006,0.01541
dominica,2007,0.01841
dominica,2008,0.01576
dominica,2009,0.01529
dominica,2010,0.01523
dominica,2011,0.01582
dominica,2012,0.01564
dominica,2013,0.01613
dominican_republic,1990,2.02658
dominican_republic,1991,2.17318
dominican_republic,1992,2.14054
dominican_republic,1993,2.15439
dominican_republic,1994,2.20504
dominican_republic,1995,2.23254
dominican_republic,1996,2.36809
dominican_republic,1997,2.46498
dominican_republic,1998,2.47518
dominican_republic,1999,2.29105
dominican_republic,2000,2.26061
dominican_republic,2001,2.42177
dominican_republic,2002,2.73335
dominican_republic,2003,2.64072
dominican_republic,2004,2.86984
dominican_republic,2005,2.88564
dominican_republic,2006,3.07347
dominican_republic,2007,3.27764
dominican_republic,2008,3.25854
dominican_republic,2009,3.34827
dominican_republic,2010,3.49664
dominican_republic,2011,3.46803
dominican_republic,2012,3.3839
dominican_republic,2013,3.41735
ecuador,1990,3.77407
ecuador,1991,3.94679
ecuador,1992,4.06947
ecuador,1993,4.20802
ecuador,1994,4.31735
ecuador,1995,4.40387
ecuador,1996,4.61523
ecuador,1997,4.88464
ecuador,1998,4.84021
ecuador,1999,4.50173
ecuador,2000,4.35437
ecuador,2001,5.49157
ecuador,2002,4.78377
ecuador,2003,4.68684
ecuador,2004,4.86594
ecuador,2005,4.67166
ecuador,2006,4.88008
ecuador,2007,4.58605
ecuador,2008,4.99169
ecuador,2009,5.03669
ecuador,2010,5.3889
ecuador,2011,5.56168
ecuador,2012,5.40716
ecuador,2013,5.30607
egypt,1990,13.61795
egypt,1991,13.85406
egypt,1992,13.54334
egypt,1993,14.08457
egypt,1994,12.82781
egypt,1995,14.32912
egypt,1996,14.21737
egypt,1997,13.59053
egypt,1998,13.97985
egypt,1999,13.77717
egypt,2000,14.17605
egypt,2001,14.55147
egypt,2002,14.75282
egypt,2003,18.3343
egypt,2004,17.08801
egypt,2005,17.90463
egypt,2006,15.27892
egypt,2007,15.99984
egypt,2008,19.12597
egypt,2009,16.40456
egypt,2010,17.72899
egypt,2011,17.61395
egypt,2012,17.36221
egypt,2013,17.7759
el_salvador,1990,1.32237
el_salvador,1991,1.36883
el_salvador,1992,1.39908
el_salvador,1993,1.3833
el_salvador,1994,1.35956
el_salvador,1995,1.2842
el_salvador,1996,1.48918
el_salvador,1997,1.51533
el_salvador,1998,1.36709
el_salvador,1999,1.43386
el_salvador,2000,1.35434
el_salvador,2001,1.43802
el_salvador,2002,1.40624
el_salvador,2003,1.40861
el_salvador,2004,1.50203
el_salvador,2005,1.6523
el_salvador,2006,1.60039
el_salvador,2007,1.71027
el_salvador,2008,1.79654
el_salvador,2009,1.70037
el_salvador,2010,1.71302
el_salvador,2011,1.67334
el_salvador,2012,1.68352
el_salvador,2013,1.53443
equatorial_guinea,1990,0.01338
equatorial_guinea,1991,0.01361
equatorial_guinea,1992,0.01385
equatorial_guinea,1993,0.01409
equatorial_guinea,1994,0.01428
equatorial_guinea,1995,0.0145
equatorial_guinea,1996,0.01478
equatorial_guinea,1997,0.01509
equatorial_guinea,1998,0.0154
equatorial_guinea,1999,0.01574
equatorial_guinea,2000,0.01606
equatorial_guinea,2001,0.01633
equatorial_guinea,2002,0.01649
equatorial_guinea,2003,0.01668
equatorial_guinea,2004,0.01688
equatorial_guinea,2005,0.01709
equatorial_guinea,2006,0.01732
equatorial_guinea,2007,0.01756
equatorial_guinea,2008,0.01782
equatorial_guinea,2009,0.01802
equatorial_guinea,2010,0.0184
equatorial_guinea,2011,0.01871
equatorial_guinea,2012,0.01907
equatorial_guinea,2013,0.01942
eritrea,1993,3.02314
eritrea,1994,2.98173
eritrea,1995,3.00167
eritrea,1996,3.03793
eritrea,1997,3.1123
eritrea,1998,3.08288
eritrea,1999,3.00326
eritrea,2000,2.95062
eritrea,2001,2.84812
eritrea,2002,2.77869
eritrea,2003,2.78982
eritrea,2004,2.75864
eritrea,2005,2.77009
eritrea,2006,2.72009
eritrea,2007,2.74977
eritrea,2008,2.66284
eritrea,2009,2.591
eritrea,2010,2.54323
eritrea,2011,2.57878
eritrea,2012,2.5966
eritrea,2013,2.61672
estonia,1992,2.56137
estonia,1993,2.42421
estonia,1994,2.27343
estonia,1995,2.19084
estonia,1996,2.14824
estonia,1997,2.15705
estonia,1998,2.18438
estonia,1999,2.13788
estonia,2000,2.15803
estonia,2001,2.11143
estonia,2002,2.08701
estonia,2003,2.11022
estonia,2004,2.1199
estonia,2005,2.0891
estonia,2006,2.09642
estonia,2007,2.12557
estonia,2008,2.19166
estonia,2009,2.13805
estonia,2010,2.13394
estonia,2011,2.15331
estonia,2012,2.18933
estonia,2013,2.20019
ethiopia,1993,23.8535
ethiopia,1994,24.24149
ethiopia,1995,24.43206
ethiopia,1996,25.59899
ethiopia,1997,26.19284
ethiopia,1998,28.54815
ethiopia,1999,28.42566
ethiopia,2000,27.09555
ethiopia,2001,28.21915
ethiopia,2002,32.36294
ethiopia,2003,31.14159
ethiopia,2004,32.07987
ethiopia,2005,33.83501
ethiopia,2006,35.17412
ethiopia,2007,38.89792
ethiopia,2008,40.05552
ethiopia,2009,41.84967
ethiopia,2010,43.78341
ethiopia,2011,43.06904
ethiopia,2012,44.64245
ethiopia,2013,45.53697
european_union_15,1990,319.72531
european_union_15,1991,315.43626
european_union_15,1992,306.20167
european_union_15,1993,304.61673
european_union_15,1994,306.19475
european_union_15,1995,304.7609
european_union_15,1996,301.00188
european_union_15,1997,290.71762
european_union_15,1998,282.95203
european_union_15,1999,274.33501
european_union_15,2000,269.37336
european_union_15,2001,263.56446
european_union_15,2002,262.13542
european_union_15,2003,259.51005
european_union_15,2004,255.09865
european_union_15,2005,247.31309
european_union_15,2006,241.5745
european_union_15,2007,240.66831
european_union_15,2008,233.2244
european_union_15,2009,226.30979
european_union_15,2010,225.68484
european_union_15,2011,220.90439
european_union_15,2012,220.54386
european_union_15,2013,220.78415
european_union_28,1990,383.59397
european_union_28,1991,373.52679
european_union_28,1992,373.95181
european_union_28,1993,378.87396
european_union_28,1994,378.22961
european_union_28,1995,374.25855
european_union_28,1996,371.44714
european_union_28,1997,362.17255
european_union_28,1998,352.40572
european_union_28,1999,342.51809
european_union_28,2000,337.68831
european_union_28,2001,333.2912
european_union_28,2002,330.34516
european_union_28,2003,328.81086
european_union_28,2004,326.44165
european_union_28,2005,318.14992
european_union_28,2006,311.11478
european_union_28,2007,309.62939
european_union_28,2008,302.01166
european_union_28,2009,291.73437
european_union_28,2010,290.33617
european_union_28,2011,286.55685
european_union_28,2012,286.40615
european_union_28,2013,288.11025
fiji,1990,0.34858
fiji,1991,0.34256
fiji,1992,0.34024
fiji,1993,0.36558
fiji,1994,0.38248
fiji,1995,0.40515
fiji,1996,0.40236
fiji,1997,0.40632
fiji,1998,0.39423
fiji,1999,0.37051
fiji,2000,0.34889
fiji,2001,0.36868
fiji,2002,0.38368
fiji,2003,0.33315
fiji,2004,0.37302
fiji,2005,0.35887
fiji,2006,0.34482
fiji,2007,0.34849
fiji,2008,0.36456
fiji,2009,0.33766
fiji,2010,0.33595
fiji,2011,0.34341
fiji,2012,0.34704
fiji,2013,0.34722
finland,1990,11.96692
finland,1991,11.66363
finland,1992,11.69491
finland,1993,11.76348
finland,1994,11.91092
finland,1995,11.93296
finland,1996,11.70775
finland,1997,11.54854
finland,1998,11.25958
finland,1999,11.05797
finland,2000,10.8646
finland,2001,10.4364
finland,2002,10.17678
finland,2003,9.69796
finland,2004,9.36585
finland,2005,9.14374
finland,2006,8.83291
finland,2007,8.93358
finland,2008,9.12657
finland,2009,8.7192
finland,2010,8.81552
finland,2011,8.41032
finland,2012,8.42035
finland,2013,8.53317
france,1990,64.53097
france,1991,65.68185
france,1992,63.13529
france,1993,63.23945
france,1994,64.24882
france,1995,65.38348
france,1996,64.26802
france,1997,61.59169
france,1998,58.77243
france,1999,56.47987
france,2000,52.06853
france,2001,51.58965
france,2002,50.03896
france,2003,49.29713
france,2004,48.99334
france,2005,47.07577
france,2006,46.40909
france,2007,47.02746
france,2008,45.18629
france,2009,43.287
france,2010,43.28329
france,2011,42.23933
france,2012,42.84151
france,2013,42.80288
gabon,1990,1.06766
gabon,1991,1.07029
gabon,1992,1.07147
gabon,1993,1.07176
gabon,1994,1.06525
gabon,1995,1.05341
gabon,1996,0.88804
gabon,1997,0.75806
gabon,1998,0.60913
gabon,1999,0.45934
gabon,2000,0.29474
gabon,2001,0.27139
gabon,2002,0.30184
gabon,2003,0.30725
gabon,2004,0.34375
gabon,2005,0.31811
gabon,2006,0.33326
gabon,2007,0.35224
gabon,2008,0.33229
gabon,2009,0.35087
gabon,2010,0.33976
gabon,2011,0.34804
gabon,2012,0.40838
gabon,2013,0.41434
gambia_the,1990,0.30978
gambia_the,1991,0.32435
gambia_the,1992,0.32253
gambia_the,1993,0.32372
gambia_the,1994,0.32515
gambia_the,1995,0.32687
gambia_the,1996,0.32646
gambia_the,1997,0.31091
gambia_the,1998,0.3345
gambia_the,1999,0.3097
gambia_the,2000,0.33496
gambia_the,2001,0.35555
gambia_the,2002,0.3411
gambia_the,2003,0.3605
gambia_the,2004,0.41265
gambia_the,2005,0.40219
gambia_the,2006,0.44598
gambia_the,2007,0.41314
gambia_the,2008,0.42763
gambia_the,2009,0.44094
gambia_the,2010,0.43752
gambia_the,2011,0.41743
gambia_the,2012,0.36798
gambia_the,2013,0.39215
georgia,1992,2.27516
georgia,1993,1.89128
georgia,1994,1.56571
georgia,1995,1.45439
georgia,1996,1.53117
georgia,1997,1.62614
georgia,1998,1.66872
georgia,1999,1.78037
georgia,2000,1.86333
georgia,2001,1.84613
georgia,2002,1.84393
georgia,2003,1.83398
georgia,2004,1.89356
georgia,2005,1.93288
georgia,2006,1.89151
georgia,2007,1.77301
georgia,2008,1.70846
georgia,2009,1.7287
georgia,2010,1.69784
georgia,2011,1.91317
georgia,2012,1.97477
georgia,2013,2.13644
germany,1990,73.25788
germany,1991,72.10824
germany,1992,70.26133
germany,1993,69.82763
germany,1994,71.26948
germany,1995,71.73187
germany,1996,67.48284
germany,1997,63.63462
germany,1998,59.81315
germany,1999,56.24948
germany,2000,50.79144
germany,2001,50.65232
germany,2002,50.13906
germany,2003,49.93984
germany,2004,50.06437
germany,2005,49.86086
germany,2006,48.66328
germany,2007,50.24359
germany,2008,49.71791
germany,2009,50.15775
germany,2010,51.45179
germany,2011,48.57614
germany,2012,47.13577
germany,2013,45.99192
ghana,1990,3.95651
ghana,1991,4.04778
ghana,1992,4.02207
ghana,1993,4.05665
ghana,1994,4.06792
ghana,1995,4.08886
ghana,1996,4.05243
ghana,1997,4.12208
ghana,1998,4.71602
ghana,1999,4.09771
ghana,2000,4.75398
ghana,2001,4.96248
ghana,2002,4.56003
ghana,2003,5.06297
ghana,2004,4.14921
ghana,2005,5.63175
ghana,2006,5.43208
ghana,2007,4.87904
ghana,2008,5.00963
ghana,2009,4.76203
ghana,2010,4.81719
ghana,2011,5.36395
ghana,2012,5.12355
ghana,2013,5.63146
greece,1990,8.25902
greece,1991,8.16731
greece,1992,7.93379
greece,1993,7.44097
greece,1994,7.53561
greece,1995,7.27855
greece,1996,7.43983
greece,1997,7.22112
greece,1998,7.11325
greece,1999,7.0769
greece,2000,7.07955
greece,2001,6.87119
greece,2002,6.80992
greece,2003,6.89155
greece,2004,6.54079
greece,2005,6.33574
greece,2006,6.06211
greece,2007,5.85006
greece,2008,6.05232
greece,2009,5.58472
greece,2010,5.91631
greece,2011,6.55548
greece,2012,5.91522
greece,2013,6.35699
grenada,1990,0.00677
grenada,1991,0.00666
grenada,1992,0.00667
grenada,1993,0.00665
grenada,1994,0.0068
grenada,1995,0.00689
grenada,1996,0.00672
grenada,1997,0.00661
grenada,1998,0.00653
grenada,1999,0.00675
grenada,2000,0.00623
grenada,2001,0.00631
grenada,2002,0.00654
grenada,2003,0.00665
grenada,2004,0.00663
grenada,2005,0.0066
grenada,2006,0.00693
grenada,2007,0.00699
grenada,2008,0.00717
grenada,2009,0.00728
grenada,2010,0.00705
grenada,2011,0.00708
grenada,2012,0.00711
grenada,2013,0.0071
guatemala,1990,2.51675
guatemala,1991,2.67296
guatemala,1992,2.79096
guatemala,1993,2.92269
guatemala,1994,2.91466
guatemala,1995,2.95633
guatemala,1996,2.96499
guatemala,1997,3.05266
guatemala,1998,3.01682
guatemala,1999,3.23031
guatemala,2000,3.29062
guatemala,2001,3.33844
guatemala,2002,3.28673
guatemala,2003,3.53386
guatemala,2004,3.7473
guatemala,2005,3.84875
guatemala,2006,3.92556
guatemala,2007,3.93611
guatemala,2008,3.74568
guatemala,2009,4.08245
guatemala,2010,4.29204
guatemala,2011,4.54984
guatemala,2012,4.58868
guatemala,2013,4.62447
guinea,1990,2.31678
guinea,1991,2.39544
guinea,1992,2.46978
guinea,1993,2.56248
guinea,1994,2.67588
guinea,1995,2.78374
guinea,1996,2.78862
guinea,1997,2.82284
guinea,1998,3.23303
guinea,1999,2.96997
guinea,2000,3.1929
guinea,2001,3.28903
guinea,2002,3.93049
guinea,2003,3.55481
guinea,2004,3.65717
guinea,2005,3.90773
guinea,2006,4.02534
guinea,2007,3.82443
guinea,2008,4.48252
guinea,2009,4.34792
guinea,2010,4.30963
guinea,2011,4.2095
guinea,2012,4.65009
guinea,2013,4.71221
guinea_bissau,1990,0.46968
guinea_bissau,1991,0.47292
guinea_bissau,1992,0.48334
guinea_bissau,1993,0.49355
guinea_bissau,1994,0.5022
guinea_bissau,1995,0.5112
guinea_bissau,1996,0.52159
guinea_bissau,1997,0.50333
guinea_bissau,1998,0.49965
guinea_bissau,1999,0.54804
guinea_bissau,2000,0.5481
guinea_bissau,2001,0.60628
guinea_bissau,2002,0.60897
guinea_bissau,2003,0.6319
guinea_bissau,2004,0.553
guinea_bissau,2005,0.50838
guinea_bissau,2006,0.64018
guinea_bissau,2007,0.57751
guinea_bissau,2008,0.58978
guinea_bissau,2009,0.60325
guinea_bissau,2010,0.67771
guinea_bissau,2011,0.68347
guinea_bissau,2012,0.76949
guinea_bissau,2013,0.70779
guyana,1990,0.66107
guyana,1991,0.71179
guyana,1992,0.70808
guyana,1993,0.71148
guyana,1994,0.70031
guyana,1995,0.73651
guyana,1996,0.73181
guyana,1997,0.75414
guyana,1998,0.7478
guyana,1999,0.75761
guyana,2000,0.71242
guyana,2001,0.71494
guyana,2002,0.73519
guyana,2003,0.74504
guyana,2004,0.80276
guyana,2005,0.71241
guyana,2006,0.71716
guyana,2007,0.72556
guyana,2008,0.79432
guyana,2009,0.73854
guyana,2010,0.77509
guyana,2011,0.73166
guyana,2012,0.78121
guyana,2013,0.83068
haiti,1990,1.12029
haiti,1991,1.19413
haiti,1992,1.33812
haiti,1993,1.28859
haiti,1994,1.29285
haiti,1995,1.31358
haiti,1996,1.34014
haiti,1997,1.44037
haiti,1998,1.49538
haiti,1999,1.50027
haiti,2000,1.66763
haiti,2001,1.6693
haiti,2002,1.63291
haiti,2003,1.64673
haiti,2004,1.64805
haiti,2005,1.66285
haiti,2006,1.6639
haiti,2007,1.68632
haiti,2008,1.68763
haiti,2009,1.70897
haiti,2010,1.72609
haiti,2011,1.73236
haiti,2012,1.72778
haiti,2013,1.74572
honduras,1990,1.90161
honduras,1991,1.96529
honduras,1992,1.96067
honduras,1993,1.92411
honduras,1994,1.87048
honduras,1995,2.1946
honduras,1996,2.07945
honduras,1997,2.27592
honduras,1998,2.30644
honduras,1999,2.30376
honduras,2000,2.52571
honduras,2001,2.3971
honduras,2002,2.05783
honduras,2003,2.42661
honduras,2004,2.53154
honduras,2005,2.6773
honduras,2006,2.74131
honduras,2007,2.734
honduras,2008,2.51299
honduras,2009,2.6586
honduras,2010,2.67299
honduras,2011,2.89487
honduras,2012,2.87055
honduras,2013,2.92542
hungary,1990,10.06737
hungary,1991,9.18658
hungary,1992,7.40577
hungary,1993,7.24332
hungary,1994,6.98603
hungary,1995,6.47097
hungary,1996,7.08172
hungary,1997,7.13339
hungary,1998,7.10331
hungary,1999,7.38102
hungary,2000,7.41094
hungary,2001,7.8256
hungary,2002,7.5094
hungary,2003,7.32794
hungary,2004,7.87516
hungary,2005,7.57114
hungary,2006,7.30019
hungary,2007,6.8915
hungary,2008,6.86958
hungary,2009,5.99567
hungary,2010,5.5414
hungary,2011,5.80763
hungary,2012,5.63498
hungary,2013,6.06658
iceland,1990,0.2574
iceland,1991,0.25444
iceland,1992,0.24442
iceland,1993,0.25262
iceland,1994,0.25022
iceland,1995,0.24093
iceland,1996,0.25726
iceland,1997,0.26421
iceland,1998,0.27469
iceland,1999,0.28462
iceland,2000,0.28079
iceland,2001,0.25599
iceland,2002,0.2684
iceland,2003,0.26463
iceland,2004,0.26146
iceland,2005,0.26441
iceland,2006,0.28341
iceland,2007,0.29381
iceland,2008,0.30477
iceland,2009,0.25619
iceland,2010,0.25673
iceland,2011,0.26288
iceland,2012,0.26554
iceland,2013,0.25496
india,1990,152.33248
india,1991,156.82371
india,1992,161.44968
india,1993,165.3424
india,1994,171.45653
india,1995,174.81753
india,1996,180.43008
india,1997,186.3783
india,1998,191.05026
india,1999,194.66008
india,2000,191.71974
india,2001,196.21647
india,2002,190.2769
india,2003,198.03068
india,2004,204.8
india,2005,214.86656
india,2006,224.97088
india,2007,234.59698
india,2008,239.34678
india,2009,244.28344
india,2010,253.10435
india,2011,261.4944
india,2012,259.5843
india,2013,259.99794
indonesia,1990,66.00763
indonesia,1991,66.21288
indonesia,1992,68.41692
indonesia,1993,67.34604
indonesia,1994,68.97621
indonesia,1995,71.13653
indonesia,1996,73.5879
indonesia,1997,71.00528
indonesia,1998,72.11339
indonesia,1999,70.42941
indonesia,2000,71.57352
indonesia,2001,71.96698
indonesia,2002,73.80011
indonesia,2003,74.43439
indonesia,2004,75.91248
indonesia,2005,76.84933
indonesia,2006,77.62985
indonesia,2007,79.25175
indonesia,2008,81.32013
indonesia,2009,84.44941
indonesia,2010,84.23354
indonesia,2011,86.5359
indonesia,2012,88.44797
indonesia,2013,86.77683
iran,1990,18.17255
iran,1991,18.96565
iran,1992,20.51817
iran,1993,19.45049
iran,1994,20.14342
iran,1995,20.61215
iran,1996,21.07774
iran,1997,22.12388
iran,1998,22.85111
iran,1999,22.24977
iran,2000,22.25629
iran,2001,22.63545
iran,2002,23.02605
iran,2003,23.58172
iran,2004,25.88519
iran,2005,25.6621
iran,2006,27.56485
iran,2007,26.39596
iran,2008,25.69762
iran,2009,25.33837
iran,2010,23.07242
iran,2011,21.95352
iran,2012,22.7172
iran,2013,22.63773
iraq,1990,3.77657
iraq,1991,2.48426
iraq,1992,3.0522
iraq,1993,4.03881
iraq,1994,3.92212
iraq,1995,3.63708
iraq,1996,3.57322
iraq,1997,3.75763
iraq,1998,3.91972
iraq,1999,3.81539
iraq,2000,3.8194
iraq,2001,5.49094
iraq,2002,2.5027
iraq,2003,2.31306
iraq,2004,2.87229
iraq,2005,3.40901
iraq,2006,3.35542
iraq,2007,3.26979
iraq,2008,3.62023
iraq,2009,4.28862
iraq,2010,4.15426
iraq,2011,4.39521
iraq,2012,4.45779
iraq,2013,4.71689
ireland,1990,9.74926
ireland,1991,9.66489
ireland,1992,9.70498
ireland,1993,10.03021
ireland,1994,10.21176
ireland,1995,10.16918
ireland,1996,9.97927
ireland,1997,10.09064
ireland,1998,10.53385
ireland,1999,10.49667
ireland,2000,10.1349
ireland,2001,9.9439
ireland,2002,10.38147
ireland,2003,9.73678
ireland,2004,9.57319
ireland,2005,9.26369
ireland,2006,9.04078
ireland,2007,8.78775
ireland,2008,8.8482
ireland,2009,9.15262
ireland,2010,8.66788
ireland,2011,8.5925
ireland,2012,9.11607
ireland,2013,9.06559
israel,1990,1.03464
israel,1991,1.01518
israel,1992,1.06939
israel,1993,1.09047
israel,1994,1.15765
israel,1995,1.17964
israel,1996,1.28419
israel,1997,1.2788
israel,1998,1.30585
israel,1999,1.2152
israel,2000,1.26905
israel,2001,1.27057
israel,2002,1.24427
israel,2003,1.3049
israel,2004,1.31623
israel,2005,1.31862
israel,2006,1.36317
israel,2007,1.45699
israel,2008,1.37975
israel,2009,1.32734
israel,2010,1.33014
israel,2011,1.43343
israel,2012,1.45114
israel,2013,1.478
italy,1990,29.86882
italy,1991,29.80993
italy,1992,29.84659
italy,1993,29.68934
italy,1994,29.56119
italy,1995,29.56152
italy,1996,30.15605
italy,1997,30.0083
italy,1998,30.36353
italy,1999,30.73915
italy,2000,30.73792
italy,2001,29.21126
italy,2002,30.12691
italy,2003,29.64687
italy,2004,29.98199
italy,2005,29.19572
italy,2006,27.68727
italy,2007,26.40585
italy,2008,24.38331
italy,2009,21.73635
italy,2010,20.32156
italy,2011,20.31189
italy,2012,21.36845
italy,2013,21.01938
jamaica,1990,0.53692
jamaica,1991,0.55448
jamaica,1992,0.54978
jamaica,1993,0.56184
jamaica,1994,0.56555
jamaica,1995,0.56773
jamaica,1996,0.56397
jamaica,1997,0.56569
jamaica,1998,0.56818
jamaica,1999,0.57874
jamaica,2000,0.58821
jamaica,2001,0.58655
jamaica,2002,0.58179
jamaica,2003,0.61022
jamaica,2004,0.59777
jamaica,2005,0.58174
jamaica,2006,0.50646
jamaica,2007,0.49884
jamaica,2008,0.51794
jamaica,2009,0.52628
jamaica,2010,0.53655
jamaica,2011,0.53839
jamaica,2012,0.55792
jamaica,2013,0.55038
japan,1990,27.35234
japan,1991,27.48912
japan,1992,28.01153
japan,1993,28.46758
japan,1994,28.94538
japan,1995,28.84899
japan,1996,28.03413
japan,1997,27.27398
japan,1998,26.44177
japan,1999,25.83539
japan,2000,25.27817
japan,2001,24.34014
japan,2002,23.78781
japan,2003,22.92998
japan,2004,22.21615
japan,2005,21.24324
japan,2006,20.97635
japan,2007,20.83129
japan,2008,20.41211
japan,2009,20.03687
japan,2010,19.97412
japan,2011,19.37003
japan,2012,19.24511
japan,2013,19.64306
jordan,1990,0.45116
jordan,1991,0.56433
jordan,1992,0.624
jordan,1993,0.61983
jordan,1994,0.55826
jordan,1995,0.58242
jordan,1996,0.58814
jordan,1997,0.60843
jordan,1998,0.59359
jordan,1999,0.54769
jordan,2000,0.5419
jordan,2001,0.51179
jordan,2002,1.04511
jordan,2003,0.8398
jordan,2004,0.63224
jordan,2005,0.67669
jordan,2006,0.5934
jordan,2007,0.80246
jordan,2008,0.7836
jordan,2009,0.62474
jordan,2010,0.70044
jordan,2011,0.82867
jordan,2012,0.80413
jordan,2013,0.81606
kazakhstan,1992,15.40921
kazakhstan,1993,14.57185
kazakhstan,1994,13.85107
kazakhstan,1995,11.64663
kazakhstan,1996,10.42841
kazakhstan,1997,9.1341
kazakhstan,1998,7.59119
kazakhstan,1999,7.10724
kazakhstan,2000,6.78327
kazakhstan,2001,7.41128
kazakhstan,2002,11.2511
kazakhstan,2003,8.21323
kazakhstan,2004,9.50906
kazakhstan,2005,9.70497
kazakhstan,2006,10.70114
kazakhstan,2007,9.18742
kazakhstan,2008,9.88432
kazakhstan,2009,9.56218
kazakhstan,2010,10.8938
kazakhstan,2011,10.01166
kazakhstan,2012,9.68818
kazakhstan,2013,8.91734
kenya,1990,11.11665
kenya,1991,10.75694
kenya,1992,10.71554
kenya,1993,10.6143
kenya,1994,10.75156
kenya,1995,10.59597
kenya,1996,10.12888
kenya,1997,10.07506
kenya,1998,10.40104
kenya,1999,10.89369
kenya,2000,10.13985
kenya,2001,10.26749
kenya,2002,10.59768
kenya,2003,11.47064
kenya,2004,11.843
kenya,2005,12.06743
kenya,2006,11.37841
kenya,2007,17.37045
kenya,2008,17.42943
kenya,2009,16.80498
kenya,2010,17.00918
kenya,2011,17.71108
kenya,2012,17.82739
kenya,2013,17.43967
kiribati,1990,0.00221
kiribati,1991,0.00223
kiribati,1992,0.00228
kiribati,1993,0.00232
kiribati,1994,0.00234
kiribati,1995,0.00233
kiribati,1996,0.00244
kiribati,1997,0.00245
kiribati,1998,0.00246
kiribati,1999,0.00248
kiribati,2000,0.00284
kiribati,2001,0.003
kiribati,2002,0.00329
kiribati,2003,0.0033
kiribati,2004,0.00338
kiribati,2005,0.00345
kiribati,2006,0.00347
kiribati,2007,0.00368
kiribati,2008,0.00379
kiribati,2009,0.00388
kiribati,2010,0.00397
kiribati,2011,0.00406
kiribati,2012,0.00413
kiribati,2013,0.00415
korea_dem_rep_north,1990,11.78904
korea_dem_rep_north,1991,11.87477
korea_dem_rep_north,1992,11.74002
korea_dem_rep_north,1993,11.58359
korea_dem_rep_north,1994,9.30924
korea_dem_rep_north,1995,7.6353
korea_dem_rep_north,1996,7.28936
korea_dem_rep_north,1997,7.67719
korea_dem_rep_north,1998,7.648
korea_dem_rep_north,1999,7.7956
korea_dem_rep_north,2000,7.84004
korea_dem_rep_north,2001,8.17217
korea_dem_rep_north,2002,7.1186
korea_dem_rep_north,2003,7.24165
korea_dem_rep_north,2004,7.34826
korea_dem_rep_north,2005,7.47386
korea_dem_rep_north,2006,7.37943
korea_dem_rep_north,2007,7.25792
korea_dem_rep_north,2008,7.22196
korea_dem_rep_north,2009,7.13564
korea_dem_rep_north,2010,7.07214
korea_dem_rep_north,2011,7.22653
korea_dem_rep_north,2012,7.39662
korea_dem_rep_north,2013,7.49067
korea_rep_south,1990,16.66992
korea_rep_south,1991,16.39087
korea_rep_south,1992,16.4768
korea_rep_south,1993,16.38795
korea_rep_south,1994,16.32635
korea_rep_south,1995,16.32917
korea_rep_south,1996,16.566
korea_rep_south,1997,17.08959
korea_rep_south,1998,16.73599
korea_rep_south,1999,16.64958
korea_rep_south,2000,16.62243
korea_rep_south,2001,16.43537
korea_rep_south,2002,16.43348
korea_rep_south,2003,16.34164
korea_rep_south,2004,16.89413
korea_rep_south,2005,17.2618
korea_rep_south,2006,17.19941
korea_rep_south,2007,18.07369
korea_rep_south,2008,18.31803
korea_rep_south,2009,18.68009
korea_rep_south,2010,19.26273
korea_rep_south,2011,19.61323
korea_rep_south,2012,20.6865
korea_rep_south,2013,20.64894
kuwait,1990,0.16028
kuwait,1991,0.07777
kuwait,1992,0.08051
kuwait,1993,0.12461
kuwait,1994,0.14585
kuwait,1995,0.16004
kuwait,1996,0.19952
kuwait,1997,0.19787
kuwait,1998,0.20933
kuwait,1999,0.23059
kuwait,2000,0.22123
kuwait,2001,0.25015
kuwait,2002,0.38564
kuwait,2003,0.26528
kuwait,2004,0.26238
kuwait,2005,0.56662
kuwait,2006,0.41331
kuwait,2007,0.26231
kuwait,2008,0.36549
kuwait,2009,0.28784
kuwait,2010,0.29514
kuwait,2011,0.29531
kuwait,2012,0.33716
kuwait,2013,0.30771
kyrgyzstan,1992,2.07041
kyrgyzstan,1993,1.90873
kyrgyzstan,1994,1.6887
kyrgyzstan,1995,1.36607
kyrgyzstan,1996,1.32435
kyrgyzstan,1997,1.29206
kyrgyzstan,1998,1.3439
kyrgyzstan,1999,1.3613
kyrgyzstan,2000,1.3802
kyrgyzstan,2001,1.40863
kyrgyzstan,2002,1.29917
kyrgyzstan,2003,1.45105
kyrgyzstan,2004,1.43109
kyrgyzstan,2005,1.47138
kyrgyzstan,2006,1.47876
kyrgyzstan,2007,1.50545
kyrgyzstan,2008,1.53473
kyrgyzstan,2009,1.69439
kyrgyzstan,2010,1.70233
kyrgyzstan,2011,1.73247
kyrgyzstan,2012,1.77584
kyrgyzstan,2013,1.86018
laos,1990,1.4502
laos,1991,1.47795
laos,1992,1.57381
laos,1993,1.57892
laos,1994,1.65357
laos,1995,1.70349
laos,1996,1.74658
laos,1997,1.80943
laos,1998,1.66859
laos,1999,1.59468
laos,2000,1.69852
laos,2001,1.76538
laos,2002,1.7868
laos,2003,1.83684
laos,2004,1.91385
laos,2005,1.93199
laos,2006,1.96072
laos,2007,2.04021
laos,2008,2.12136
laos,2009,2.18379
laos,2010,2.29462
laos,2011,2.28781
laos,2012,2.43463
laos,2013,2.46553
latvia,1992,3.06767
latvia,1993,2.74083
latvia,1994,2.36554
latvia,1995,2.07183
latvia,1996,2.0917
latvia,1997,2.08883
latvia,1998,2.12456
latvia,1999,2.07726
latvia,2000,2.0126
latvia,2001,2.08595
latvia,2002,2.0859
latvia,2003,2.01276
latvia,2004,2.10723
latvia,2005,2.13635
latvia,2006,2.14822
latvia,2007,2.20232
latvia,2008,2.24444
latvia,2009,2.24804
latvia,2010,2.27192
latvia,2011,2.29179
latvia,2012,2.36173
latvia,2013,2.40112
lebanon,1990,0.39778
lebanon,1991,0.41285
lebanon,1992,0.43427
lebanon,1993,0.47036
lebanon,1994,0.43152
lebanon,1995,0.52412
lebanon,1996,0.51782
lebanon,1997,0.52763
lebanon,1998,0.54625
lebanon,1999,0.54102
lebanon,2000,0.55331
lebanon,2001,0.59127
lebanon,2002,0.53685
lebanon,2003,0.5248
lebanon,2004,0.54268
lebanon,2005,0.4872
lebanon,2006,0.48676
lebanon,2007,0.52116
lebanon,2008,0.54798
lebanon,2009,0.57184
lebanon,2010,0.58935
lebanon,2011,0.65726
lebanon,2012,0.67718
lebanon,2013,0.66069
lesotho,1990,0.67064
lesotho,1991,0.65987
lesotho,1992,0.7156
lesotho,1993,0.71076
lesotho,1994,0.70155
lesotho,1995,0.67067
lesotho,1996,0.65047
lesotho,1997,0.63158
lesotho,1998,0.5968
lesotho,1999,0.80409
lesotho,2000,0.78199
lesotho,2001,0.86323
lesotho,2002,0.6722
lesotho,2003,0.77374
lesotho,2004,0.66717
lesotho,2005,0.79224
lesotho,2006,0.71531
lesotho,2007,0.81082
lesotho,2008,0.69923
lesotho,2009,0.70409
lesotho,2010,0.75027
lesotho,2011,0.68044
lesotho,2012,0.68847
lesotho,2013,0.74056
liberia,1990,0.17037
liberia,1991,0.15434
liberia,1992,0.15498
liberia,1993,0.14474
liberia,1994,0.1419
liberia,1995,0.14263
liberia,1996,0.14784
liberia,1997,0.15967
liberia,1998,0.16576
liberia,1999,0.16495
liberia,2000,0.16857
liberia,2001,0.16638
liberia,2002,0.16432
liberia,2003,0.16545
liberia,2004,0.16738
liberia,2005,0.17078
liberia,2006,0.18242
liberia,2007,0.20033
liberia,2008,0.21909
liberia,2009,0.23928
liberia,2010,0.25441
liberia,2011,0.26276
liberia,2012,0.26476
liberia,2013,0.26488
libya,1990,1.13088
libya,1991,1.12242
libya,1992,1.04075
libya,1993,1.06304
libya,1994,1.00458
libya,1995,1.07569
libya,1996,1.02593
libya,1997,1.0012
libya,1998,1.08573
libya,1999,1.1656
libya,2000,1.00822
libya,2001,0.97366
libya,2002,1.34995
libya,2003,1.1386
libya,2004,1.30615
libya,2005,1.5432
libya,2006,1.37052
libya,2007,1.64543
libya,2008,1.48263
libya,2009,1.47907
libya,2010,1.28733
libya,2011,1.57159
libya,2012,1.62098
libya,2013,1.31366
lithuania,1992,5.23104
lithuania,1993,4.48111
lithuania,1994,4.14839
lithuania,1995,3.89553
lithuania,1996,4.30791
lithuania,1997,4.49014
lithuania,1998,4.64005
lithuania,1999,4.75615
lithuania,2000,4.92891
lithuania,2001,4.98345
lithuania,2002,4.61215
lithuania,2003,4.95353
lithuania,2004,5.22862
lithuania,2005,5.05654
lithuania,2006,4.86926
lithuania,2007,4.41537
lithuania,2008,4.24394
lithuania,2009,4.05272
lithuania,2010,4.02021
lithuania,2011,3.69783
lithuania,2012,3.8542
lithuania,2013,3.90223
luxembourg,2000,0.25904
luxembourg,2001,0.26523
luxembourg,2002,0.43735
luxembourg,2003,0.35533
luxembourg,2004,0.38351
luxembourg,2005,0.37546
luxembourg,2006,0.36817
luxembourg,2007,0.36274
luxembourg,2008,0.36325
luxembourg,2009,0.3595
luxembourg,2010,0.35816
luxembourg,2011,0.35895
luxembourg,2012,0.352
luxembourg,2013,0.35484
macedonia_fyr,1992,0.78328
macedonia_fyr,1993,0.77453
macedonia_fyr,1994,1.01497
macedonia_fyr,1995,0.93665
macedonia_fyr,1996,0.93516
macedonia_fyr,1997,0.8756
macedonia_fyr,1998,0.82471
macedonia_fyr,1999,0.77379
macedonia_fyr,2000,0.73915
macedonia_fyr,2001,0.67478
macedonia_fyr,2002,0.64388
macedonia_fyr,2003,0.65054
macedonia_fyr,2004,0.6994
macedonia_fyr,2005,0.68971
macedonia_fyr,2006,0.68677
macedonia_fyr,2007,0.67081
macedonia_fyr,2008,0.65444
macedonia_fyr,2009,0.64094
macedonia_fyr,2010,0.65632
macedonia_fyr,2011,0.65568
macedonia_fyr,2012,0.61904
macedonia_fyr,2013,0.64087
madagascar,1990,8.2992
madagascar,1991,8.31794
madagascar,1992,8.35568
madagascar,1993,8.4107
madagascar,1994,8.41668
madagascar,1995,8.47064
madagascar,1996,8.5838
madagascar,1997,8.33308
madagascar,1998,8.60227
madagascar,1999,8.32408
madagascar,2000,7.9504
madagascar,2001,7.59604
madagascar,2002,6.8255
madagascar,2003,8.01587
madagascar,2004,7.02686
madagascar,2005,8.68493
madagascar,2006,8.08337
madagascar,2007,8.67693
madagascar,2008,8.14686
madagascar,2009,8.47503
madagascar,2010,8.35986
madagascar,2011,8.46041
madagascar,2012,8.41656
madagascar,2013,8.43385
malawi,1990,1.46021
malawi,1991,1.57774
malawi,1992,1.58537
malawi,1993,1.61657
malawi,1994,1.27882
malawi,1995,1.4635
malawi,1996,1.57398
malawi,1997,1.60091
malawi,1998,1.666
malawi,1999,1.64967
malawi,2000,1.74364
malawi,2001,1.58695
malawi,2002,1.8536
malawi,2003,2.03402
malawi,2004,2.06698
malawi,2005,2.09338
malawi,2006,2.2948
malawi,2007,2.5044
malawi,2008,2.73951
malawi,2009,2.70651
malawi,2010,3.12144
malawi,2011,3.16527
malawi,2012,3.55315
malawi,2013,3.79835
malaysia,1990,7.53237
malaysia,1991,7.6264
malaysia,1992,7.94611
malaysia,1993,8.0389
malaysia,1994,8.01128
malaysia,1995,8.08601
malaysia,1996,7.90428
malaysia,1997,8.49435
malaysia,1998,9.02181
malaysia,1999,8.65304
malaysia,2000,8.62023
malaysia,2001,8.65214
malaysia,2002,9.44118
malaysia,2003,9.44039
malaysia,2004,10.47541
malaysia,2005,10.97742
malaysia,2006,10.70864
malaysia,2007,11.45708
malaysia,2008,12.87115
malaysia,2009,13.25172
malaysia,2010,11.44221
malaysia,2011,8.58687
malaysia,2012,10.40753
malaysia,2013,10.27758
maldives,1990,0.00155
maldives,1991,0.00161
maldives,1992,0.00168
maldives,1993,0.00174
maldives,1994,0.0018
maldives,1995,0.00186
maldives,1996,0.00195
maldives,1997,0.00204
maldives,1998,0.00212
maldives,1999,0.00221
maldives,2000,0.00229
maldives,2001,0.00235
maldives,2002,0.00246
maldives,2003,0.00255
maldives,2004,0.00265
maldives,2005,0.0028
maldives,2006,0.00344
maldives,2007,0.00442
maldives,2008,0.00327
maldives,2009,0.00386
maldives,2010,0.00386
maldives,2011,0.00349
maldives,2012,0.00471
maldives,2013,0.00465
mali,1990,7.05639
mali,1991,7.02481
mali,1992,7.04298
mali,1993,7.12882
mali,1994,7.19127
mali,1995,7.2872
mali,1996,7.0953
mali,1997,7.19958
mali,1998,7.6312
mali,1999,8.26033
mali,2000,8.38389
mali,2001,9.20486
mali,2002,8.63044
mali,2003,8.75279
mali,2004,11.08986
mali,2005,10.23898
mali,2006,10.6966
mali,2007,10.84929
mali,2008,11.72746
mali,2009,11.10107
mali,2010,12.05269
mali,2011,12.31859
mali,2012,12.44054
mali,2013,12.7659
malta,1990,0.05432
malta,1991,0.05539
malta,1992,0.0594
malta,1993,0.05836
malta,1994,0.05826
malta,1995,0.05683
malta,1996,0.05619
malta,1997,0.05716
malta,1998,0.05712
malta,1999,0.05297
malta,2000,0.05227
malta,2001,0.05302
malta,2002,0.0529
malta,2003,0.0537
malta,2004,0.05267
malta,2005,0.05345
malta,2006,0.0557
malta,2007,0.05326
malta,2008,0.0526
malta,2009,0.04963
malta,2010,0.0488
malta,2011,0.04666
malta,2012,0.05738
malta,2013,0.06687
mauritania,1990,1.95328
mauritania,1991,2.02442
mauritania,1992,1.93567
mauritania,1993,1.97032
mauritania,1994,1.92995
mauritania,1995,1.94048
mauritania,1996,2.13816
mauritania,1997,2.20788
mauritania,1998,2.3723
mauritania,1999,2.5489
mauritania,2000,2.74783
mauritania,2001,2.79926
mauritania,2002,2.67463
mauritania,2003,2.7025
mauritania,2004,2.84619
mauritania,2005,2.8456
mauritania,2006,2.84339
mauritania,2007,2.88726
mauritania,2008,2.58405
mauritania,2009,2.83722
mauritania,2010,2.95894
mauritania,2011,2.80094
mauritania,2012,2.88471
mauritania,2013,2.98336
mauritius,1990,0.23837
mauritius,1991,0.23995
mauritius,1992,0.24485
mauritius,1993,0.24046
mauritius,1994,0.25673
mauritius,1995,0.26339
mauritius,1996,0.27371
mauritius,1997,0.26937
mauritius,1998,0.27548
mauritius,1999,0.29242
mauritius,2000,0.2989
mauritius,2001,0.26464
mauritius,2002,0.28273
mauritius,2003,0.28085
mauritius,2004,0.27835
mauritius,2005,0.27458
mauritius,2006,0.26945
mauritius,2007,0.28024
mauritius,2008,0.27427
mauritius,2009,0.27402
mauritius,2010,0.26818
mauritius,2011,0.28863
mauritius,2012,0.30038
mauritius,2013,0.2835
mexico,1990,38.29944
mexico,1991,36.96955
mexico,1992,37.3214
mexico,1993,37.45029
mexico,1994,37.48784
mexico,1995,36.70703
mexico,1996,37.4894
mexico,1997,37.90641
mexico,1998,39.1267
mexico,1999,38.53325
mexico,2000,39.15593
mexico,2001,41.03142
mexico,2002,39.31124
mexico,2003,41.03437
mexico,2004,42.469
mexico,2005,45.76346
mexico,2006,45.46891
mexico,2007,46.88662
mexico,2008,46.60377
mexico,2009,47.83815
mexico,2010,48.88116
mexico,2011,49.84522
mexico,2012,50.22544
mexico,2013,50.50997
moldova,1992,1.82963
moldova,1993,1.79155
moldova,1994,1.6028
moldova,1995,1.58727
moldova,1996,1.46494
moldova,1997,1.1584
moldova,1998,0.98308
moldova,1999,0.87898
moldova,2000,0.83352
moldova,2001,1.0041
moldova,2002,0.92093
moldova,2003,0.85761
moldova,2004,0.93475
moldova,2005,0.91813
moldova,2006,0.88052
moldova,2007,0.83824
moldova,2008,0.89324
moldova,2009,0.79462
moldova,2010,0.85238
moldova,2011,0.92069
moldova,2012,0.85528
moldova,2013,0.99479
mongolia,1990,7.45762
mongolia,1991,7.63412
mongolia,1992,7.58215
mongolia,1993,7.5095
mongolia,1994,7.40454
mongolia,1995,7.7271
mongolia,1996,8.02165
mongolia,1997,8.46899
mongolia,1998,8.53781
mongolia,1999,8.71013
mongolia,2000,8.90514
mongolia,2001,7.97996
mongolia,2002,7.25332
mongolia,2003,7.22677
mongolia,2004,7.1286
mongolia,2005,7.47731
mongolia,2006,8.16588
mongolia,2007,8.88633
mongolia,2008,9.0901
mongolia,2009,9.12303
mongolia,2010,7.82672
mongolia,2011,8.65821
mongolia,2012,9.51758
mongolia,2013,9.79219
montenegro,2006,0.16621
montenegro,2007,0.15732
montenegro,2008,0.15196
montenegro,2009,0.14688
montenegro,2010,0.14456
montenegro,2011,0.13573
montenegro,2012,0.13684
montenegro,2013,0.13721
morocco,1990,6.96768
morocco,1991,6.82269
morocco,1992,6.33959
morocco,1993,6.0475
morocco,1994,6.47355
morocco,1995,6.04498
morocco,1996,6.73582
morocco,1997,6.7679
morocco,1998,6.94667
morocco,1999,7.22088
morocco,2000,7.27436
morocco,2001,7.38255
morocco,2002,7.71018
morocco,2003,7.74294
morocco,2004,8.03659
morocco,2005,8.42979
morocco,2006,8.83251
morocco,2007,8.25304
morocco,2008,8.34777
morocco,2009,8.21977
morocco,2010,8.38646
morocco,2011,8.75406
morocco,2012,8.29525
morocco,2013,9.21371
mozambique,1990,8.2235
mozambique,1991,8.30204
mozambique,1992,8.37668
mozambique,1993,8.47896
mozambique,1994,8.55692
mozambique,1995,8.96681
mozambique,1996,8.9553
mozambique,1997,8.11528
mozambique,1998,9.21456
mozambique,1999,8.76141
mozambique,2000,8.15032
mozambique,2001,8.99995
mozambique,2002,8.1626
mozambique,2003,9.80905
mozambique,2004,9.16503
mozambique,2005,9.92503
mozambique,2006,9.19103
mozambique,2007,9.93829
mozambique,2008,10.84876
mozambique,2009,10.01692
mozambique,2010,11.26361
mozambique,2011,9.92675
mozambique,2012,10.16929
mozambique,2013,11.10606
myanmar,1990,11.15804
myanmar,1991,11.2147
myanmar,1992,11.43865
myanmar,1993,11.70038
myanmar,1994,12.2003
myanmar,1995,12.44295
myanmar,1996,12.75658
myanmar,1997,12.74316
myanmar,1998,13.00155
myanmar,1999,13.42283
myanmar,2000,13.89914
myanmar,2001,13.5015
myanmar,2002,13.50016
myanmar,2003,14.28142
myanmar,2004,15.04415
myanmar,2005,15.04486
myanmar,2006,15.66932
myanmar,2007,16.26031
myanmar,2008,16.28225
myanmar,2009,16.77294
myanmar,2010,17.23078
myanmar,2011,17.7399
myanmar,2012,18.19678
myanmar,2013,18.71134
namibia,1990,3.54471
namibia,1991,3.62071
namibia,1992,3.54952
namibia,1993,3.46661
namibia,1994,3.4614
namibia,1995,3.44588
namibia,1996,3.35735
namibia,1997,3.22939
namibia,1998,3.52023
namibia,1999,3.50668
namibia,2000,3.8872
namibia,2001,3.4941
namibia,2002,3.12414
namibia,2003,3.03333
namibia,2004,3.23385
namibia,2005,3.51194
namibia,2006,4.22388
namibia,2007,3.66593
namibia,2008,3.15981
namibia,2009,4.20105
namibia,2010,3.91313
namibia,2011,5.56447
namibia,2012,5.74461
namibia,2013,3.48269
nauru,1990,0.0006
nauru,1991,0.00061
nauru,1992,0.00062
nauru,1993,0.00063
nauru,1994,0.00063
nauru,1995,0.00063
nauru,1996,0.00063
nauru,1997,0.00064
nauru,1998,0.00064
nauru,1999,0.00064
nauru,2000,0.00064
nauru,2001,0.00064
nauru,2002,0.00065
nauru,2003,0.00065
nauru,2004,0.00065
nauru,2005,0.00065
nauru,2006,0.00065
nauru,2007,0.00066
nauru,2008,0.00067
nauru,2009,0.00068
nauru,2010,0.00068
nauru,2011,0.00068
nauru,2012,0.00068
nauru,2013,0.00068
nepal,1990,4.68957
nepal,1991,4.76493
nepal,1992,4.78917
nepal,1993,4.8867
nepal,1994,5.06188
nepal,1995,5.26765
nepal,1996,5.42386
nepal,1997,5.5504
nepal,1998,5.72174
nepal,1999,5.67846
nepal,2000,5.72951
nepal,2001,5.75816
nepal,2002,5.66473
nepal,2003,5.65095
nepal,2004,5.76614
nepal,2005,5.80935
nepal,2006,5.93722
nepal,2007,5.99816
nepal,2008,6.16147
nepal,2009,6.46111
nepal,2010,6.66204
nepal,2011,6.94974
nepal,2012,7.19066
nepal,2013,7.37746
netherlands,1990,16.44965
netherlands,1991,16.52373
netherlands,1992,16.52641
netherlands,1993,16.34644
netherlands,1994,16.42565
netherlands,1995,16.41683
netherlands,1996,16.24864
netherlands,1997,15.91754
netherlands,1998,15.52408
netherlands,1999,15.46504
netherlands,2000,14.96424
netherlands,2001,14.82097
netherlands,2002,14.51898
netherlands,2003,14.27602
netherlands,2004,14.30816
netherlands,2005,14.16699
netherlands,2006,13.1711
netherlands,2007,11.95216
netherlands,2008,11.07057
netherlands,2009,10.07436
netherlands,2010,9.08399
netherlands,2011,8.97233
netherlands,2012,9.48726
netherlands,2013,8.96658
new_zealand,1990,15.37597
new_zealand,1991,15.13694
new_zealand,1992,14.95211
new_zealand,1993,14.85193
new_zealand,1994,15.3123
new_zealand,1995,15.71453
new_zealand,1996,15.24509
new_zealand,1997,15.17284
new_zealand,1998,14.84038
new_zealand,1999,15.11667
new_zealand,2000,15.14886
new_zealand,2001,15.30794
new_zealand,2002,15.7951
new_zealand,2003,16.14312
new_zealand,2004,15.72532
new_zealand,2005,15.81908
new_zealand,2006,15.63719
new_zealand,2007,15.51347
new_zealand,2008,14.88049
new_zealand,2009,14.74457
new_zealand,2010,14.65535
new_zealand,2011,14.84299
new_zealand,2012,15.07397
new_zealand,2013,15.06066
nicaragua,1990,2.15908
nicaragua,1991,1.78623
nicaragua,1992,1.93515
nicaragua,1993,2.09453
nicaragua,1994,2.02914
nicaragua,1995,1.91443
nicaragua,1996,1.877
nicaragua,1997,1.97238
nicaragua,1998,1.96059
nicaragua,1999,2.19669
nicaragua,2000,2.25123
nicaragua,2001,2.24548
nicaragua,2002,2.44381
nicaragua,2003,2.58249
nicaragua,2004,2.47626
nicaragua,2005,2.58976
nicaragua,2006,2.66057
nicaragua,2007,2.6591
nicaragua,2008,2.6189
nicaragua,2009,2.74253
nicaragua,2010,2.72234
nicaragua,2011,2.86467
nicaragua,2012,2.94355
nicaragua,2013,2.76667
niger,1990,3.77305
niger,1991,3.94508
niger,1992,4.14373
niger,1993,4.30672
niger,1994,4.51858
niger,1995,4.71785
niger,1996,4.94566
niger,1997,5.07389
niger,1998,5.41468
niger,1999,5.66666
niger,2000,5.91598
niger,2001,6.28095
niger,2002,6.50482
niger,2003,6.79176
niger,2004,6.98664
niger,2005,7.37498
niger,2006,7.63957
niger,2007,8.02646
niger,2008,8.40216
niger,2009,8.71274
niger,2010,9.12722
niger,2011,8.88559
niger,2012,9.43731
niger,2013,9.79772
nigeria,1990,23.43399
nigeria,1991,23.80735
nigeria,1992,24.18617
nigeria,1993,24.85772
nigeria,1994,25.20915
nigeria,1995,25.35044
nigeria,1996,26.19332
nigeria,1997,27.14702
nigeria,1998,29.0768
nigeria,1999,29.60007
nigeria,2000,30.20046
nigeria,2001,31.4319
nigeria,2002,31.85995
nigeria,2003,33.02314
nigeria,2004,33.08059
nigeria,2005,36.05875
nigeria,2006,35.37402
nigeria,2007,34.60788
nigeria,2008,34.98853
nigeria,2009,33.87319
nigeria,2010,35.63598
nigeria,2011,36.60403
nigeria,2012,38.20964
nigeria,2013,39.66535
niue,1990,0.01226
niue,1991,0.01253
niue,1992,0.0128
niue,1993,0.01307
niue,1994,0.01334
niue,1995,0.01361
niue,1996,0.01439
niue,1997,0.01516
niue,1998,0.01592
niue,1999,0.01669
niue,2000,0.01746
niue,2001,0.01844
niue,2002,0.01939
niue,2003,0.02035
niue,2004,0.02131
niue,2005,0.02228
niue,2006,0.02344
niue,2007,0.0246
niue,2008,0.02576
niue,2009,0.02692
niue,2010,0.02807
niue,2011,0.02914
niue,2012,0.0302
niue,2013,0.03126
norway,1990,5.98656
norway,1991,5.92768
norway,1992,5.84783
norway,1993,5.77246
norway,1994,5.73311
norway,1995,5.6934
norway,1996,5.75099
norway,1997,5.78308
norway,1998,5.79207
norway,1999,5.82404
norway,2000,5.82006
norway,2001,5.80579
norway,2002,5.78296
norway,2003,5.81709
norway,2004,5.824
norway,2005,5.81497
norway,2006,5.63877
norway,2007,5.50733
norway,2008,5.38018
norway,2009,5.1208
norway,2010,4.93587
norway,2011,4.98898
norway,2012,4.97497
norway,2013,4.97397
oman,1990,0.26743
oman,1991,0.28353
oman,1992,0.30378
oman,1993,0.32021
oman,1994,0.34544
oman,1995,0.35655
oman,1996,0.36167
oman,1997,0.36674
oman,1998,0.40112
oman,1999,0.4125
oman,2000,0.40419
oman,2001,0.42868
oman,2002,0.425
oman,2003,0.43693
oman,2004,0.46378
oman,2005,0.6586
oman,2006,0.56785
oman,2007,0.48694
oman,2008,0.54745
oman,2009,0.60271
oman,2010,0.5202
oman,2011,0.64325
oman,2012,0.71294
oman,2013,0.79226
pakistan,1990,30.35389
pakistan,1991,30.71744
pakistan,1992,32.37338
pakistan,1993,33.16262
pakistan,1994,34.1754
pakistan,1995,36.57718
pakistan,1996,36.71834
pakistan,1997,37.88829
pakistan,1998,38.38276
pakistan,1999,39.74126
pakistan,2000,40.69346
pakistan,2001,41.14906
pakistan,2002,42.3668
pakistan,2003,43.5671
pakistan,2004,44.96124
pakistan,2005,47.37019
pakistan,2006,48.93754
pakistan,2007,48.86539
pakistan,2008,51.01246
pakistan,2009,55.39934
pakistan,2010,54.46241
pakistan,2011,55.28386
pakistan,2012,53.77228
pakistan,2013,57.40018
palau,1991,0.00052
palau,1992,0.00053
palau,1993,0.00054
palau,1994,0.00056
palau,1995,0.00057
palau,1996,0.00059
palau,1997,0.0006
palau,1998,0.00062
palau,1999,0.00063
palau,2000,0.00064
palau,2001,0.00065
palau,2002,0.00066
palau,2003,0.00066
palau,2004,0.00067
palau,2005,0.00067
palau,2006,0.00068
palau,2007,0.00068
palau,2008,0.00068
palau,2009,0.00069
palau,2010,0.00069
palau,2011,0.00069
palau,2012,0.0007
palau,2013,0.0007
panama,1990,1.14485
panama,1991,1.13244
panama,1992,1.196
panama,1993,1.21918
panama,1994,1.18049
panama,1995,1.17297
panama,1996,1.22946
panama,1997,1.14646
panama,1998,1.17062
panama,1999,1.14269
panama,2000,1.1319
panama,2001,1.24
panama,2002,1.23226
panama,2003,1.23312
panama,2004,1.20688
panama,2005,1.24384
panama,2006,1.25259
panama,2007,1.22603
panama,2008,1.28101
panama,2009,1.28742
panama,2010,1.32893
panama,2011,1.3271
panama,2012,1.33727
panama,2013,1.42742
papua_new_guinea,1990,4.73587
papua_new_guinea,1991,4.74338
papua_new_guinea,1992,4.76101
papua_new_guinea,1993,4.76878
papua_new_guinea,1994,4.7771
papua_new_guinea,1995,4.78371
papua_new_guinea,1996,4.76943
papua_new_guinea,1997,4.86336
papua_new_guinea,1998,4.74485
papua_new_guinea,1999,4.75114
papua_new_guinea,2000,4.75513
papua_new_guinea,2001,4.77185
papua_new_guinea,2002,4.82186
papua_new_guinea,2003,4.8493
papua_new_guinea,2004,4.92611
papua_new_guinea,2005,4.85815
papua_new_guinea,2006,4.88082
papua_new_guinea,2007,4.84296
papua_new_guinea,2008,4.8515
papua_new_guinea,2009,4.91014
papua_new_guinea,2010,4.88429
papua_new_guinea,2011,4.85249
papua_new_guinea,2012,4.88605
papua_new_guinea,2013,4.89135
paraguay,1990,5.52582
paraguay,1991,5.20691
paraguay,1992,5.37561
paraguay,1993,5.77922
paraguay,1994,6.05128
paraguay,1995,6.48256
paraguay,1996,6.42243
paraguay,1997,6.46905
paraguay,1998,6.56584
paraguay,1999,6.83571
paraguay,2000,6.22516
paraguay,2001,6.54817
paraguay,2002,6.46787
paraguay,2003,7.11681
paraguay,2004,6.61095
paraguay,2005,6.82958
paraguay,2006,6.96264
paraguay,2007,7.80923
paraguay,2008,7.33718
paraguay,2009,7.59684
paraguay,2010,8.40468
paraguay,2011,8.74891
paraguay,2012,8.90296
paraguay,2013,9.42234
peru,1990,6.67463
peru,1991,6.55011
peru,1992,6.53972
peru,1993,6.80359
peru,1994,7.08241
peru,1995,7.51705
peru,1996,7.6797
peru,1997,7.80188
peru,1998,8.03682
peru,1999,8.33396
peru,2000,8.56594
peru,2001,8.57184
peru,2002,8.73807
peru,2003,8.89844
peru,2004,8.95523
peru,2005,8.99847
peru,2006,9.1758
peru,2007,9.57631
peru,2008,9.42184
peru,2009,9.90712
peru,2010,9.71262
peru,2011,9.94168
peru,2012,10.00979
peru,2013,9.92926
philippines,1990,9.50378
philippines,1991,8.91967
philippines,1992,9.36734
philippines,1993,9.85912
philippines,1994,10.09962
philippines,1995,10.31101
philippines,1996,11.19029
philippines,1997,11.92689
philippines,1998,10.9367
philippines,1999,11.67882
philippines,2000,11.88665
philippines,2001,12.10504
philippines,2002,11.8679
philippines,2003,12.81845
philippines,2004,13.3775
philippines,2005,12.88903
philippines,2006,12.39963
philippines,2007,12.88498
philippines,2008,12.27815
philippines,2009,12.55959
philippines,2010,13.5553
philippines,2011,13.03685
philippines,2012,12.50066
philippines,2013,11.68957
poland,1990,26.3777
poland,1991,25.9512
poland,1992,25.15382
poland,1993,25.23914
poland,1994,25.61565
poland,1995,25.83811
poland,1996,25.80856
poland,1997,26.48163
poland,1998,25.51689
poland,1999,25.11488
poland,2000,24.84448
poland,2001,24.63029
poland,2002,24.39477
poland,2003,25.15249
poland,2004,25.23771
poland,2005,25.86464
poland,2006,25.50865
poland,2007,25.70407
poland,2008,24.61048
poland,2009,23.45564
poland,2010,23.1791
poland,2011,23.24335
poland,2012,23.84003
poland,2013,23.42853
portugal,1990,4.35078
portugal,1991,4.34931
portugal,1992,4.27407
portugal,1993,4.30154
portugal,1994,4.35099
portugal,1995,4.3621
portugal,1996,4.41386
portugal,1997,4.3203
portugal,1998,4.36793
portugal,1999,4.28206
portugal,2000,4.20455
portugal,2001,4.08332
portugal,2002,4.49136
portugal,2003,4.29678
portugal,2004,4.23791
portugal,2005,4.01141
portugal,2006,3.78716
portugal,2007,3.81024
portugal,2008,3.68752
portugal,2009,3.51213
portugal,2010,3.38921
portugal,2011,3.37411
portugal,2012,3.27268
portugal,2013,3.37073
qatar,1990,0.14888
qatar,1991,0.15931
qatar,1992,0.17195
qatar,1993,0.18505
qatar,1994,0.22272
qatar,1995,0.23201
qatar,1996,0.20888
qatar,1997,0.21456
qatar,1998,0.21786
qatar,1999,0.22458
qatar,2000,0.23158
qatar,2001,0.24857
qatar,2002,0.27912
qatar,2003,0.3122
qatar,2004,0.66524
qatar,2005,0.41628
qatar,2006,0.39647
qatar,2007,0.87968
qatar,2008,0.45229
qatar,2009,0.73967
qatar,2010,1.05054
qatar,2011,1.46874
qatar,2012,1.5777
qatar,2013,1.21008
romania,1990,18.78029
romania,1991,14.97143
romania,1992,14.33365
romania,1993,13.92206
romania,1994,12.71128
romania,1995,12.24837
romania,1996,12.07281
romania,1997,12.1458
romania,1998,11.7738
romania,1999,11.16198
romania,2000,11.02208
romania,2001,11.44461
romania,2002,10.81391
romania,2003,10.90022
romania,2004,11.73817
romania,2005,11.76371
romania,2006,11.41722
romania,2007,11.22096
romania,2008,11.9786
romania,2009,11.99673
romania,2010,12.14739
romania,2011,12.07265
romania,2012,11.55388
romania,2013,12.40737
russian_federation,1992,97.56232
russian_federation,1993,89.96065
russian_federation,1994,77.19801
russian_federation,1995,70.92531
russian_federation,1996,68.48189
russian_federation,1997,64.54779
russian_federation,1998,60.51085
russian_federation,1999,57.8809
russian_federation,2000,58.7574
russian_federation,2001,60.88076
russian_federation,2002,58.20668
russian_federation,2003,61.00639
russian_federation,2004,57.41214
russian_federation,2005,57.36518
russian_federation,2006,57.20424
russian_federation,2007,58.92558
russian_federation,2008,63.1083
russian_federation,2009,61.92112
russian_federation,2010,59.92176
russian_federation,2011,61.56881
russian_federation,2012,60.47993
russian_federation,2013,61.52169
rwanda,1990,0.92993
rwanda,1991,0.95215
rwanda,1992,0.9263
rwanda,1993,0.88991
rwanda,1994,0.8455
rwanda,1995,0.75113
rwanda,1996,0.80816
rwanda,1997,0.8459
rwanda,1998,0.89796
rwanda,1999,0.97524
rwanda,2000,1.01163
rwanda,2001,1.05753
rwanda,2002,1.1009
rwanda,2003,1.2048
rwanda,2004,1.27778
rwanda,2005,1.32182
rwanda,2006,1.41064
rwanda,2007,1.51409
rwanda,2008,1.59418
rwanda,2009,1.66333
rwanda,2010,1.75832
rwanda,2011,1.72607
rwanda,2012,1.78588
rwanda,2013,1.83329
saint_kitts_nevis,1990,0.01369
saint_kitts_nevis,1991,0.01442
saint_kitts_nevis,1992,0.01445
saint_kitts_nevis,1993,0.01636
saint_kitts_nevis,1994,0.01586
saint_kitts_nevis,1995,0.0155
saint_kitts_nevis,1996,0.01625
saint_kitts_nevis,1997,0.01771
saint_kitts_nevis,1998,0.01819
saint_kitts_nevis,1999,0.01875
saint_kitts_nevis,2000,0.01955
saint_kitts_nevis,2001,0.01964
saint_kitts_nevis,2002,0.01461
saint_kitts_nevis,2003,0.01602
saint_kitts_nevis,2004,0.01504
saint_kitts_nevis,2005,0.01548
saint_kitts_nevis,2006,0.01515
saint_kitts_nevis,2007,0.01558
saint_kitts_nevis,2008,0.01616
saint_kitts_nevis,2009,0.01621
saint_kitts_nevis,2010,0.01634
saint_kitts_nevis,2011,0.01636
saint_kitts_nevis,2012,0.05989
saint_kitts_nevis,2013,0.0621
saint_lucia,1990,0.03459
saint_lucia,1991,0.03867
saint_lucia,1992,0.03878
saint_lucia,1993,0.03882
saint_lucia,1994,0.05178
saint_lucia,1995,0.06471
saint_lucia,1996,0.07767
saint_lucia,1997,0.08191
saint_lucia,1998,0.03352
saint_lucia,1999,0.03249
saint_lucia,2000,0.03139
saint_lucia,2001,0.03144
saint_lucia,2002,0.0188
saint_lucia,2003,0.01927
saint_lucia,2004,0.0197
saint_lucia,2005,0.01999
saint_lucia,2006,0.0196
saint_lucia,2007,0.02075
saint_lucia,2008,0.02099
saint_lucia,2009,0.02164
saint_lucia,2010,0.02268
saint_lucia,2011,0.02206
saint_lucia,2012,0.02175
saint_lucia,2013,0.01894
saint_vincent_grenadines,1990,0.01258
saint_vincent_grenadines,1991,0.01215
saint_vincent_grenadines,1992,0.01217
saint_vincent_grenadines,1993,0.0155
saint_vincent_grenadines,1994,0.0156
saint_vincent_grenadines,1995,0.01575
saint_vincent_grenadines,1996,0.01563
saint_vincent_grenadines,1997,0.01564
saint_vincent_grenadines,1998,0.01762
saint_vincent_grenadines,1999,0.01755
saint_vincent_grenadines,2000,0.01744
saint_vincent_grenadines,2001,0.01735
saint_vincent_grenadines,2002,0.00871
saint_vincent_grenadines,2003,0.00826
saint_vincent_grenadines,2004,0.00826
saint_vincent_grenadines,2005,0.00835
saint_vincent_grenadines,2006,0.00842
saint_vincent_grenadines,2007,0.00871
saint_vincent_grenadines,2008,0.00883
saint_vincent_grenadines,2009,0.00903
saint_vincent_grenadines,2010,0.00878
saint_vincent_grenadines,2011,0.00858
saint_vincent_grenadines,2012,0.00815
saint_vincent_grenadines,2013,0.00767
samoa,1990,0.03954
samoa,1991,0.03987
samoa,1992,0.03876
samoa,1993,0.03977
samoa,1994,0.04061
samoa,1995,0.03995
samoa,1996,0.04003
samoa,1997,0.04009
samoa,1998,0.04088
samoa,1999,0.04739
samoa,2000,0.06191
samoa,2001,0.06693
samoa,2002,0.04453
samoa,2003,0.04532
samoa,2004,0.04616
samoa,2005,0.04624
samoa,2006,0.04631
samoa,2007,0.04649
samoa,2008,0.04659
samoa,2009,0.04657
samoa,2010,0.04654
samoa,2011,0.04654
samoa,2012,0.04653
samoa,2013,0.04657
sao_tome_principe,1990,0.01319
sao_tome_principe,1991,0.01382
sao_tome_principe,1992,0.01442
sao_tome_principe,1993,0.01437
sao_tome_principe,1994,0.01472
sao_tome_principe,1995,0.01503
sao_tome_principe,1996,0.01548
sao_tome_principe,1997,0.01589
sao_tome_principe,1998,0.01613
sao_tome_principe,1999,0.01657
sao_tome_principe,2000,0.01726
sao_tome_principe,2001,0.01826
sao_tome_principe,2002,0.01937
sao_tome_principe,2003,0.02029
sao_tome_principe,2004,0.02081
sao_tome_principe,2005,0.02147
sao_tome_principe,2006,0.02182
sao_tome_principe,2007,0.02273
sao_tome_principe,2008,0.02381
sao_tome_principe,2009,0.02473
sao_tome_principe,2010,0.02489
sao_tome_principe,2011,0.02548
sao_tome_principe,2012,0.02633
sao_tome_principe,2013,0.0276
saudi_arabia,1990,4.49624
saudi_arabia,1991,4.71062
saudi_arabia,1992,4.87692
saudi_arabia,1993,4.69515
saudi_arabia,1994,4.43169
saudi_arabia,1995,4.0634
saudi_arabia,1996,4.21407
saudi_arabia,1997,4.47441
saudi_arabia,1998,4.62407
saudi_arabia,1999,4.64471
saudi_arabia,2000,4.8546
saudi_arabia,2001,4.98692
saudi_arabia,2002,4.26985
saudi_arabia,2003,5.33561
saudi_arabia,2004,5.38029
saudi_arabia,2005,5.16406
saudi_arabia,2006,5.42955
saudi_arabia,2007,5.68043
saudi_arabia,2008,5.0605
saudi_arabia,2009,4.57553
saudi_arabia,2010,5.07234
saudi_arabia,2011,6.02085
saudi_arabia,2012,7.26112
saudi_arabia,2013,6.84508
senegal,1990,5.11125
senegal,1991,5.23788
senegal,1992,5.31281
senegal,1993,5.45698
senegal,1994,5.54185
senegal,1995,5.56723
senegal,1996,5.69483
senegal,1997,5.68959
senegal,1998,5.69621
senegal,1999,6.16
senegal,2000,6.77579
senegal,2001,7.38648
senegal,2002,6.73131
senegal,2003,6.26379
senegal,2004,7.10722
senegal,2005,7.42602
senegal,2006,7.59364
senegal,2007,7.10753
senegal,2008,7.60903
senegal,2009,7.51563
senegal,2010,8.25477
senegal,2011,8.21929
senegal,2012,7.67337
senegal,2013,8.1529
serbia,2006,4.45192
serbia,2007,4.83267
serbia,2008,4.2769
serbia,2009,4.9328
serbia,2010,4.11629
serbia,2011,4.23186
serbia,2012,4.83457
serbia,2013,4.82463
seychelles,1990,0.00835
seychelles,1991,0.00859
seychelles,1992,0.00813
seychelles,1993,0.0085
seychelles,1994,0.00906
seychelles,1995,0.00954
seychelles,1996,0.00895
seychelles,1997,0.00974
seychelles,1998,0.00923
seychelles,1999,0.00931
seychelles,2000,0.0095
seychelles,2001,0.00907
seychelles,2002,0.00611
seychelles,2003,0.00654
seychelles,2004,0.00576
seychelles,2005,0.00579
seychelles,2006,0.00569
seychelles,2007,0.00603
seychelles,2008,0.00536
seychelles,2009,0.00473
seychelles,2010,0.00436
seychelles,2011,0.00484
seychelles,2012,0.00423
seychelles,2013,0.00395
sierra_leone,1990,0.54498
sierra_leone,1991,0.54045
sierra_leone,1992,0.5537
sierra_leone,1993,0.57009
sierra_leone,1994,0.57982
sierra_leone,1995,0.56532
sierra_leone,1996,0.53119
sierra_leone,1997,0.51416
sierra_leone,1998,0.48694
sierra_leone,1999,0.46974
sierra_leone,2000,0.4443
sierra_leone,2001,0.41648
sierra_leone,2002,0.46433
sierra_leone,2003,0.50012
sierra_leone,2004,0.53288
sierra_leone,2005,0.56078
sierra_leone,2006,0.72521
sierra_leone,2007,0.67295
sierra_leone,2008,0.77022
sierra_leone,2009,0.76958
sierra_leone,2010,0.8003
sierra_leone,2011,0.88968
sierra_leone,2012,1.01464
sierra_leone,2013,1.08172
singapore,1990,0.24432
singapore,1991,0.36631
singapore,1992,0.48989
singapore,1993,0.61472
singapore,1994,0.74779
singapore,1995,0.87969
singapore,1996,0.90116
singapore,1997,0.91564
singapore,1998,0.94249
singapore,1999,0.96882
singapore,2000,0.98035
singapore,2001,0.992
singapore,2002,1.01717
singapore,2003,1.06702
singapore,2004,1.09546
singapore,2005,1.1071
singapore,2006,1.14147
singapore,2007,1.15937
singapore,2008,1.16383
singapore,2009,1.16022
singapore,2010,1.16657
singapore,2011,1.1995
singapore,2012,1.21342
singapore,2013,1.22716
slovakia,1993,3.21148
slovakia,1994,3.04695
slovakia,1995,2.97584
slovakia,1996,2.98605
slovakia,1997,2.916
slovakia,1998,2.87569
slovakia,1999,2.59598
slovakia,2000,2.64665
slovakia,2001,2.78006
slovakia,2002,2.83487
slovakia,2003,2.84125
slovakia,2004,2.98704
slovakia,2005,2.9699
slovakia,2006,2.73328
slovakia,2007,2.45205
slovakia,2008,2.18497
slovakia,2009,1.91249
slovakia,2010,1.64664
slovakia,2011,1.76032
slovakia,2012,1.78691
slovakia,2013,1.86012
slovenia,1992,1.03103
slovenia,1993,0.99017
slovenia,1994,1.00977
slovenia,1995,0.94235
slovenia,1996,0.8851
slovenia,1997,0.95045
slovenia,1998,0.94868
slovenia,1999,0.92707
slovenia,2000,0.94185
slovenia,2001,0.95861
slovenia,2002,0.9426
slovenia,2003,0.94552
slovenia,2004,0.90278
slovenia,2005,0.88509
slovenia,2006,0.88616
slovenia,2007,0.88461
slovenia,2008,0.87423
slovenia,2009,0.87028
slovenia,2010,0.87756
slovenia,2011,0.87702
slovenia,2012,0.86581
slovenia,2013,0.86961
solomon_islands,1990,0.01696
solomon_islands,1991,0.01706
solomon_islands,1992,0.01725
solomon_islands,1993,0.01746
solomon_islands,1994,0.01745
solomon_islands,1995,0.01753
solomon_islands,1996,0.01766
solomon_islands,1997,0.01783
solomon_islands,1998,0.01792
solomon_islands,1999,0.01805
solomon_islands,2000,0.01827
solomon_islands,2001,0.01846
solomon_islands,2002,0.01865
solomon_islands,2003,0.01879
solomon_islands,2004,0.0194
solomon_islands,2005,0.01962
solomon_islands,2006,0.02013
solomon_islands,2007,0.02061
solomon_islands,2008,0.0208
solomon_islands,2009,0.02095
solomon_islands,2010,0.02092
solomon_islands,2011,0.02105
solomon_islands,2012,0.02143
solomon_islands,2013,0.02173
south_africa,1990,19.93319
south_africa,1991,20.08963
south_africa,1992,19.84709
south_africa,1993,20.34362
south_africa,1994,20.20726
south_africa,1995,20.12562
south_africa,1996,20.93621
south_africa,1997,21.15088
south_africa,1998,21.47392
south_africa,1999,21.4207
south_africa,2000,21.63823
south_africa,2001,21.40448
south_africa,2002,22.24449
south_africa,2003,20.95502
south_africa,2004,20.67438
south_africa,2005,21.09592
south_africa,2006,20.78538
south_africa,2007,21.26511
south_africa,2008,22.00232
south_africa,2009,22.39859
south_africa,2010,22.38487
south_africa,2011,22.47394
south_africa,2012,22.46328
south_africa,2013,22.52965
spain,1990,22.9145
spain,1991,22.6747
spain,1992,21.26877
spain,1993,22.23165
spain,1994,22.47388
spain,1995,22.0407
spain,1996,24.2091
spain,1997,23.92915
spain,1998,25.44422
spain,1999,25.26397
spain,2000,25.52143
spain,2001,25.09447
spain,2002,24.80175
spain,2003,25.84325
spain,2004,25.14983
spain,2005,23.27757
spain,2006,23.54293
spain,2007,23.92803
spain,2008,21.47963
spain,2009,21.13718
spain,2010,21.80578
spain,2011,21.02144
spain,2012,20.54498
spain,2013,21.73123
sri_lanka,1990,2.53285
sri_lanka,1991,2.47684
sri_lanka,1992,2.55957
sri_lanka,1993,2.67208
sri_lanka,1994,2.75612
sri_lanka,1995,2.71397
sri_lanka,1996,2.68248
sri_lanka,1997,2.74289
sri_lanka,1998,2.76242
sri_lanka,1999,2.9671
sri_lanka,2000,2.94739
sri_lanka,2001,2.95725
sri_lanka,2002,3.17594
sri_lanka,2003,2.98658
sri_lanka,2004,3.06547
sri_lanka,2005,3.27187
sri_lanka,2006,3.25413
sri_lanka,2007,3.16347
sri_lanka,2008,3.5512
sri_lanka,2009,3.36444
sri_lanka,2010,3.33019
sri_lanka,2011,3.62844
sri_lanka,2012,3.37492
sri_lanka,2013,3.21816
sudan,1990,32.07843
sudan,1991,33.05281
sudan,1992,35.55854
sudan,1993,37.44438
sudan,1994,39.48449
sudan,1995,40.00722
sudan,1996,40.24865
sudan,1997,41.51193
sudan,1998,43.8798
sudan,1999,44.70772
sudan,2000,47.52574
sudan,2001,44.45074
sudan,2002,49.30999
sudan,2003,48.89521
sudan,2004,49.48672
sudan,2005,51.87407
sudan,2006,47.68693
sudan,2007,51.8199
sudan,2008,50.71676
sudan,2009,51.7156
sudan,2010,48.01859
sudan,2011,48.47925
suriname,1990,0.35157
suriname,1991,0.34848
suriname,1992,0.36247
suriname,1993,0.35897
suriname,1994,0.35851
suriname,1995,0.35541
suriname,1996,0.37205
suriname,1997,0.37199
suriname,1998,0.36498
suriname,1999,0.36601
suriname,2000,0.36267
suriname,2001,0.3572
suriname,2002,0.34213
suriname,2003,0.35106
suriname,2004,0.35398
suriname,2005,0.33604
suriname,2006,0.35974
suriname,2007,0.34589
suriname,2008,0.40341
suriname,2009,0.37286
suriname,2010,0.38468
suriname,2011,0.37853
suriname,2012,0.3446
suriname,2013,0.34308
swaziland,1990,0.5153
swaziland,1991,0.52299
swaziland,1992,0.54018
swaziland,1993,0.46643
swaziland,1994,0.44676
swaziland,1995,0.45892
swaziland,1996,0.46277
swaziland,1997,0.45709
swaziland,1998,0.45709
swaziland,1999,0.43832
swaziland,2000,0.43962
swaziland,2001,0.40499
swaziland,2002,0.39536
swaziland,2003,0.42568
swaziland,2004,0.43556
swaziland,2005,0.45053
swaziland,2006,0.41303
swaziland,2007,0.44061
swaziland,2008,0.43251
swaziland,2009,0.42292
swaziland,2010,0.45198
swaziland,2011,0.44748
swaziland,2012,0.45342
swaziland,2013,0.46372
sweden,1990,6.49469
sweden,1991,6.20326
sweden,1992,6.3107
sweden,1993,6.53636
sweden,1994,6.44096
sweden,1995,6.27768
sweden,1996,6.40933
sweden,1997,6.36783
sweden,1998,6.20412
sweden,1999,6.11053
sweden,2000,6.07879
sweden,2001,5.94907
sweden,2002,5.88295
sweden,2003,5.79114
sweden,2004,5.7582
sweden,2005,5.57606
sweden,2006,5.47912
sweden,2007,5.54986
sweden,2008,5.67529
sweden,2009,5.36444
sweden,2010,5.46154
sweden,2011,5.52
sweden,2012,5.38315
sweden,2013,5.45828
switzerland,1990,2.82159
switzerland,1991,2.80851
switzerland,1992,2.78557
switzerland,1993,2.76965
switzerland,1994,2.77739
switzerland,1995,2.78156
switzerland,1996,2.77543
switzerland,1997,2.68445
switzerland,1998,2.67407
switzerland,1999,2.608
switzerland,2000,2.58122
switzerland,2001,2.62248
switzerland,2002,2.50486
switzerland,2003,2.47184
switzerland,2004,2.49772
switzerland,2005,2.51976
switzerland,2006,2.52813
switzerland,2007,2.52187
switzerland,2008,2.5433
switzerland,2009,2.53573
switzerland,2010,2.54065
switzerland,2011,2.51126
switzerland,2012,2.51146
switzerland,2013,2.48263
syria,1990,3.60336
syria,1991,3.47404
syria,1992,3.541
syria,1993,3.40995
syria,1994,3.67347
syria,1995,3.97089
syria,1996,4.01009
syria,1997,4.0551
syria,1998,4.20252
syria,1999,4.18195
syria,2000,4.07275
syria,2001,3.83938
syria,2002,4.09656
syria,2003,4.45875
syria,2004,4.57423
syria,2005,5.06344
syria,2006,5.39146
syria,2007,5.3778
syria,2008,4.91614
syria,2009,4.58447
syria,2010,3.73962
syria,2011,4.19413
syria,2012,4.02982
syria,2013,3.65395
tajikistan,1992,1.61364
tajikistan,1993,1.37838
tajikistan,1994,1.32242
tajikistan,1995,1.27242
tajikistan,1996,1.17667
tajikistan,1997,1.21692
tajikistan,1998,1.09276
tajikistan,1999,0.9694
tajikistan,2000,0.96377
tajikistan,2001,1.00129
tajikistan,2002,0.97058
tajikistan,2003,1.03553
tajikistan,2004,1.26895
tajikistan,2005,1.35036
tajikistan,2006,1.58787
tajikistan,2007,1.64336
tajikistan,2008,1.82698
tajikistan,2009,1.9238
tajikistan,2010,1.93399
tajikistan,2011,1.99114
tajikistan,2012,2.10214
tajikistan,2013,2.14416
tanzania,1990,17.49023
tanzania,1991,17.67221
tanzania,1992,17.82174
tanzania,1993,17.94589
tanzania,1994,17.99812
tanzania,1995,19.23022
tanzania,1996,18.34745
tanzania,1997,18.36434
tanzania,1998,19.81862
tanzania,1999,20.30131
tanzania,2000,18.94419
tanzania,2001,21.29844
tanzania,2002,20.84161
tanzania,2003,23.25998
tanzania,2004,23.05562
tanzania,2005,24.10434
tanzania,2006,22.60319
tanzania,2007,24.09228
tanzania,2008,24.39182
tanzania,2009,25.07084
tanzania,2010,25.71282
tanzania,2011,26.41811
tanzania,2012,27.47507
tanzania,2013,28.35386
thailand,1990,14.49204
thailand,1991,14.89887
thailand,1992,15.71536
thailand,1993,16.99448
thailand,1994,17.00969
thailand,1995,16.25492
thailand,1996,16.44694
thailand,1997,15.97704
thailand,1998,16.28492
thailand,1999,17.17061
thailand,2000,16.30029
thailand,2001,16.81929
thailand,2002,17.22413
thailand,2003,19.16784
thailand,2004,18.65151
thailand,2005,18.1631
thailand,2006,18.44696
thailand,2007,19.9737
thailand,2008,19.92789
thailand,2009,21.99353
thailand,2010,22.89316
thailand,2011,21.92194
thailand,2012,22.38515
thailand,2013,22.43705
togo,1990,1.15731
togo,1991,1.1088
togo,1992,1.04904
togo,1993,1.04152
togo,1994,1.02643
togo,1995,0.96995
togo,1996,1.03161
togo,1997,1.15933
togo,1998,1.35789
togo,1999,1.21321
togo,2000,1.30199
togo,2001,1.30702
togo,2002,1.30703
togo,2003,1.37798
togo,2004,1.21988
togo,2005,1.70773
togo,2006,1.38383
togo,2007,1.3464
togo,2008,1.49497
togo,2009,1.49079
togo,2010,1.51649
togo,2011,1.64947
togo,2012,1.5513
togo,2013,1.64639
tonga,1990,0.04852
tonga,1991,0.04872
tonga,1992,0.04969
tonga,1993,0.04976
tonga,1994,0.04952
tonga,1995,0.04904
tonga,1996,0.04969
tonga,1997,0.05003
tonga,1998,0.0505
tonga,1999,0.05166
tonga,2000,0.0528
tonga,2001,0.05348
tonga,2002,0.05432
tonga,2003,0.07906
tonga,2004,0.06039
tonga,2005,0.05952
tonga,2006,0.05877
tonga,2007,0.05768
tonga,2008,0.05898
tonga,2009,0.08719
tonga,2010,0.08034
tonga,2011,0.06411
tonga,2012,0.07871
tonga,2013,0.07582
trinidad_tobago,1990,0.25104
trinidad_tobago,1991,0.25497
trinidad_tobago,1992,0.25699
trinidad_tobago,1993,0.23832
trinidad_tobago,1994,0.23272
trinidad_tobago,1995,0.24071
trinidad_tobago,1996,0.26243
trinidad_tobago,1997,0.2569
trinidad_tobago,1998,0.25107
trinidad_tobago,1999,0.2539
trinidad_tobago,2000,0.28228
trinidad_tobago,2001,0.25991
trinidad_tobago,2002,0.42866
trinidad_tobago,2003,0.28866
trinidad_tobago,2004,0.28038
trinidad_tobago,2005,0.28703
trinidad_tobago,2006,0.28212
trinidad_tobago,2007,0.27202
trinidad_tobago,2008,0.40441
trinidad_tobago,2009,0.31569
trinidad_tobago,2010,0.38987
trinidad_tobago,2011,0.29263
trinidad_tobago,2012,0.37324
trinidad_tobago,2013,0.30033
tunisia,1990,2.07619
tunisia,1991,2.27784
tunisia,1992,2.29263
tunisia,1993,2.35381
tunisia,1994,2.12965
tunisia,1995,2.06991
tunisia,1996,2.47404
tunisia,1997,2.30449
tunisia,1998,2.50413
tunisia,1999,2.60228
tunisia,2000,2.62389
tunisia,2001,2.60709
tunisia,2002,2.42006
tunisia,2003,2.60485
tunisia,2004,2.6138
tunisia,2005,2.73974
tunisia,2006,2.738
tunisia,2007,2.68671
tunisia,2008,2.72343
tunisia,2009,2.95123
tunisia,2010,2.81154
tunisia,2011,2.81597
tunisia,2012,2.94132
tunisia,2013,2.77808
turkey,1990,26.28437
turkey,1991,26.10666
turkey,1992,28.09129
turkey,1993,30.04464
turkey,1994,28.50954
turkey,1995,29.65441
turkey,1996,29.72492
turkey,1997,29.71752
turkey,1998,30.83538
turkey,1999,30.96103
turkey,2000,30.31408
turkey,2001,27.65119
turkey,2002,27.04672
turkey,2003,27.07427
turkey,2004,26.83383
turkey,2005,26.67236
turkey,2006,26.80387
turkey,2007,26.10779
turkey,2008,23.98109
turkey,2009,26.21264
turkey,2010,24.82331
turkey,2011,24.62366
turkey,2012,27.73078
turkey,2013,29.60325
turkmenistan,1992,2.17556
turkmenistan,1993,2.48201
turkmenistan,1994,2.42275
turkmenistan,1995,2.48256
turkmenistan,1996,2.51514
turkmenistan,1997,2.65205
turkmenistan,1998,2.19345
turkmenistan,1999,2.49407
turkmenistan,2000,2.74569
turkmenistan,2001,2.99501
turkmenistan,2002,2.73585
turkmenistan,2003,3.26732
turkmenistan,2004,3.36564
turkmenistan,2005,3.46255
turkmenistan,2006,3.67744
turkmenistan,2007,3.69473
turkmenistan,2008,3.93787
turkmenistan,2009,3.81851
turkmenistan,2010,3.98226
turkmenistan,2011,3.75482
turkmenistan,2012,3.82764
turkmenistan,2013,3.8687
uganda,1990,7.01024
uganda,1991,7.21513
uganda,1992,7.33924
uganda,1993,7.51647
uganda,1994,7.46062
uganda,1995,7.60851
uganda,1996,7.63126
uganda,1997,8.03098
uganda,1998,8.56962
uganda,1999,8.21917
uganda,2000,8.32666
uganda,2001,8.64796
uganda,2002,8.80601
uganda,2003,9.88383
uganda,2004,9.5674
uganda,2005,10.87981
uganda,2006,9.28312
uganda,2007,10.9099
uganda,2008,13.15745
uganda,2009,12.78739
uganda,2010,13.64099
uganda,2011,13.3485
uganda,2012,14.12408
uganda,2013,14.09136
ukraine,1992,38.65398
ukraine,1993,34.02325
ukraine,1994,31.43343
ukraine,1995,28.25976
ukraine,1996,24.70825
ukraine,1997,24.17708
ukraine,1998,21.88624
ukraine,1999,20.69607
ukraine,2000,20.21478
ukraine,2001,20.71307
ukraine,2002,21.35987
ukraine,2003,19.54296
ukraine,2004,20.17222
ukraine,2005,19.84323
ukraine,2006,20.79884
ukraine,2007,21.84595
ukraine,2008,24.74855
ukraine,2009,24.10112
ukraine,2010,25.35646
ukraine,2011,27.20666
ukraine,2012,26.75481
ukraine,2013,28.86724
united_arab_emirates,1990,2.80905
united_arab_emirates,1991,2.95445
united_arab_emirates,1992,3.09888
united_arab_emirates,1993,3.22004
united_arab_emirates,1994,3.3644
united_arab_emirates,1995,3.49396
united_arab_emirates,1996,3.60294
united_arab_emirates,1997,3.69902
united_arab_emirates,1998,3.79906
united_arab_emirates,1999,3.91152
united_arab_emirates,2000,4.00022
united_arab_emirates,2001,4.31979
united_arab_emirates,2002,4.74569
united_arab_emirates,2003,5.14592
united_arab_emirates,2004,5.28126
united_arab_emirates,2005,5.49894
united_arab_emirates,2006,5.9823
united_arab_emirates,2007,6.25842
united_arab_emirates,2008,6.35757
united_arab_emirates,2009,6.94093
united_arab_emirates,2010,6.93241
united_arab_emirates,2011,7.12227
united_arab_emirates,2012,7.3348
united_arab_emirates,2013,7.57686
united_kingdom,1990,59.2528
united_kingdom,1991,56.18714
united_kingdom,1992,53.30227
united_kingdom,1993,51.23531
united_kingdom,1994,49.99618
united_kingdom,1995,47.92243
united_kingdom,1996,46.9343
united_kingdom,1997,44.33323
united_kingdom,1998,41.87414
united_kingdom,1999,39.64258
united_kingdom,2000,36.43727
united_kingdom,2001,35.11984
united_kingdom,2002,34.43557
united_kingdom,2003,33.39589
united_kingdom,2004,32.46007
united_kingdom,2005,31.39087
united_kingdom,2006,31.03581
united_kingdom,2007,30.4191
united_kingdom,2008,29.77462
united_kingdom,2009,29.78095
united_kingdom,2010,29.59767
united_kingdom,2011,29.38163
united_kingdom,2012,29.22606
united_kingdom,2013,29.70609
united_states,1990,268.58091
united_states,1991,271.22412
united_states,1992,278.84045
united_states,1993,285.4769
united_states,1994,289.74879
united_states,1995,293.32764
united_states,1996,295.51168
united_states,1997,292.26231
united_states,1998,290.76346
united_states,1999,286.57074
united_states,2000,279.97883
united_states,2001,277.14201
united_states,2002,272.7836
united_states,2003,274.60289
united_states,2004,272.26492
united_states,2005,265.73539
united_states,2006,268.91951
united_states,2007,271.89436
united_states,2008,269.04325
united_states,2009,265.7587
united_states,2010,267.23565
united_states,2011,273.36901
united_states,2012,277.22398
united_states,2013,277.45848
uruguay,1990,6.97476
uruguay,1991,7.23416
uruguay,1992,7.4851
uruguay,1993,7.62014
uruguay,1994,7.53732
uruguay,1995,7.41444
uruguay,1996,7.67678
uruguay,1997,7.50667
uruguay,1998,7.29537
uruguay,1999,7.12183
uruguay,2000,6.90972
uruguay,2001,7.05038
uruguay,2002,7.03009
uruguay,2003,7.46028
uruguay,2004,7.74652
uruguay,2005,7.77291
uruguay,2006,8.22518
uruguay,2007,8.0873
uruguay,2008,8.23973
uruguay,2009,8.23518
uruguay,2010,8.12064
uruguay,2011,8.11817
uruguay,2012,7.98756
uruguay,2013,8.23783
uzbekistan,1992,8.83882
uzbekistan,1993,8.25824
uzbekistan,1994,8.25389
uzbekistan,1995,8.23822
uzbekistan,1996,7.48416
uzbekistan,1997,10.27792
uzbekistan,1998,10.12612
uzbekistan,1999,10.00525
uzbekistan,2000,9.89813
uzbekistan,2001,9.67404
uzbekistan,2002,6.31048
uzbekistan,2003,6.70122
uzbekistan,2004,6.97867
uzbekistan,2005,7.30414
uzbekistan,2006,11.12881
uzbekistan,2007,11.20769
uzbekistan,2008,11.64724
uzbekistan,2009,12.33342
uzbekistan,2010,13.0196
uzbekistan,2011,13.41186
uzbekistan,2012,13.71249
uzbekistan,2013,14.25777
vanuatu,1990,0.10973
vanuatu,1991,0.11375
vanuatu,1992,0.12129
vanuatu,1993,0.12899
vanuatu,1994,0.13006
vanuatu,1995,0.13033
vanuatu,1996,0.1311
vanuatu,1997,0.13178
vanuatu,1998,0.13253
vanuatu,1999,0.13308
vanuatu,2000,0.12596
vanuatu,2001,0.11954
vanuatu,2002,0.12074
vanuatu,2003,0.12562
vanuatu,2004,0.12909
vanuatu,2005,0.13167
vanuatu,2006,0.13503
vanuatu,2007,0.16015
vanuatu,2008,0.16265
vanuatu,2009,0.15289
vanuatu,2010,0.15698
vanuatu,2011,0.16225
vanuatu,2012,0.16472
vanuatu,2013,0.16657
venezuela,1990,10.7512
venezuela,1991,10.98822
venezuela,1992,10.85932
venezuela,1993,10.60728
venezuela,1994,10.8339
venezuela,1995,10.95771
venezuela,1996,10.96704
venezuela,1997,10.99962
venezuela,1998,11.10991
venezuela,1999,10.92639
venezuela,2000,11.6712
venezuela,2001,11.87052
venezuela,2002,12.5008
venezuela,2003,13.24588
venezuela,2004,12.95741
venezuela,2005,13.29183
venezuela,2006,12.78951
venezuela,2007,13.04429
venezuela,2008,13.73432
venezuela,2009,13.57815
venezuela,2010,12.2516
venezuela,2011,12.19921
venezuela,2012,13.5469
venezuela,2013,13.81962
vietnam,1990,12.4132
vietnam,1991,13.78724
vietnam,1992,13.69087
vietnam,1993,14.20115
vietnam,1994,16.46917
vietnam,1995,16.38286
vietnam,1996,17.79537
vietnam,1997,17.46014
vietnam,1998,19.37755
vietnam,1999,19.89309
vietnam,2000,20.72574
vietnam,2001,19.12014
vietnam,2002,20.17988
vietnam,2003,21.23701
vietnam,2004,23.60611
vietnam,2005,20.93388
vietnam,2006,21.0482
vietnam,2007,22.29996
vietnam,2008,21.57526
vietnam,2009,25.18297
vietnam,2010,22.77502
vietnam,2011,21.50472
vietnam,2012,22.64688
vietnam,2013,25.38476
world,1990,2520.67069
world,1991,2510.99023
world,1992,2508.91161
world,1993,2498.33713
world,1994,2517.75689
world,1995,2561.68471
world,1996,2580.32532
world,1997,2563.74697
world,1998,2582.52782
world,1999,2597.86039
world,2000,2577.10644
world,2001,2602.69814
world,2002,2598.27763
world,2003,2618.81331
world,2004,2676.24447
world,2005,2693.62696
world,2006,2723.30996
world,2007,2782.14825
world,2008,2786.79086
world,2009,2799.42189
world,2010,2835.96865
world,2011,2909.53658
world,2012,2932.92807
world,2013,2918.88072
yemen,1990,2.2992
yemen,1991,2.17033
yemen,1992,2.22901
yemen,1993,2.26026
yemen,1994,2.26045
yemen,1995,2.29436
yemen,1996,2.36537
yemen,1997,2.53856
yemen,1998,2.64652
yemen,1999,2.68634
yemen,2000,2.76539
yemen,2001,2.90979
yemen,2002,2.90783
yemen,2003,3.12638
yemen,2004,3.25947
yemen,2005,3.22919
yemen,2006,3.35172
yemen,2007,3.61583
yemen,2008,3.63801
yemen,2009,3.69264
yemen,2010,3.83709
yemen,2011,3.82502
yemen,2012,3.86882
yemen,2013,4.02083
zambia,1990,27.72336
zambia,1991,27.32837
zambia,1992,26.96329
zambia,1993,26.47799
zambia,1994,25.78333
zambia,1995,25.16481
zambia,1996,24.57822
zambia,1997,24.32294
zambia,1998,24.93564
zambia,1999,23.86356
zambia,2000,23.17913
zambia,2001,24.85471
zambia,2002,24.59936
zambia,2003,26.24258
zambia,2004,27.52912
zambia,2005,28.64098
zambia,2006,27.83769
zambia,2007,28.93932
zambia,2008,29.80366
zambia,2009,29.70404
zambia,2010,31.39581
zambia,2011,31.52206
zambia,2012,32.44203
zambia,2013,33.48801
zimbabwe,1990,6.59538
zimbabwe,1991,5.98284
zimbabwe,1992,5.99783
zimbabwe,1993,5.3306
zimbabwe,1994,5.49467
zimbabwe,1995,5.37555
zimbabwe,1996,6.31032
zimbabwe,1997,6.17082
zimbabwe,1998,6.4217
zimbabwe,1999,6.55241
zimbabwe,2000,6.11629
zimbabwe,2001,6.3431
zimbabwe,2002,5.42446
zimbabwe,2003,5.43951
zimbabwe,2004,5.7951
zimbabwe,2005,5.46329
zimbabwe,2006,5.60733
zimbabwe,2007,5.74725
zimbabwe,2008,6.03217
zimbabwe,2009,6.16759
zimbabwe,2010,6.23149
zimbabwe,2011,6.28961
zimbabwe,2012,5.76463
zimbabwe,2013,5.63792
