country,year,bunker_fuels_mtco2
albania,1990,0
albania,1991,0
albania,1992,0
albania,1993,0
albania,1994,0
albania,1995,0
albania,1996,0
albania,1997,0
albania,1998,0
albania,1999,0.11
albania,2000,0.12
albania,2001,0.13
albania,2002,0.13
albania,2003,0.14
albania,2004,0.15
albania,2005,0.18
albania,2006,0.14
albania,2007,0.06
albania,2008,0.08
albania,2009,0.06
albania,2010,0.05
albania,2011,0.06
albania,2012,0.06
albania,2013,0.12
algeria,1990,2.47
algeria,1991,2.17
algeria,1992,2.15
algeria,1993,2.04
algeria,1994,2.08
algeria,1995,2.15
algeria,1996,2.01
algeria,1997,1.89
algeria,1998,1.77
algeria,1999,1.79
algeria,2000,1.95
algeria,2001,1.98
algeria,2002,2.18
algeria,2003,1.89
algeria,2004,2.18
algeria,2005,2.35
algeria,2006,2.23
algeria,2007,2.23
algeria,2008,2.28
algeria,2009,2.36
algeria,2010,2.46
algeria,2011,2.26
algeria,2012,2.44
algeria,2013,2.55
angola,1990,1.06
angola,1991,0.91
angola,1992,0.83
angola,1993,0.93
angola,1994,1.34
angola,1995,1.21
angola,1996,1.05
angola,1997,1.07
angola,1998,0.68
angola,1999,1.19
angola,2000,1.43
angola,2001,1.55
angola,2002,1.33
angola,2003,0.8
angola,2004,1.3
angola,2005,0.91
angola,2006,0.82
angola,2007,1.21
angola,2008,1.3
angola,2009,1.2
angola,2010,1.2
angola,2011,1.16
angola,2012,1.72
angola,2013,1.38
argentina,1990,2.24
argentina,1991,1.52
argentina,1992,1.54
argentina,1993,1.21
argentina,1994,2.14
argentina,1995,3.31
argentina,1996,3.84
argentina,1997,4.41
argentina,1998,4.33
argentina,1999,4.33
argentina,2000,4.36
argentina,2001,4.18
argentina,2002,3.73
argentina,2003,3.78
argentina,2004,3.88
argentina,2005,4.39
argentina,2006,3.96
argentina,2007,4.57
argentina,2008,4.7
argentina,2009,4.75
argentina,2010,5.67
argentina,2011,6.51
argentina,2012,7.62
argentina,2013,8.36
armenia,1990,0.6
armenia,1991,0.67
armenia,1992,0.46
armenia,1993,0.2
armenia,1994,0.15
armenia,1995,0.1
armenia,1996,0.06
armenia,1997,0.06
armenia,1998,0.06
armenia,1999,0.06
armenia,2000,0.19
armenia,2001,0.18
armenia,2002,0.16
armenia,2003,0.08
armenia,2004,0.12
armenia,2005,0.14
armenia,2006,0.12
armenia,2007,0.17
armenia,2008,0.17
armenia,2009,0.09
armenia,2010,0.13
armenia,2011,0.14
armenia,2012,0.14
armenia,2013,0.14
australia,1990,6.5
australia,1991,6.47
australia,1992,6.85
australia,1993,7.41
australia,1994,7.81
australia,1995,8.62
australia,1996,9.13
australia,1997,9.13
australia,1998,9.5
australia,1999,9.83
australia,2000,10.21
australia,2001,10.63
australia,2002,8.77
australia,2003,8.79
australia,2004,9.99
australia,2005,10.92
australia,2006,11.53
australia,2007,11.89
australia,2008,12.19
australia,2009,11.21
australia,2010,12.37
australia,2011,11.88
australia,2012,12.86
australia,2013,12.88
austria,1990,0.91
austria,1991,1.01
austria,1992,1.09
austria,1993,1.15
austria,1994,1.21
austria,1995,1.35
austria,1996,1.49
austria,1997,1.55
austria,1998,1.63
austria,1999,1.57
austria,2000,1.72
austria,2001,1.69
austria,2002,1.59
austria,2003,1.49
austria,2004,1.76
austria,2005,1.99
austria,2006,2.07
austria,2007,2.2
austria,2008,2.2
austria,2009,1.91
austria,2010,2.07
austria,2011,2.18
austria,2012,2.09
austria,2013,2
azerbaijan,1990,1.05
azerbaijan,1991,0.84
azerbaijan,1992,0.51
azerbaijan,1993,0.58
azerbaijan,1994,0.48
azerbaijan,1995,0.31
azerbaijan,1996,0.58
azerbaijan,1997,0.57
azerbaijan,1998,0.49
azerbaijan,1999,0.43
azerbaijan,2000,0.3
azerbaijan,2001,0.55
azerbaijan,2002,0.28
azerbaijan,2003,0.58
azerbaijan,2004,0.56
azerbaijan,2005,1.11
azerbaijan,2006,1.25
azerbaijan,2007,1.34
azerbaijan,2008,1.51
azerbaijan,2009,1.15
azerbaijan,2010,1.44
azerbaijan,2011,1.56
azerbaijan,2012,1.41
azerbaijan,2013,1.42
bahrain,1990,1.69
bahrain,1991,1.32
bahrain,1992,1.23
bahrain,1993,1.22
bahrain,1994,1.35
bahrain,1995,1.42
bahrain,1996,1.33
bahrain,1997,1.03
bahrain,1998,1.35
bahrain,1999,1.32
bahrain,2000,1.38
bahrain,2001,1.45
bahrain,2002,1.57
bahrain,2003,1.72
bahrain,2004,1.87
bahrain,2005,1.98
bahrain,2006,2.12
bahrain,2007,2.11
bahrain,2008,2.36
bahrain,2009,2.36
bahrain,2010,2.22
bahrain,2011,2.09
bahrain,2012,2.01
bahrain,2013,1.52
bangladesh,1990,0.33
bangladesh,1991,0.32
bangladesh,1992,0.29
bangladesh,1993,0.33
bangladesh,1994,0.37
bangladesh,1995,0.41
bangladesh,1996,0.43
bangladesh,1997,0.46
bangladesh,1998,0.57
bangladesh,1999,0.6
bangladesh,2000,0.52
bangladesh,2001,0.78
bangladesh,2002,0.81
bangladesh,2003,0.89
bangladesh,2004,0.89
bangladesh,2005,0.99
bangladesh,2006,0.96
bangladesh,2007,0.93
bangladesh,2008,1.1
bangladesh,2009,1.04
bangladesh,2010,1.17
bangladesh,2011,1.33
bangladesh,2012,1.27
bangladesh,2013,1.3
belarus,1990,0
belarus,1991,0
belarus,1992,0
belarus,1993,0
belarus,1994,0
belarus,1995,0
belarus,1996,0
belarus,1997,0
belarus,1998,0
belarus,1999,0
belarus,2000,0
belarus,2001,0
belarus,2002,0
belarus,2003,0
belarus,2004,0
belarus,2005,0
belarus,2006,0
belarus,2007,0
belarus,2008,0
belarus,2009,0
belarus,2010,0
belarus,2011,0
belarus,2012,0
belarus,2013,0.31
belgium,1990,15.88
belgium,1991,16.1
belgium,1992,16.03
belgium,1993,16.09
belgium,1994,15.5
belgium,1995,15.06
belgium,1996,17.3
belgium,1997,20.04
belgium,1998,21.88
belgium,1999,19.26
belgium,2000,21.61
belgium,2001,20.14
belgium,2002,25.65
belgium,2003,28.41
belgium,2004,28.95
belgium,2005,28.47
belgium,2006,30.19
belgium,2007,33.78
belgium,2008,35.03
belgium,2009,26.44
belgium,2010,28.66
belgium,2011,26.21
belgium,2012,23.56
belgium,2013,23.68
benin,1990,0.05
benin,1991,0.05
benin,1992,0.04
benin,1993,0.06
benin,1994,0.06
benin,1995,0.07
benin,1996,0.07
benin,1997,0.05
benin,1998,0.1
benin,1999,0.1
benin,2000,0.07
benin,2001,0.06
benin,2002,0.06
benin,2003,0.11
benin,2004,0.08
benin,2005,0.03
benin,2006,0.07
benin,2007,0.08
benin,2008,0.13
benin,2009,0.27
benin,2010,0.48
benin,2011,0.49
benin,2012,0.51
benin,2013,0.55
bolivia,1990,0
bolivia,1991,0
bolivia,1992,0
bolivia,1993,0
bolivia,1994,0
bolivia,1995,0
bolivia,1996,0
bolivia,1997,0
bolivia,1998,0
bolivia,1999,0
bolivia,2000,0.14
bolivia,2001,0.12
bolivia,2002,0.12
bolivia,2003,0.13
bolivia,2004,0.13
bolivia,2005,0.15
bolivia,2006,0.15
bolivia,2007,0.13
bolivia,2008,0.13
bolivia,2009,0.13
bolivia,2010,0.14
bolivia,2011,0.15
bolivia,2012,0.13
bolivia,2013,0.17
bosnia_herzegovina,1990,0.08
bosnia_herzegovina,1991,0.06
bosnia_herzegovina,1992,0.05
bosnia_herzegovina,1993,0.09
bosnia_herzegovina,1994,0.11
bosnia_herzegovina,1995,0.11
bosnia_herzegovina,1996,0.12
bosnia_herzegovina,1997,0.12
bosnia_herzegovina,1998,0.12
bosnia_herzegovina,1999,0.12
bosnia_herzegovina,2000,0.03
bosnia_herzegovina,2001,0.02
bosnia_herzegovina,2002,0.02
bosnia_herzegovina,2003,0.02
bosnia_herzegovina,2004,0.02
bosnia_herzegovina,2005,0.02
bosnia_herzegovina,2006,0.02
bosnia_herzegovina,2007,0.02
bosnia_herzegovina,2008,0.02
bosnia_herzegovina,2009,0.02
bosnia_herzegovina,2010,0.02
bosnia_herzegovina,2011,0.02
bosnia_herzegovina,2012,0.02
bosnia_herzegovina,2013,0.01
botswana,1990,0.04
botswana,1991,0.03
botswana,1992,0.03
botswana,1993,0.01
botswana,1994,0.02
botswana,1995,0.02
botswana,1996,0.02
botswana,1997,0.02
botswana,1998,0.02
botswana,1999,0.03
botswana,2000,0.02
botswana,2001,0.02
botswana,2002,0.02
botswana,2003,0.02
botswana,2004,0.03
botswana,2005,0.03
botswana,2006,0.04
botswana,2007,0.03
botswana,2008,0.05
botswana,2009,0.05
botswana,2010,0.04
botswana,2011,0.04
botswana,2012,0.04
botswana,2013,0.04
brazil,1990,3.16
brazil,1991,3.94
brazil,1992,4.03
brazil,1993,4.77
brazil,1994,5.64
brazil,1995,5.75
brazil,1996,6.6
brazil,1997,7.99
brazil,1998,8.25
brazil,1999,10.68
brazil,2000,11.27
brazil,2001,12.19
brazil,2002,13.63
brazil,2003,13.39
brazil,2004,13.5
brazil,2005,14.37
brazil,2006,14.46
brazil,2007,15.61
brazil,2008,19.09
brazil,2009,16.82
brazil,2010,18.57
brazil,2011,20.09
brazil,2012,18.83
brazil,2013,17.84
brunei,1990,0.23
brunei,1991,0.28
brunei,1992,0.31
brunei,1993,0.33
brunei,1994,0.4
brunei,1995,0.42
brunei,1996,0.44
brunei,1997,0.48
brunei,1998,0.44
brunei,1999,0.39
brunei,2000,0.43
brunei,2001,0.45
brunei,2002,0.47
brunei,2003,0.49
brunei,2004,0.52
brunei,2005,0.52
brunei,2006,0.57
brunei,2007,0.55
brunei,2008,0.56
brunei,2009,0.53
brunei,2010,0.61
brunei,2011,0.64
brunei,2012,0.47
brunei,2013,0.51
bulgaria,1990,0.89
bulgaria,1991,1.51
bulgaria,1992,1.79
bulgaria,1993,2.04
bulgaria,1994,1.82
bulgaria,1995,1.84
bulgaria,1996,1.41
bulgaria,1997,0.47
bulgaria,1998,0.61
bulgaria,1999,0.24
bulgaria,2000,0.44
bulgaria,2001,0.61
bulgaria,2002,0.7
bulgaria,2003,0.91
bulgaria,2004,0.82
bulgaria,2005,0.91
bulgaria,2006,0.87
bulgaria,2007,0.7
bulgaria,2008,1.01
bulgaria,2009,1.11
bulgaria,2010,0.81
bulgaria,2011,0.75
bulgaria,2012,0.69
bulgaria,2013,0.77
cambodia,1995,0.03
cambodia,1996,0.03
cambodia,1997,0.03
cambodia,1998,0.02
cambodia,1999,0.03
cambodia,2000,0.04
cambodia,2001,0.04
cambodia,2002,0.03
cambodia,2003,0.04
cambodia,2004,0.05
cambodia,2005,0.05
cambodia,2006,0.06
cambodia,2007,0.12
cambodia,2008,0.11
cambodia,2009,0.09
cambodia,2010,0.11
cambodia,2011,0.14
cambodia,2012,0.17
cambodia,2013,0.19
cameroon,1990,0.19
cameroon,1991,0.22
cameroon,1992,0.21
cameroon,1993,0.17
cameroon,1994,0.25
cameroon,1995,0.26
cameroon,1996,0.32
cameroon,1997,0.33
cameroon,1998,0.2
cameroon,1999,0.21
cameroon,2000,0.24
cameroon,2001,0.25
cameroon,2002,0.28
cameroon,2003,0.29
cameroon,2004,0.25
cameroon,2005,0.24
cameroon,2006,0.26
cameroon,2007,0.36
cameroon,2008,0.37
cameroon,2009,0.37
cameroon,2010,0.35
cameroon,2011,0.36
cameroon,2012,0.38
cameroon,2013,0.4
canada,1990,5.63
canada,1991,5.48
canada,1992,5.76
canada,1993,5.22
canada,1994,5.55
canada,1995,5.81
canada,1996,6.06
canada,1997,5.94
canada,1998,6.65
canada,1999,6.44
canada,2000,6.49
canada,2001,6.89
canada,2002,5.55
canada,2003,3.75
canada,2004,4.67
canada,2005,5.37
canada,2006,4.76
canada,2007,4.31
canada,2008,4.29
canada,2009,4.41
canada,2010,5.61
canada,2011,4.53
canada,2012,4.34
canada,2013,3.87
chile,1990,1.15
chile,1991,1.18
chile,1992,1.22
chile,1993,1.35
chile,1994,1.68
chile,1995,1.78
chile,1996,1.5
chile,1997,1.77
chile,1998,2.27
chile,1999,2.43
chile,2000,3.02
chile,2001,3.23
chile,2002,3.2
chile,2003,3.88
chile,2004,4.18
chile,2005,4.4
chile,2006,5.16
chile,2007,5.19
chile,2008,5.29
chile,2009,3.95
chile,2010,2.84
chile,2011,2.9
chile,2012,2.67
chile,2013,2.55
china,1990,5.64
china,1991,7.26
china,1992,11.27
china,1993,9.8
china,1994,10.83
china,1995,11.17
china,1996,12.41
china,1997,10.13
china,1998,10.64
china,1999,10.85
china,2000,13.79
china,2001,15.52
china,2002,17.38
china,2003,17.02
china,2004,22.69
china,2005,26.37
china,2006,30.69
china,2007,34.05
china,2008,33.28
china,2009,35.88
china,2010,43.46
china,2011,46.96
china,2012,47.17
china,2013,44.66
colombia,1990,1.91
colombia,1991,1.94
colombia,1992,2.2
colombia,1993,2.11
colombia,1994,2.55
colombia,1995,2.75
colombia,1996,2.72
colombia,1997,2.89
colombia,1998,2.75
colombia,1999,2.63
colombia,2000,2.66
colombia,2001,2.99
colombia,2002,2.74
colombia,2003,2.74
colombia,2004,3.05
colombia,2005,3
colombia,2006,3.51
colombia,2007,3.2
colombia,2008,3.49
colombia,2009,3.62
colombia,2010,4.4
colombia,2011,4.83
colombia,2012,6.73
colombia,2013,5.59
congo_dem_rep,1990,0.43
congo_dem_rep,1991,0.44
congo_dem_rep,1992,0.43
congo_dem_rep,1993,0.43
congo_dem_rep,1994,0.35
congo_dem_rep,1995,0.36
congo_dem_rep,1996,0.36
congo_dem_rep,1997,0.37
congo_dem_rep,1998,0.37
congo_dem_rep,1999,0.36
congo_dem_rep,2000,0.24
congo_dem_rep,2001,0.25
congo_dem_rep,2002,0.33
congo_dem_rep,2003,0.36
congo_dem_rep,2004,0.4
congo_dem_rep,2005,0.51
congo_dem_rep,2006,0.65
congo_dem_rep,2007,0.54
congo_dem_rep,2008,0.05
congo_dem_rep,2009,0.05
congo_dem_rep,2010,0.47
congo_dem_rep,2011,0.46
congo_dem_rep,2012,0.44
congo_dem_rep,2013,0.48
congo_rep,1990,0.08
congo_rep,1991,0.06
congo_rep,1992,0.08
congo_rep,1993,0.06
congo_rep,1994,0.06
congo_rep,1995,0.05
congo_rep,1996,0.08
congo_rep,1997,0.05
congo_rep,1998,0.06
congo_rep,1999,0.05
congo_rep,2000,0.08
congo_rep,2001,0.11
congo_rep,2002,0.09
congo_rep,2003,0.1
congo_rep,2004,0.09
congo_rep,2005,0.11
congo_rep,2006,0.11
congo_rep,2007,0.23
congo_rep,2008,0.28
congo_rep,2009,0.16
congo_rep,2010,0.14
congo_rep,2011,0.16
congo_rep,2012,0.15
congo_rep,2013,0.14
costa_rica,1990,0.25
costa_rica,1991,0.19
costa_rica,1992,0.38
costa_rica,1993,0.5
costa_rica,1994,0.45
costa_rica,1995,0.69
costa_rica,1996,0.69
costa_rica,1997,0.58
costa_rica,1998,0.69
costa_rica,1999,0.75
costa_rica,2000,0.71
costa_rica,2001,0.66
costa_rica,2002,0.88
costa_rica,2003,0.48
costa_rica,2004,0.66
costa_rica,2005,0.93
costa_rica,2006,0.84
costa_rica,2007,0.9
costa_rica,2008,0.79
costa_rica,2009,0.59
costa_rica,2010,0.59
costa_rica,2011,0.6
costa_rica,2012,0.54
costa_rica,2013,0.49
cote_d_ivoire,1990,0.39
cote_d_ivoire,1991,0.54
cote_d_ivoire,1992,0.59
cote_d_ivoire,1993,0.54
cote_d_ivoire,1994,0.6
cote_d_ivoire,1995,0.53
cote_d_ivoire,1996,0.57
cote_d_ivoire,1997,0.58
cote_d_ivoire,1998,0.58
cote_d_ivoire,1999,0.62
cote_d_ivoire,2000,0.66
cote_d_ivoire,2001,0.62
cote_d_ivoire,2002,0.6
cote_d_ivoire,2003,0.56
cote_d_ivoire,2004,0.56
cote_d_ivoire,2005,0.64
cote_d_ivoire,2006,0.44
cote_d_ivoire,2007,0.49
cote_d_ivoire,2008,0.39
cote_d_ivoire,2009,0.23
cote_d_ivoire,2010,0.24
cote_d_ivoire,2011,0.21
cote_d_ivoire,2012,0.25
cote_d_ivoire,2013,0.23
croatia,1990,0.64
croatia,1991,0.09
croatia,1992,0.07
croatia,1993,0.18
croatia,1994,0.4
croatia,1995,0.34
croatia,1996,0.31
croatia,1997,0.3
croatia,1998,0.33
croatia,1999,0.31
croatia,2000,0.26
croatia,2001,0.29
croatia,2002,0.25
croatia,2003,0.25
croatia,2004,0.28
croatia,2005,0.33
croatia,2006,0.32
croatia,2007,0.34
croatia,2008,0.38
croatia,2009,0.28
croatia,2010,0.31
croatia,2011,0.37
croatia,2012,0.32
croatia,2013,0.35
cuba,1990,1.05
cuba,1991,0.92
cuba,1992,0.69
cuba,1993,0.65
cuba,1994,0.55
cuba,1995,0.58
cuba,1996,0.89
cuba,1997,1
cuba,1998,1.01
cuba,1999,0.88
cuba,2000,0.7
cuba,2001,0.63
cuba,2002,0.73
cuba,2003,0.51
cuba,2004,0.62
cuba,2005,0.6
cuba,2006,0.64
cuba,2007,0.63
cuba,2008,0.53
cuba,2009,2.02
cuba,2010,2.88
cuba,2011,2.39
cuba,2012,2.67
cuba,2013,1.8
cyprus,1990,0.91
cyprus,1991,1.03
cyprus,1992,1.02
cyprus,1993,0.87
cyprus,1994,0.92
cyprus,1995,1.01
cyprus,1996,1.05
cyprus,1997,1.06
cyprus,1998,1.1
cyprus,1999,1.29
cyprus,2000,1.42
cyprus,2001,1.57
cyprus,2002,1.36
cyprus,2003,1.38
cyprus,2004,1.08
cyprus,2005,1.8
cyprus,2006,1.85
cyprus,2007,1.74
cyprus,2008,1.67
cyprus,2009,1.49
cyprus,2010,1.41
cyprus,2011,1.52
cyprus,2012,1.42
cyprus,2013,1.47
czech_republic,1990,0.66
czech_republic,1991,0.46
czech_republic,1992,0.53
czech_republic,1993,0.43
czech_republic,1994,0.53
czech_republic,1995,0.57
czech_republic,1996,0.41
czech_republic,1997,0.38
czech_republic,1998,0.35
czech_republic,1999,0.41
czech_republic,2000,0.48
czech_republic,2001,0.49
czech_republic,2002,0.5
czech_republic,2003,0.61
czech_republic,2004,0.87
czech_republic,2005,0.95
czech_republic,2006,1
czech_republic,2007,1.03
czech_republic,2008,1.06
czech_republic,2009,1.01
czech_republic,2010,0.93
czech_republic,2011,0.92
czech_republic,2012,0.87
czech_republic,2013,0.84
denmark,1990,4.77
denmark,1991,4.36
denmark,1992,4.54
denmark,1993,5.91
denmark,1994,6.59
denmark,1995,6.86
denmark,1996,6.71
denmark,1997,6.36
denmark,1998,6.53
denmark,1999,6.39
denmark,2000,6.42
denmark,2001,5.77
denmark,2002,4.85
denmark,2003,5.07
denmark,2004,4.83
denmark,2005,5.01
denmark,2006,5.8
denmark,2007,6.01
denmark,2008,5.55
denmark,2009,3.94
denmark,2010,4.61
denmark,2011,4.7
denmark,2012,4.11
denmark,2013,4.45
dominican_republic,1990,0.11
dominican_republic,1991,0.11
dominican_republic,1992,0.15
dominican_republic,1993,0.16
dominican_republic,1994,0.16
dominican_republic,1995,0.18
dominican_republic,1996,0.18
dominican_republic,1997,0.2
dominican_republic,1998,1.07
dominican_republic,1999,1.25
dominican_republic,2000,1.3
dominican_republic,2001,1.23
dominican_republic,2002,1.06
dominican_republic,2003,1
dominican_republic,2004,1.36
dominican_republic,2005,1.34
dominican_republic,2006,1.32
dominican_republic,2007,1.33
dominican_republic,2008,1.33
dominican_republic,2009,1.31
dominican_republic,2010,1.23
dominican_republic,2011,1.33
dominican_republic,2012,1.49
dominican_republic,2013,1.36
ecuador,1990,0.89
ecuador,1991,0.82
ecuador,1992,1.09
ecuador,1993,1.76
ecuador,1994,1.64
ecuador,1995,1.55
ecuador,1996,1.96
ecuador,1997,2.12
ecuador,1998,0.9
ecuador,1999,0.78
ecuador,2000,1.37
ecuador,2001,1.39
ecuador,2002,2.05
ecuador,2003,2.45
ecuador,2004,3.08
ecuador,2005,3.07
ecuador,2006,2.98
ecuador,2007,3.01
ecuador,2008,3.02
ecuador,2009,3
ecuador,2010,2.76
ecuador,2011,2.76
ecuador,2012,2.42
ecuador,2013,2.43
egypt,1990,5.84
egypt,1991,5.91
egypt,1992,4.98
egypt,1993,5.54
egypt,1994,8.88
egypt,1995,8.74
egypt,1996,10.87
egypt,1997,10.97
egypt,1998,8.23
egypt,1999,10.11
egypt,2000,10.55
egypt,2001,8.83
egypt,2002,8.51
egypt,2003,11.06
egypt,2004,11.03
egypt,2005,10.68
egypt,2006,9.7
egypt,2007,10.69
egypt,2008,10.13
egypt,2009,10.2
egypt,2010,9.69
egypt,2011,9.48
egypt,2012,8.59
egypt,2013,7.58
el_salvador,1990,0.11
el_salvador,1991,0.09
el_salvador,1992,0.13
el_salvador,1993,0.15
el_salvador,1994,0.14
el_salvador,1995,0.16
el_salvador,1996,0.15
el_salvador,1997,0.15
el_salvador,1998,0.19
el_salvador,1999,0.21
el_salvador,2000,0.22
el_salvador,2001,0.22
el_salvador,2002,0.2
el_salvador,2003,0.22
el_salvador,2004,0.23
el_salvador,2005,0.24
el_salvador,2006,0.23
el_salvador,2007,0.36
el_salvador,2008,0.35
el_salvador,2009,0.35
el_salvador,2010,0.34
el_salvador,2011,0.35
el_salvador,2012,0.26
el_salvador,2013,0.46
eritrea,1992,0.72
eritrea,1993,0.5
eritrea,1994,0.67
eritrea,1995,0.45
eritrea,1996,0.49
eritrea,1997,0.26
eritrea,1998,0.02
eritrea,1999,0.03
eritrea,2000,0.03
eritrea,2001,0.06
eritrea,2002,0.03
eritrea,2003,0.04
eritrea,2004,0.04
eritrea,2005,0.03
eritrea,2006,0.02
eritrea,2007,0.02
eritrea,2008,0.01
eritrea,2009,0
eritrea,2010,0
eritrea,2011,0
eritrea,2012,0
eritrea,2013,0
estonia,1990,0.67
estonia,1991,0.78
estonia,1992,0.42
estonia,1993,0.53
estonia,1994,0.44
estonia,1995,0.33
estonia,1996,0.34
estonia,1997,0.38
estonia,1998,0.39
estonia,1999,0.41
estonia,2000,0.39
estonia,2001,0.37
estonia,2002,0.43
estonia,2003,0.42
estonia,2004,0.57
estonia,2005,0.52
estonia,2006,0.77
estonia,2007,0.93
estonia,2008,0.88
estonia,2009,0.81
estonia,2010,0.81
estonia,2011,0.7
estonia,2012,1.39
estonia,2013,1.43
ethiopia,1990,0.57
ethiopia,1991,0.59
ethiopia,1992,0.12
ethiopia,1993,0.14
ethiopia,1994,0.19
ethiopia,1995,0.2
ethiopia,1996,0.19
ethiopia,1997,0.17
ethiopia,1998,0.17
ethiopia,1999,0.19
ethiopia,2000,0.21
ethiopia,2001,0.25
ethiopia,2002,0.24
ethiopia,2003,0.23
ethiopia,2004,0.31
ethiopia,2005,0.4
ethiopia,2006,0.48
ethiopia,2007,0.59
ethiopia,2008,0.58
ethiopia,2009,0.67
ethiopia,2010,0.87
ethiopia,2011,0.87
ethiopia,2012,1.01
ethiopia,2013,1.12
european_union_15,1990,175.43
european_union_15,1991,173.87
european_union_15,1992,180.2
european_union_15,1993,187.3
european_union_15,1994,187.38
european_union_15,1995,190.93
european_union_15,1996,201.13
european_union_15,1997,216.5
european_union_15,1998,228.73
european_union_15,1999,228.55
european_union_15,2000,240.89
european_union_15,2001,241.22
european_union_15,2002,243.54
european_union_15,2003,249.89
european_union_15,2004,265.75
european_union_15,2005,273.88
european_union_15,2006,288.57
european_union_15,2007,299.74
european_union_15,2008,300.95
european_union_15,2009,272.26
european_union_15,2010,270.73
european_union_15,2011,276.26
european_union_15,2012,262.35
european_union_15,2013,254.48
european_union_28,1990,185.11
european_union_28,1991,181.92
european_union_28,1992,188.88
european_union_28,1993,195.39
european_union_28,1994,195.76
european_union_28,1995,199.03
european_union_28,1996,208.32
european_union_28,1997,222.93
european_union_28,1998,235.06
european_union_28,1999,235.03
european_union_28,2000,249.77
european_union_28,2001,251.06
european_union_28,2002,253.36
european_union_28,2003,260.67
european_union_28,2004,276.91
european_union_28,2005,285.73
european_union_28,2006,301.16
european_union_28,2007,312.53
european_union_28,2008,315.11
european_union_28,2009,286.23
european_union_28,2010,285.34
european_union_28,2011,290.22
european_union_28,2012,276.14
european_union_28,2013,268.51
finland,1990,2.78
finland,1991,2.64
finland,1992,2.97
finland,1993,2.47
finland,1994,2.13
finland,1995,1.92
finland,1996,2.12
finland,1997,2.26
finland,1998,2.65
finland,1999,2.82
finland,2000,3.15
finland,2001,2.88
finland,2002,3.09
finland,2003,3.11
finland,2004,2.88
finland,2005,2.86
finland,2006,3.16
finland,2007,3.05
finland,2008,3.01
finland,2009,2.31
finland,2010,2.27
finland,2011,2.53
finland,2012,2.22
finland,2013,2.3
france,1990,17.28
france,1991,16.78
france,1992,17.83
france,1993,17.75
france,1994,17.56
france,1995,18.34
france,1996,19.47
france,1997,20.45
france,1998,22.03
france,1999,23.37
france,2000,24.21
france,2001,22.68
france,2002,22.5
france,2003,23.02
france,2004,25.1
france,2005,24.52
france,2006,25.58
france,2007,26.41
france,2008,25.42
france,2009,23.81
france,2010,23.9
france,2011,25.31
france,2012,24.39
france,2013,23.57
gabon,1990,0.28
gabon,1991,0.26
gabon,1992,0.86
gabon,1993,0.82
gabon,1994,0.69
gabon,1995,0.64
gabon,1996,0.57
gabon,1997,0.69
gabon,1998,0.73
gabon,1999,0.76
gabon,2000,0.85
gabon,2001,0.85
gabon,2002,0.89
gabon,2003,0.86
gabon,2004,0.85
gabon,2005,0.83
gabon,2006,0.77
gabon,2007,0.78
gabon,2008,0.77
gabon,2009,0.75
gabon,2010,0.92
gabon,2011,0.83
gabon,2012,0.88
gabon,2013,0.82
georgia,1990,0.61
georgia,1991,0.98
georgia,1992,0.79
georgia,1993,0.58
georgia,1994,0.36
georgia,1995,0.17
georgia,1996,0.24
georgia,1997,0.21
georgia,1998,0.3
georgia,1999,0.25
georgia,2000,0.05
georgia,2001,0.04
georgia,2002,0.07
georgia,2003,0.08
georgia,2004,0.11
georgia,2005,0.11
georgia,2006,0.11
georgia,2007,0.14
georgia,2008,0.12
georgia,2009,0.12
georgia,2010,0.12
georgia,2011,0.11
georgia,2012,0.11
georgia,2013,0.26
germany,1990,21.26
germany,1991,19.32
germany,1992,19.13
germany,1993,21.31
germany,1994,22.16
germany,1995,22.21
germany,1996,22.5
germany,1997,23.57
germany,1998,23.84
germany,1999,25.04
germany,2000,26.31
germany,2001,25.57
germany,2002,26.05
germany,2003,27.24
germany,2004,29.17
germany,2005,30.32
germany,2006,31.78
germany,2007,34.26
germany,2008,34.34
germany,2009,32.89
germany,2010,32.74
germany,2011,31.69
germany,2012,32.66
germany,2013,32.37
ghana,1990,0.14
ghana,1991,0.11
ghana,1992,0.14
ghana,1993,0.12
ghana,1994,0.14
ghana,1995,0.18
ghana,1996,0.19
ghana,1997,0.19
ghana,1998,0.28
ghana,1999,0.46
ghana,2000,0.49
ghana,2001,0.37
ghana,2002,0.42
ghana,2003,0.41
ghana,2004,0.42
ghana,2005,0.52
ghana,2006,0.51
ghana,2007,0.55
ghana,2008,0.58
ghana,2009,0.56
ghana,2010,0.49
ghana,2011,0.55
ghana,2012,0.54
ghana,2013,0.49
greece,1990,10.47
greece,1991,9.51
greece,1992,10.7
greece,1993,12.25
greece,1994,13.26
greece,1995,13.89
greece,1996,12.42
greece,1997,12.36
greece,1998,13.6
greece,1999,12.69
greece,2000,13.89
greece,2001,13.4
greece,2002,12.27
greece,2003,12.57
greece,2004,12.75
greece,2005,11.48
greece,2006,12.67
greece,2007,13.15
greece,2008,12.83
greece,2009,10.92
greece,2010,10.77
greece,2011,11.08
greece,2012,9.22
greece,2013,8.85
guatemala,1990,0.56
guatemala,1991,0.57
guatemala,1992,0.6
guatemala,1993,0.62
guatemala,1994,0.63
guatemala,1995,0.67
guatemala,1996,0.7
guatemala,1997,0.73
guatemala,1998,0.76
guatemala,1999,0.77
guatemala,2000,0.79
guatemala,2001,0.8
guatemala,2002,0.81
guatemala,2003,0.83
guatemala,2004,0.86
guatemala,2005,0.98
guatemala,2006,1.02
guatemala,2007,0.93
guatemala,2008,0.95
guatemala,2009,0.94
guatemala,2010,1.1
guatemala,2011,1.12
guatemala,2012,1.1
guatemala,2013,1.13
haiti,1990,0.07
haiti,1991,0.06
haiti,1992,0.04
haiti,1993,0.04
haiti,1994,0
haiti,1995,0.07
haiti,1996,0.06
haiti,1997,0.06
haiti,1998,0.07
haiti,1999,0.09
haiti,2000,0.09
haiti,2001,0.11
haiti,2002,0.11
haiti,2003,0.06
haiti,2004,0.07
haiti,2005,0.07
haiti,2006,0.08
haiti,2007,0.06
haiti,2008,0.06
haiti,2009,0.05
haiti,2010,0.06
haiti,2011,0.05
haiti,2012,0.17
haiti,2013,0.28
honduras,1990,0.09
honduras,1991,0.09
honduras,1992,0.12
honduras,1993,0.12
honduras,1994,0.07
honduras,1995,0.07
honduras,1996,0.06
honduras,1997,0.07
honduras,1998,0.08
honduras,1999,0.1
honduras,2000,0.11
honduras,2001,0.07
honduras,2002,0.09
honduras,2003,0.08
honduras,2004,0.07
honduras,2005,0.07
honduras,2006,0.09
honduras,2007,0.08
honduras,2008,0.14
honduras,2009,0.15
honduras,2010,0.15
honduras,2011,0.17
honduras,2012,0.16
honduras,2013,0.13
hungary,1990,0.49
hungary,1991,0.39
hungary,1992,0.41
hungary,1993,0.38
hungary,1994,0.57
hungary,1995,0.54
hungary,1996,0.58
hungary,1997,0.55
hungary,1998,0.58
hungary,1999,0.63
hungary,2000,0.7
hungary,2001,0.66
hungary,2002,0.62
hungary,2003,0.61
hungary,2004,0.69
hungary,2005,0.8
hungary,2006,0.81
hungary,2007,0.74
hungary,2008,0.83
hungary,2009,0.71
hungary,2010,0.7
hungary,2011,0.71
hungary,2012,0.51
hungary,2013,0.5
iceland,1990,0.32
iceland,1991,0.23
iceland,1992,0.26
iceland,1993,0.29
iceland,1994,0.3
iceland,1995,0.34
iceland,1996,0.37
iceland,1997,0.42
iceland,1998,0.51
iceland,1999,0.51
iceland,2000,0.61
iceland,2001,0.49
iceland,2002,0.51
iceland,2003,0.52
iceland,2004,0.57
iceland,2005,0.6
iceland,2006,0.64
iceland,2007,0.71
iceland,2008,0.65
iceland,2009,0.5
iceland,2010,0.55
iceland,2011,0.61
iceland,2012,0.61
iceland,2013,0.57
india,1990,5.12
india,1991,4.86
india,1992,4.95
india,1993,5.41
india,1994,5.84
india,1995,6.36
india,1996,6.63
india,1997,6.57
india,1998,6.67
india,1999,7.02
india,2000,7.21
india,2001,7.3
india,2002,7.39
india,2003,8.09
india,2004,9.07
india,2005,10.45
india,2006,12.25
india,2007,13.94
india,2008,13.76
india,2009,14.68
india,2010,15.51
india,2011,16.43
india,2012,15.72
india,2013,16.33
indonesia,1990,2.67
indonesia,1991,1.65
indonesia,1992,1.73
indonesia,1993,1.77
indonesia,1994,1.72
indonesia,1995,2.48
indonesia,1996,1.53
indonesia,1997,2.19
indonesia,1998,2.06
indonesia,1999,1.62
indonesia,2000,1.58
indonesia,2001,1.55
indonesia,2002,1.66
indonesia,2003,2.27
indonesia,2004,1.88
indonesia,2005,1.97
indonesia,2006,2.08
indonesia,2007,2.21
indonesia,2008,2.34
indonesia,2009,2.45
indonesia,2010,2.6
indonesia,2011,2.76
indonesia,2012,2.92
indonesia,2013,3.09
iran,1990,2.77
iran,1991,3.19
iran,1992,3.24
iran,1993,3.47
iran,1994,3.79
iran,1995,3.89
iran,1996,4.17
iran,1997,4.64
iran,1998,4.58
iran,1999,4.66
iran,2000,4.99
iran,2001,5.09
iran,2002,5.04
iran,2003,5.18
iran,2004,5.33
iran,2005,5.66
iran,2006,6.29
iran,2007,6.61
iran,2008,8.16
iran,2009,10.11
iran,2010,11.22
iran,2011,10.67
iran,2012,9.6
iran,2013,13.3
iraq,1990,1.39
iraq,1991,0.93
iraq,1992,1.02
iraq,1993,1.16
iraq,1994,1.33
iraq,1995,1.3
iraq,1996,1.27
iraq,1997,1.43
iraq,1998,1.67
iraq,1999,1.75
iraq,2000,2.13
iraq,2001,2.19
iraq,2002,2.09
iraq,2003,1.81
iraq,2004,2.19
iraq,2005,2.33
iraq,2006,2.52
iraq,2007,2.61
iraq,2008,2.74
iraq,2009,2.92
iraq,2010,2.96
iraq,2011,3.03
iraq,2012,1.58
iraq,2013,1.82
ireland,1990,1.1
ireland,1991,1.11
ireland,1992,0.96
ireland,1993,1.45
ireland,1994,1.26
ireland,1995,1.49
ireland,1996,1.53
ireland,1997,1.7
ireland,1998,1.77
ireland,1999,2.04
ireland,2000,2.21
ireland,2001,2.6
ireland,2002,2.69
ireland,2003,2.72
ireland,2004,2.53
ireland,2005,2.71
ireland,2006,2.82
ireland,2007,3.25
ireland,2008,2.99
ireland,2009,2.01
ireland,2010,2.42
ireland,2011,2.32
ireland,2012,1.99
ireland,2013,2.28
israel,1990,1.98
israel,1991,2.03
israel,1992,2.18
israel,1993,2.52
israel,1994,2.59
israel,1995,2.8
israel,1996,2.58
israel,1997,2.62
israel,1998,2.64
israel,1999,2.38
israel,2000,2.99
israel,2001,2.65
israel,2002,4.18
israel,2003,4.17
israel,2004,3.96
israel,2005,4.05
israel,2006,4.23
israel,2007,4.59
israel,2008,3.7
israel,2009,3.54
israel,2010,3.5
israel,2011,3.57
israel,2012,3.53
israel,2013,4.2
italy,1990,13.06
italy,1991,13.29
italy,1992,13
italy,1993,13.11
italy,1994,13.03
italy,1995,13.61
italy,1996,12.46
italy,1997,12.97
italy,1998,14.24
italy,1999,12.49
italy,2000,13.76
italy,2001,13.38
italy,2002,13.89
italy,2003,15.41
italy,2004,15.67
italy,2005,16.2
italy,2006,17.13
italy,2007,17.97
italy,2008,18
italy,2009,16.55
italy,2010,19.07
italy,2011,17.78
italy,2012,17.24
italy,2013,16.02
jamaica,1990,0.57
jamaica,1991,0.57
jamaica,1992,0.59
jamaica,1993,0.6
jamaica,1994,0.62
jamaica,1995,0.65
jamaica,1996,0.61
jamaica,1997,0.61
jamaica,1998,0.62
jamaica,1999,0.62
jamaica,2000,0.66
jamaica,2001,0.65
jamaica,2002,0.82
jamaica,2003,0.82
jamaica,2004,0.72
jamaica,2005,0.87
jamaica,2006,1.04
jamaica,2007,1.2
jamaica,2008,1.17
jamaica,2009,0.83
jamaica,2010,0.86
jamaica,2011,0.89
jamaica,2012,0.8
jamaica,2013,1.23
japan,1990,31.35
japan,1991,33.07
japan,1992,33.49
japan,1993,35.47
japan,1994,37.22
japan,1995,34.93
japan,1996,31.49
japan,1997,36.03
japan,1998,37.97
japan,1999,36.6
japan,2000,36.91
japan,2001,33.67
japan,2002,36.89
japan,2003,37.75
japan,2004,39.26
japan,2005,41.6
japan,2006,38.87
japan,2007,37.41
japan,2008,34.88
japan,2009,30.84
japan,2010,31.53
japan,2011,31.73
japan,2012,32.44
japan,2013,32.54
jordan,1990,0.67
jordan,1991,0.46
jordan,1992,0.6
jordan,1993,0.65
jordan,1994,0.71
jordan,1995,0.79
jordan,1996,0.92
jordan,1997,0.86
jordan,1998,0.69
jordan,1999,0.71
jordan,2000,0.88
jordan,2001,0.69
jordan,2002,0.67
jordan,2003,0.87
jordan,2004,0.77
jordan,2005,1.23
jordan,2006,1.06
jordan,2007,1.03
jordan,2008,1.02
jordan,2009,1.11
jordan,2010,1.14
jordan,2011,1.04
jordan,2012,1.15
jordan,2013,1.14
kazakhstan,1990,2.7
kazakhstan,1991,2.48
kazakhstan,1992,2.27
kazakhstan,1993,0.75
kazakhstan,1994,1.11
kazakhstan,1995,0.79
kazakhstan,1996,0.77
kazakhstan,1997,0.71
kazakhstan,1998,0.73
kazakhstan,1999,0.42
kazakhstan,2000,0.23
kazakhstan,2001,0.26
kazakhstan,2002,0.39
kazakhstan,2003,0.32
kazakhstan,2004,0.45
kazakhstan,2005,0.49
kazakhstan,2006,0.53
kazakhstan,2007,0.71
kazakhstan,2008,0.66
kazakhstan,2009,0.56
kazakhstan,2010,0.62
kazakhstan,2011,0.55
kazakhstan,2012,0.61
kazakhstan,2013,0.5
kenya,1990,1.4
kenya,1991,1.2
kenya,1992,1.42
kenya,1993,1.61
kenya,1994,1.94
kenya,1995,1.55
kenya,1996,1.59
kenya,1997,1.56
kenya,1998,1.57
kenya,1999,1.66
kenya,2000,1.59
kenya,2001,1.69
kenya,2002,1.65
kenya,2003,1.76
kenya,2004,1.93
kenya,2005,2
kenya,2006,2.1
kenya,2007,2.3
kenya,2008,1.99
kenya,2009,2.03
kenya,2010,1.84
kenya,2011,2.34
kenya,2012,2.33
kenya,2013,1.88
korea_dem_rep_north,1990,0
korea_dem_rep_north,1991,0
korea_dem_rep_north,1992,0
korea_dem_rep_north,1993,0
korea_dem_rep_north,1994,0
korea_dem_rep_north,1995,0
korea_dem_rep_north,1996,0
korea_dem_rep_north,1997,0
korea_dem_rep_north,1998,0
korea_dem_rep_north,1999,0
korea_dem_rep_north,2000,0
korea_dem_rep_north,2001,0
korea_dem_rep_north,2002,0
korea_dem_rep_north,2003,0
korea_dem_rep_north,2004,0
korea_dem_rep_north,2005,0
korea_dem_rep_north,2006,0
korea_dem_rep_north,2007,0
korea_dem_rep_north,2008,0
korea_dem_rep_north,2009,0
korea_dem_rep_north,2010,0
korea_dem_rep_north,2011,0
korea_dem_rep_north,2012,0
korea_dem_rep_north,2013,0
korea_rep_south,1990,6.17
korea_rep_south,1991,9.12
korea_rep_south,1992,11.78
korea_rep_south,1993,14.4
korea_rep_south,1994,20.54
korea_rep_south,1995,23.64
korea_rep_south,1996,28.91
korea_rep_south,1997,31.77
korea_rep_south,1998,31.97
korea_rep_south,1999,33.59
korea_rep_south,2000,32.48
korea_rep_south,2001,31.73
korea_rep_south,2002,31.66
korea_rep_south,2003,34.89
korea_rep_south,2004,36.42
korea_rep_south,2005,40.9
korea_rep_south,2006,42.55
korea_rep_south,2007,40.69
korea_rep_south,2008,40.85
korea_rep_south,2009,38.12
korea_rep_south,2010,41.05
korea_rep_south,2011,40.36
korea_rep_south,2012,39.61
korea_rep_south,2013,39.68
kuwait,1990,1.08
kuwait,1991,0.44
kuwait,1992,2.22
kuwait,1993,2.06
kuwait,1994,2.75
kuwait,1995,2.98
kuwait,1996,2.94
kuwait,1997,3.31
kuwait,1998,3.38
kuwait,1999,3.23
kuwait,2000,2.6
kuwait,2001,2.49
kuwait,2002,3.07
kuwait,2003,4.49
kuwait,2004,4.24
kuwait,2005,4.01
kuwait,2006,4.31
kuwait,2007,4.97
kuwait,2008,5.34
kuwait,2009,3.64
kuwait,2010,3.96
kuwait,2011,5.48
kuwait,2012,5.48
kuwait,2013,5.51
kyrgyzstan,1990,0.26
kyrgyzstan,1991,0.22
kyrgyzstan,1992,0.18
kyrgyzstan,1993,0.05
kyrgyzstan,1994,0.04
kyrgyzstan,1995,0.19
kyrgyzstan,1996,0.21
kyrgyzstan,1997,0.14
kyrgyzstan,1998,0.16
kyrgyzstan,1999,0.12
kyrgyzstan,2000,0.12
kyrgyzstan,2001,0.07
kyrgyzstan,2002,0.1
kyrgyzstan,2003,0.1
kyrgyzstan,2004,0.15
kyrgyzstan,2005,0.39
kyrgyzstan,2006,0.86
kyrgyzstan,2007,0.73
kyrgyzstan,2008,0.89
kyrgyzstan,2009,1.02
kyrgyzstan,2010,0.83
kyrgyzstan,2011,0.16
kyrgyzstan,2012,0.09
kyrgyzstan,2013,0.15
latvia,1990,1.72
latvia,1991,0.75
latvia,1992,0.65
latvia,1993,0.75
latvia,1994,0.96
latvia,1995,0.56
latvia,1996,0.41
latvia,1997,0.32
latvia,1998,0.14
latvia,1999,0.12
latvia,2000,0.11
latvia,2001,0.7
latvia,2002,0.73
latvia,2003,0.71
latvia,2004,0.78
latvia,2005,1
latvia,2006,0.82
latvia,2007,0.8
latvia,2008,0.94
latvia,2009,1.17
latvia,2010,1.15
latvia,2011,1.03
latvia,2012,1.11
latvia,2013,1.13
lebanon,1990,0.16
lebanon,1991,0.27
lebanon,1992,0.37
lebanon,1993,0.41
lebanon,1994,0.51
lebanon,1995,0.7
lebanon,1996,0.38
lebanon,1997,0.39
lebanon,1998,0.39
lebanon,1999,0.45
lebanon,2000,0.45
lebanon,2001,0.46
lebanon,2002,0.46
lebanon,2003,0.46
lebanon,2004,0.47
lebanon,2005,0.53
lebanon,2006,0.39
lebanon,2007,0.49
lebanon,2008,0.6
lebanon,2009,0.64
lebanon,2010,0.8
lebanon,2011,0.81
lebanon,2012,0.75
lebanon,2013,0.92
libya,1990,0.89
libya,1991,0.92
libya,1992,0.93
libya,1993,1.03
libya,1994,1.16
libya,1995,1.2
libya,1996,1.89
libya,1997,1.82
libya,1998,1.89
libya,1999,1.89
libya,2000,2.2
libya,2001,1.52
libya,2002,1.43
libya,2003,1.53
libya,2004,1.67
libya,2005,1.68
libya,2006,2.26
libya,2007,2.2
libya,2008,2.12
libya,2009,1.9
libya,2010,1.79
libya,2011,0.42
libya,2012,1.77
libya,2013,1.25
lithuania,1990,0.7
lithuania,1991,0.98
lithuania,1992,1.12
lithuania,1993,0.62
lithuania,1994,0.6
lithuania,1995,0.57
lithuania,1996,0.51
lithuania,1997,0.29
lithuania,1998,0.25
lithuania,1999,0.31
lithuania,2000,0.36
lithuania,2001,0.41
lithuania,2002,0.43
lithuania,2003,0.44
lithuania,2004,0.46
lithuania,2005,0.6
lithuania,2006,0.6
lithuania,2007,0.58
lithuania,2008,0.52
lithuania,2009,0.51
lithuania,2010,0.59
lithuania,2011,0.62
lithuania,2012,0.58
lithuania,2013,0.49
luxembourg,1990,0.39
luxembourg,1991,0.41
luxembourg,1992,0.4
luxembourg,1993,0.39
luxembourg,1994,0.5
luxembourg,1995,0.57
luxembourg,1996,0.61
luxembourg,1997,0.75
luxembourg,1998,0.85
luxembourg,1999,0.99
luxembourg,2000,0.96
luxembourg,2001,1.04
luxembourg,2002,1.12
luxembourg,2003,1.17
luxembourg,2004,1.27
luxembourg,2005,1.29
luxembourg,2006,1.21
luxembourg,2007,1.3
luxembourg,2008,1.31
luxembourg,2009,1.25
luxembourg,2010,1.29
luxembourg,2011,1.21
luxembourg,2012,1.11
luxembourg,2013,1.12
macedonia_fyr,1990,0.02
macedonia_fyr,1991,0.02
macedonia_fyr,1992,0.02
macedonia_fyr,1993,0.06
macedonia_fyr,1994,0.06
macedonia_fyr,1995,0.09
macedonia_fyr,1996,0.08
macedonia_fyr,1997,0.09
macedonia_fyr,1998,0.05
macedonia_fyr,1999,0.11
macedonia_fyr,2000,0.09
macedonia_fyr,2001,0.07
macedonia_fyr,2002,0.07
macedonia_fyr,2003,0.02
macedonia_fyr,2004,0.02
macedonia_fyr,2005,0.02
macedonia_fyr,2006,0.01
macedonia_fyr,2007,0.02
macedonia_fyr,2008,0.02
macedonia_fyr,2009,0.01
macedonia_fyr,2010,0.02
macedonia_fyr,2011,0.01
macedonia_fyr,2012,0.02
macedonia_fyr,2013,0.02
malaysia,1990,1.81
malaysia,1991,2.01
malaysia,1992,2.07
malaysia,1993,2.3
malaysia,1994,3.14
malaysia,1995,3.32
malaysia,1996,3.8
malaysia,1997,3.98
malaysia,1998,5.33
malaysia,1999,4.73
malaysia,2000,4.47
malaysia,2001,4.71
malaysia,2002,4.56
malaysia,2003,4.66
malaysia,2004,5.2
malaysia,2005,5
malaysia,2006,5.43
malaysia,2007,5.38
malaysia,2008,5.27
malaysia,2009,5.22
malaysia,2010,5.89
malaysia,2011,6.76
malaysia,2012,6.22
malaysia,2013,8.31
malta,1990,0.31
malta,1991,0.38
malta,1992,0.4
malta,1993,0.33
malta,1994,0.33
malta,1995,0.36
malta,1996,0.27
malta,1997,0.62
malta,1998,0.32
malta,1999,0.32
malta,2000,2.46
malta,2001,2.59
malta,2002,2.63
malta,2003,3.16
malta,2004,3.42
malta,2005,2.37
malta,2006,2.64
malta,2007,2.97
malta,2008,3.3
malta,2009,3.88
malta,2010,4.95
malta,2011,4.59
malta,2012,4.1
malta,2013,4.09
mauritius,1990,0.4
mauritius,1991,0.42
mauritius,1992,0.47
mauritius,1993,0.48
mauritius,1994,0.51
mauritius,1995,0.48
mauritius,1996,0.53
mauritius,1997,0.54
mauritius,1998,0.78
mauritius,1999,1.09
mauritius,2000,1.3
mauritius,2001,1.27
mauritius,2002,1.16
mauritius,2003,1.09
mauritius,2004,1.16
mauritius,2005,1.33
mauritius,2006,1.29
mauritius,2007,1.41
mauritius,2008,1.47
mauritius,2009,1.35
mauritius,2010,1.47
mauritius,2011,1.67
mauritius,2012,1.62
mauritius,2013,1.57
mexico,1990,5.29
mexico,1991,5.5
mexico,1992,6.09
mexico,1993,7.17
mexico,1994,9.56
mexico,1995,9.41
mexico,1996,9.27
mexico,1997,9.71
mexico,1998,11.1
mexico,1999,11.92
mexico,2000,12
mexico,2001,11.82
mexico,2002,10.57
mexico,2003,10.79
mexico,2004,11.09
mexico,2005,11.33
mexico,2006,11.79
mexico,2007,12.66
mexico,2008,12.72
mexico,2009,10.46
mexico,2010,10.69
mexico,2011,11.08
mexico,2012,11.58
mexico,2013,11.62
moldova,1990,0.22
moldova,1991,0.23
moldova,1992,0.1
moldova,1993,0.06
moldova,1994,0.03
moldova,1995,0.03
moldova,1996,0.06
moldova,1997,0.06
moldova,1998,0.05
moldova,1999,0.04
moldova,2000,0.06
moldova,2001,0.05
moldova,2002,0.06
moldova,2003,0.04
moldova,2004,0.03
moldova,2005,0.04
moldova,2006,0.04
moldova,2007,0.04
moldova,2008,0.05
moldova,2009,0.06
moldova,2010,0.06
moldova,2011,0.06
moldova,2012,0.07
moldova,2013,0.06
mongolia,1990,0.01
mongolia,1991,0
mongolia,1992,0
mongolia,1993,0
mongolia,1994,0
mongolia,1995,0.06
mongolia,1996,0.09
mongolia,1997,0.08
mongolia,1998,0.07
mongolia,1999,0.05
mongolia,2000,0.06
mongolia,2001,0.07
mongolia,2002,0.07
mongolia,2003,0.08
mongolia,2004,0.07
mongolia,2005,0.06
mongolia,2006,0.13
mongolia,2007,0.12
mongolia,2008,0.1
mongolia,2009,0.05
mongolia,2010,0.05
mongolia,2011,0.08
mongolia,2012,0.11
mongolia,2013,0.12
montenegro,2005,0.04
montenegro,2006,0.05
montenegro,2007,0.03
montenegro,2008,0.04
montenegro,2009,0.01
montenegro,2010,0.01
montenegro,2011,0.03
montenegro,2012,0.04
montenegro,2013,0.04
morocco,1990,0.85
morocco,1991,0.62
morocco,1992,0.72
morocco,1993,0.74
morocco,1994,0.7
morocco,1995,0.78
morocco,1996,0.8
morocco,1997,0.84
morocco,1998,0.93
morocco,1999,0.97
morocco,2000,0.96
morocco,2001,0.94
morocco,2002,0.95
morocco,2003,0.96
morocco,2004,1.09
morocco,2005,1.24
morocco,2006,1.4
morocco,2007,1.61
morocco,2008,1.61
morocco,2009,1.63
morocco,2010,2.22
morocco,2011,2.23
morocco,2012,2.04
morocco,2013,2.27
mozambique,1990,0.22
mozambique,1991,0.14
mozambique,1992,0.1
mozambique,1993,0.12
mozambique,1994,0.15
mozambique,1995,0.07
mozambique,1996,0.07
mozambique,1997,0.09
mozambique,1998,0.09
mozambique,1999,0.11
mozambique,2000,0.13
mozambique,2001,0.13
mozambique,2002,0.14
mozambique,2003,0.26
mozambique,2004,0.26
mozambique,2005,0.15
mozambique,2006,0.18
mozambique,2007,0.2
mozambique,2008,0.18
mozambique,2009,0.21
mozambique,2010,0.2
mozambique,2011,0.19
mozambique,2012,0.21
mozambique,2013,0.22
myanmar,1990,0.02
myanmar,1991,0.02
myanmar,1992,0.11
myanmar,1993,0.02
myanmar,1994,0.05
myanmar,1995,0.03
myanmar,1996,0.06
myanmar,1997,0.06
myanmar,1998,0.05
myanmar,1999,0.04
myanmar,2000,0.06
myanmar,2001,0.06
myanmar,2002,0.05
myanmar,2003,0.06
myanmar,2004,0.06
myanmar,2005,0.04
myanmar,2006,0.05
myanmar,2007,0.06
myanmar,2008,0.06
myanmar,2009,0.06
myanmar,2010,0.07
myanmar,2011,0.07
myanmar,2012,0.12
myanmar,2013,0.13
namibia,1991,0.08
namibia,1992,0.09
namibia,1993,0.11
namibia,1994,0.14
namibia,1995,0.1
namibia,1996,0.12
namibia,1997,0.11
namibia,1998,0.11
namibia,1999,0.11
namibia,2000,0.13
namibia,2001,0.06
namibia,2002,0.05
namibia,2003,0.08
namibia,2004,0.05
namibia,2005,0.03
namibia,2006,0.08
namibia,2007,0.11
namibia,2008,0.11
namibia,2009,0.11
namibia,2010,0.12
namibia,2011,0.12
namibia,2012,0.13
namibia,2013,0.14
nepal,1990,0.05
nepal,1991,0.06
nepal,1992,0.08
nepal,1993,0.08
nepal,1994,0.1
nepal,1995,0.11
nepal,1996,0.13
nepal,1997,0.13
nepal,1998,0.15
nepal,1999,0.15
nepal,2000,0.17
nepal,2001,0.12
nepal,2002,0.14
nepal,2003,0.13
nepal,2004,0.17
nepal,2005,0.19
nepal,2006,0.17
nepal,2007,0.18
nepal,2008,0.18
nepal,2009,0.21
nepal,2010,0.26
nepal,2011,0.28
nepal,2012,0.3
nepal,2013,0.31
netherlands,1990,39.13
netherlands,1991,40.44
netherlands,1992,41.68
netherlands,1993,43.61
netherlands,1994,42.17
netherlands,1995,41.43
netherlands,1996,43.33
netherlands,1997,46.61
netherlands,1998,47.1
netherlands,1999,49
netherlands,2000,51.19
netherlands,2001,54.81
netherlands,2002,54.85
netherlands,2003,51.93
netherlands,2004,56.41
netherlands,2005,59.99
netherlands,2006,63.42
netherlands,2007,64.8
netherlands,2008,62.82
netherlands,2009,56.45
netherlands,2010,53.73
netherlands,2011,57.49
netherlands,2012,53.26
netherlands,2013,51.68
new_zealand,1990,2.38
new_zealand,1991,2.22
new_zealand,1992,2.15
new_zealand,1993,2.22
new_zealand,1994,2.66
new_zealand,1995,2.75
new_zealand,1996,2.73
new_zealand,1997,2.76
new_zealand,1998,2.87
new_zealand,1999,2.78
new_zealand,2000,2.57
new_zealand,2001,2.79
new_zealand,2002,2.85
new_zealand,2003,2.88
new_zealand,2004,2.99
new_zealand,2005,3.23
new_zealand,2006,3.17
new_zealand,2007,3.3
new_zealand,2008,3.44
new_zealand,2009,3.3
new_zealand,2010,3.41
new_zealand,2011,3.45
new_zealand,2012,3.45
new_zealand,2013,3.58
nicaragua,1990,0.08
nicaragua,1991,0.07
nicaragua,1992,0.05
nicaragua,1993,0.04
nicaragua,1994,0.05
nicaragua,1995,0.06
nicaragua,1996,0.07
nicaragua,1997,0.06
nicaragua,1998,0.08
nicaragua,1999,0.08
nicaragua,2000,0.08
nicaragua,2001,0.07
nicaragua,2002,0.07
nicaragua,2003,0.07
nicaragua,2004,0.06
nicaragua,2005,0.05
nicaragua,2006,0.05
nicaragua,2007,0.08
nicaragua,2008,0.08
nicaragua,2009,0.06
nicaragua,2010,0.06
nicaragua,2011,0.06
nicaragua,2012,0.06
nicaragua,2013,0.06
niger,2000,0.05
niger,2001,0.03
niger,2002,0.03
niger,2003,0.03
niger,2004,0.04
niger,2005,0.04
niger,2006,0.04
niger,2007,0.04
niger,2008,0.04
niger,2009,0.04
niger,2010,0.04
niger,2011,0.05
niger,2012,0.04
niger,2013,0.07
nigeria,1990,1.55
nigeria,1991,2.24
nigeria,1992,2.19
nigeria,1993,2.31
nigeria,1994,2.27
nigeria,1995,2.69
nigeria,1996,2.94
nigeria,1997,2.18
nigeria,1998,2.17
nigeria,1999,2.99
nigeria,2000,1.8
nigeria,2001,1.77
nigeria,2002,1.61
nigeria,2003,1.82
nigeria,2004,1.94
nigeria,2005,2
nigeria,2006,1.97
nigeria,2007,1.95
nigeria,2008,3.77
nigeria,2009,3.19
nigeria,2010,1.84
nigeria,2011,1.84
nigeria,2012,1.82
nigeria,2013,2.25
norway,1990,2.67
norway,1991,2.44
norway,1992,2.81
norway,1993,2.86
norway,1994,3.22
norway,1995,3.32
norway,1996,3.57
norway,1997,4.18
norway,1998,3.95
norway,1999,4.02
norway,2000,3.65
norway,2001,3.62
norway,2002,3.28
norway,2003,2.48
norway,2004,2.45
norway,2005,3.23
norway,2006,2.79
norway,2007,3.2
norway,2008,2.65
norway,2009,2.62
norway,2010,2.51
norway,2011,2.46
norway,2012,2.24
norway,2013,2.6
oman,1990,1
oman,1991,0.89
oman,1992,0.59
oman,1993,1.38
oman,1994,0.6
oman,1995,0.55
oman,1996,0.56
oman,1997,0.64
oman,1998,0.7
oman,1999,0.75
oman,2000,0.85
oman,2001,0.97
oman,2002,1.25
oman,2003,1.26
oman,2004,0.73
oman,2005,0.81
oman,2006,1.06
oman,2007,0.99
oman,2008,4.98
oman,2009,3.92
oman,2010,4.92
oman,2011,3.19
oman,2012,3.99
oman,2013,4.23
pakistan,1990,1.52
pakistan,1991,1.62
pakistan,1992,1.71
pakistan,1993,1.81
pakistan,1994,1.76
pakistan,1995,1.77
pakistan,1996,0.47
pakistan,1997,0.46
pakistan,1998,0.41
pakistan,1999,0.43
pakistan,2000,0.44
pakistan,2001,0.53
pakistan,2002,0.99
pakistan,2003,0.48
pakistan,2004,0.7
pakistan,2005,0.9
pakistan,2006,0.86
pakistan,2007,0.93
pakistan,2008,1.02
pakistan,2009,1.29
pakistan,2010,1.05
pakistan,2011,0.94
pakistan,2012,0.86
pakistan,2013,0.92
panama,1990,5.2
panama,1991,5.67
panama,1992,6.14
panama,1993,6.45
panama,1994,6.72
panama,1995,6.81
panama,1996,7.03
panama,1997,7.67
panama,1998,8.21
panama,1999,8.41
panama,2000,8.7
panama,2001,8.95
panama,2002,8.99
panama,2003,8.98
panama,2004,8.95
panama,2005,7.94
panama,2006,8.98
panama,2007,7.93
panama,2008,11.2
panama,2009,9.43
panama,2010,10.64
panama,2011,11.76
panama,2012,11.99
panama,2013,11.98
paraguay,1990,0.03
paraguay,1991,0.03
paraguay,1992,0.03
paraguay,1993,0.03
paraguay,1994,0.03
paraguay,1995,0.03
paraguay,1996,0.1
paraguay,1997,0.1
paraguay,1998,0.1
paraguay,1999,0.05
paraguay,2000,0.04
paraguay,2001,0.02
paraguay,2002,0.06
paraguay,2003,0.07
paraguay,2004,0.05
paraguay,2005,0.05
paraguay,2006,0.07
paraguay,2007,0.07
paraguay,2008,0.07
paraguay,2009,0.06
paraguay,2010,0.07
paraguay,2011,0.07
paraguay,2012,0.08
paraguay,2013,0.09
peru,1990,0.77
peru,1991,0.83
peru,1992,0.95
peru,1993,1.04
peru,1994,1.15
peru,1995,1.64
peru,1996,1.31
peru,1997,1.38
peru,1998,1.46
peru,1999,1.52
peru,2000,1.38
peru,2001,1.48
peru,2002,0.98
peru,2003,0.79
peru,2004,1.8
peru,2005,1.98
peru,2006,2.05
peru,2007,1.3
peru,2008,2.61
peru,2009,2.32
peru,2010,2.72
peru,2011,3.18
peru,2012,2.8
peru,2013,2.41
philippines,1990,1.23
philippines,1991,1.16
philippines,1992,1.44
philippines,1993,1.47
philippines,1994,1.56
philippines,1995,1.53
philippines,1996,1.95
philippines,1997,2.29
philippines,1998,1.78
philippines,1999,2.16
philippines,2000,2.11
philippines,2001,2.31
philippines,2002,2.31
philippines,2003,2.27
philippines,2004,2.35
philippines,2005,2.52
philippines,2006,2.55
philippines,2007,3.8
philippines,2008,3.7
philippines,2009,3.55
philippines,2010,3.55
philippines,2011,3.89
philippines,2012,3.82
philippines,2013,3.8
poland,1990,1.91
poland,1991,1.17
poland,1992,1.5
poland,1993,1.16
poland,1994,1.17
poland,1995,1.25
poland,1996,1.47
poland,1997,1.52
poland,1998,1.7
poland,1999,1.93
poland,2000,1.73
poland,2001,1.64
poland,2002,1.65
poland,2003,1.76
poland,2004,1.64
poland,2005,1.98
poland,2006,2.22
poland,2007,2.12
poland,2008,2.48
poland,2009,2.24
poland,2010,2.21
poland,2011,2.03
poland,2012,2.07
poland,2013,2.01
portugal,1990,3.31
portugal,1991,3.4
portugal,1992,3.46
portugal,1993,3.1
portugal,1994,3.05
portugal,1995,3.09
portugal,1996,3.12
portugal,1997,3.17
portugal,1998,2.89
portugal,1999,3.72
portugal,2000,4.04
portugal,2001,3.37
portugal,2002,3.34
portugal,2003,3.79
portugal,2004,4.19
portugal,2005,4.02
portugal,2006,4.33
portugal,2007,4.11
portugal,2008,4.32
portugal,2009,3.98
portugal,2010,4.11
portugal,2011,4.54
portugal,2012,4.71
portugal,2013,4.86
qatar,1990,0.35
qatar,1991,0.27
qatar,1992,0.32
qatar,1993,0.31
qatar,1994,0.42
qatar,1995,0.43
qatar,1996,0.55
qatar,1997,0.63
qatar,1998,0.57
qatar,1999,0.54
qatar,2000,0.57
qatar,2001,1.03
qatar,2002,2.24
qatar,2003,1.9
qatar,2004,1.08
qatar,2005,1.45
qatar,2006,1.87
qatar,2007,2.37
qatar,2008,2.73
qatar,2009,3.26
qatar,2010,3.61
qatar,2011,4.59
qatar,2012,6.13
qatar,2013,6.34
romania,1990,0.7
romania,1991,0.49
romania,1992,0.74
romania,1993,0.75
romania,1994,0.49
romania,1995,0.55
romania,1996,0.26
romania,1997,0.37
romania,1998,0.41
romania,1999,0.39
romania,2000,0.38
romania,2001,0.34
romania,2002,0.29
romania,2003,0.35
romania,2004,0.41
romania,2005,0.33
romania,2006,0.41
romania,2007,0.44
romania,2008,0.59
romania,2009,0.44
romania,2010,0.48
romania,2011,0.42
romania,2012,0.39
romania,2013,0.56
russian_federation,1990,32.56
russian_federation,1991,23.06
russian_federation,1992,21.43
russian_federation,1993,18.2
russian_federation,1994,15.16
russian_federation,1995,14.13
russian_federation,1996,13.25
russian_federation,1997,13.13
russian_federation,1998,12.33
russian_federation,1999,12.75
russian_federation,2000,13.4
russian_federation,2001,13.78
russian_federation,2002,14.3
russian_federation,2003,14.53
russian_federation,2004,14.27
russian_federation,2005,15.43
russian_federation,2006,16.3
russian_federation,2007,16.45
russian_federation,2008,17.52
russian_federation,2009,17.54
russian_federation,2010,23.51
russian_federation,2011,28.76
russian_federation,2012,25.41
russian_federation,2013,34.44
saudi_arabia,1990,10.63
saudi_arabia,1991,13.32
saudi_arabia,1992,13.9
saudi_arabia,1993,13.66
saudi_arabia,1994,12.25
saudi_arabia,1995,11.76
saudi_arabia,1996,10.95
saudi_arabia,1997,11.56
saudi_arabia,1998,11.66
saudi_arabia,1999,12.06
saudi_arabia,2000,12.58
saudi_arabia,2001,12.33
saudi_arabia,2002,12.58
saudi_arabia,2003,12.54
saudi_arabia,2004,12.87
saudi_arabia,2005,12.66
saudi_arabia,2006,13.82
saudi_arabia,2007,14.39
saudi_arabia,2008,15.01
saudi_arabia,2009,14.04
saudi_arabia,2010,14.41
saudi_arabia,2011,16.36
saudi_arabia,2012,17.16
saudi_arabia,2013,16.61
senegal,1990,0.57
senegal,1991,0.44
senegal,1992,0.46
senegal,1993,0.36
senegal,1994,0.47
senegal,1995,0.55
senegal,1996,0.71
senegal,1997,0.72
senegal,1998,0.79
senegal,1999,0.79
senegal,2000,1.06
senegal,2001,0.91
senegal,2002,0.74
senegal,2003,0.94
senegal,2004,1
senegal,2005,1.11
senegal,2006,1.06
senegal,2007,1.27
senegal,2008,1.24
senegal,2009,0.82
senegal,2010,0.9
senegal,2011,0.91
senegal,2012,0.85
senegal,2013,1.01
serbia,1990,0.43
serbia,1991,0.31
serbia,1992,0.18
serbia,1993,0.05
serbia,1994,0.04
serbia,1995,0.11
serbia,1996,0.18
serbia,1997,0.2
serbia,1998,0.2
serbia,1999,0.1
serbia,2000,0.09
serbia,2001,0.14
serbia,2002,0.18
serbia,2003,0.19
serbia,2004,0.14
serbia,2005,0.15
serbia,2006,0.16
serbia,2007,0.14
serbia,2008,0.15
serbia,2009,0.12
serbia,2010,0.13
serbia,2011,0.14
serbia,2012,0.13
serbia,2013,0.16
singapore,1990,39.9
singapore,1991,37.15
singapore,1992,45.05
singapore,1993,42.27
singapore,1994,43.9
singapore,1995,43.52
singapore,1996,50.69
singapore,1997,58.5
singapore,1998,62.15
singapore,1999,69.85
singapore,2000,70.17
singapore,2001,75.17
singapore,2002,74.81
singapore,2003,75.33
singapore,2004,86.2
singapore,2005,92.98
singapore,2006,103.04
singapore,2007,113.51
singapore,2008,124.42
singapore,2009,128.56
singapore,2010,144.4
singapore,2011,152.88
singapore,2012,153.43
singapore,2013,154.33
slovakia,1990,0
slovakia,1991,0
slovakia,1992,0
slovakia,1993,0
slovakia,1994,0.1
slovakia,1995,0.12
slovakia,1996,0.12
slovakia,1997,0.11
slovakia,1998,0.09
slovakia,1999,0.06
slovakia,2000,0.08
slovakia,2001,0.09
slovakia,2002,0.14
slovakia,2003,0.1
slovakia,2004,0.08
slovakia,2005,0.12
slovakia,2006,0.12
slovakia,2007,0.15
slovakia,2008,0.19
slovakia,2009,0.14
slovakia,2010,0.12
slovakia,2011,0.13
slovakia,2012,0.11
slovakia,2013,0.12
slovenia,1990,0.08
slovenia,1991,0.02
slovenia,1992,0.03
slovenia,1993,0.05
slovenia,1994,0.05
slovenia,1995,0.06
slovenia,1996,0.05
slovenia,1997,0.06
slovenia,1998,0.06
slovenia,1999,0.06
slovenia,2000,0.07
slovenia,2001,0.08
slovenia,2002,0.09
slovenia,2003,0.08
slovenia,2004,0.06
slovenia,2005,0.14
slovenia,2006,0.16
slovenia,2007,0.25
slovenia,2008,0.31
slovenia,2009,0.18
slovenia,2010,0.14
slovenia,2011,0.17
slovenia,2012,0.23
slovenia,2013,0.27
south_africa,1990,7.12
south_africa,1991,7.71
south_africa,1992,9.82
south_africa,1993,9.23
south_africa,1994,9.98
south_africa,1995,12
south_africa,1996,12.23
south_africa,1997,10.28
south_africa,1998,11.99
south_africa,1999,13.18
south_africa,2000,11.42
south_africa,2001,11.41
south_africa,2002,10.64
south_africa,2003,11.01
south_africa,2004,9.88
south_africa,2005,10.78
south_africa,2006,10.57
south_africa,2007,10.93
south_africa,2008,10.8
south_africa,2009,9.67
south_africa,2010,12.25
south_africa,2011,12.74
south_africa,2012,13.8
south_africa,2013,13.38
spain,1990,14.92
spain,1991,16.27
spain,1992,17.17
spain,1993,15.87
spain,1994,15.57
spain,1995,16.17
spain,1996,21.17
spain,1997,25.16
spain,1998,26.51
spain,1999,26.29
spain,2000,27.27
spain,2001,29.71
spain,2002,29.85
spain,2003,30.65
spain,2004,32.26
spain,2005,34.53
spain,2006,36.04
spain,2007,37.15
spain,2008,38.18
spain,2009,37.29
spain,2010,35.9
spain,2011,38.32
spain,2012,37.55
spain,2013,33.75
sri_lanka,1990,1.22
sri_lanka,1991,0.97
sri_lanka,1992,0.95
sri_lanka,1993,1.1
sri_lanka,1994,1.1
sri_lanka,1995,1.1
sri_lanka,1996,1.25
sri_lanka,1997,0.87
sri_lanka,1998,0.82
sri_lanka,1999,0.74
sri_lanka,2000,0.83
sri_lanka,2001,0.7
sri_lanka,2002,0.81
sri_lanka,2003,0.71
sri_lanka,2004,0.78
sri_lanka,2005,1.48
sri_lanka,2006,1.4
sri_lanka,2007,0.86
sri_lanka,2008,0.93
sri_lanka,2009,0.86
sri_lanka,2010,1.01
sri_lanka,2011,1.57
sri_lanka,2012,2.11
sri_lanka,2013,2.11
sudan,1990,0.12
sudan,1991,0.12
sudan,1992,0.12
sudan,1993,0.11
sudan,1994,0.13
sudan,1995,0.14
sudan,1996,0.14
sudan,1997,0.14
sudan,1998,0.13
sudan,1999,0.32
sudan,2000,0.36
sudan,2001,0.41
sudan,2002,0.43
sudan,2003,0.62
sudan,2004,0.82
sudan,2005,1.02
sudan,2006,0.89
sudan,2007,0.77
sudan,2008,0.85
sudan,2009,0.88
sudan,2010,0.91
sudan,2011,1.04
sudan,2012,0.76
sudan,2013,0.84
suriname,2000,0.07
suriname,2001,0.07
suriname,2002,0.09
suriname,2003,0.1
suriname,2004,0.1
suriname,2005,0.11
suriname,2006,0.11
suriname,2007,0.11
suriname,2008,0.12
suriname,2009,0.12
suriname,2010,0.13
suriname,2011,0.14
suriname,2012,0.14
suriname,2013,0.15
sweden,1990,3.2
sweden,1991,3.6
sweden,1992,4.01
sweden,1993,4.55
sweden,1994,5.12
sweden,1995,5.1
sweden,1996,5.32
sweden,1997,6.01
sweden,1998,6.88
sweden,1999,6.87
sweden,2000,6.41
sweden,2001,6.55
sweden,2002,5.41
sweden,2003,6.68
sweden,2004,7.93
sweden,2005,8.07
sweden,2006,8.62
sweden,2007,8.56
sweden,2008,8.84
sweden,2009,8.89
sweden,2010,8.31
sweden,2011,7.71
sweden,2012,7.5
sweden,2013,7.47
switzerland,1990,3.09
switzerland,1991,2.92
switzerland,1992,3.16
switzerland,1993,3.34
switzerland,1994,3.56
switzerland,1995,3.71
switzerland,1996,3.87
switzerland,1997,4.04
switzerland,1998,4.21
switzerland,1999,4.41
switzerland,2000,4.64
switzerland,2001,4.51
switzerland,2002,3.99
switzerland,2003,3.64
switzerland,2004,3.47
switzerland,2005,3.56
switzerland,2006,3.75
switzerland,2007,3.94
switzerland,2008,4.21
switzerland,2009,4.05
switzerland,2010,4.23
switzerland,2011,4.55
switzerland,2012,4.62
switzerland,2013,4.63
syria,1990,3.73
syria,1991,3.9
syria,1992,4.05
syria,1993,3.97
syria,1994,4.09
syria,1995,4.1
syria,1996,3.93
syria,1997,4
syria,1998,4.11
syria,1999,4.09
syria,2000,4.13
syria,2001,3.85
syria,2002,3.93
syria,2003,3.68
syria,2004,3.92
syria,2005,3.53
syria,2006,3.8
syria,2007,3.43
syria,2008,3.37
syria,2009,3.57
syria,2010,3.56
syria,2011,3.08
syria,2012,1.97
syria,2013,1.27
tajikistan,1990,0.05
tajikistan,1991,0.05
tajikistan,1992,0.05
tajikistan,1993,0.05
tajikistan,1994,0.02
tajikistan,1995,0.02
tajikistan,1996,0.02
tajikistan,1997,0.02
tajikistan,1998,0.02
tajikistan,1999,0.02
tajikistan,2000,0.01
tajikistan,2001,0.01
tajikistan,2002,0.02
tajikistan,2003,0.01
tajikistan,2004,0.02
tajikistan,2005,0.03
tajikistan,2006,0.06
tajikistan,2007,0.07
tajikistan,2008,0.08
tajikistan,2009,0.08
tajikistan,2010,0.09
tajikistan,2011,0.1
tajikistan,2012,0.1
tajikistan,2013,0.11
tanzania,1990,0.3
tanzania,1991,0.29
tanzania,1992,0.28
tanzania,1993,0.22
tanzania,1994,0.23
tanzania,1995,0.26
tanzania,1996,0.26
tanzania,1997,0.25
tanzania,1998,0.25
tanzania,1999,0.25
tanzania,2000,0.26
tanzania,2001,0.28
tanzania,2002,0.3
tanzania,2003,0.32
tanzania,2004,0.35
tanzania,2005,0.37
tanzania,2006,0.4
tanzania,2007,0.42
tanzania,2008,0.45
tanzania,2009,0.45
tanzania,2010,0.48
tanzania,2011,0.52
tanzania,2012,0.54
tanzania,2013,0.59
thailand,1990,7.36
thailand,1991,7.34
thailand,1992,8.94
thailand,1993,9.19
thailand,1994,10.41
thailand,1995,10.64
thailand,1996,10.38
thailand,1997,11.1
thailand,1998,9.77
thailand,1999,10.64
thailand,2000,10.84
thailand,2001,11.47
thailand,2002,12.03
thailand,2003,12.8
thailand,2004,14.72
thailand,2005,15.5
thailand,2006,16.12
thailand,2007,15.68
thailand,2008,15.08
thailand,2009,14.2
thailand,2010,14.46
thailand,2011,14.13
thailand,2012,13.28
thailand,2013,14.13
togo,1990,0.11
togo,1991,0.09
togo,1992,0.08
togo,1993,0.04
togo,1994,0.08
togo,1995,0.12
togo,1996,0.15
togo,1997,0.14
togo,1998,0.18
togo,1999,0.04
togo,2000,0.05
togo,2001,0.05
togo,2002,0.06
togo,2003,0.1
togo,2004,0.14
togo,2005,0.16
togo,2006,0.12
togo,2007,0.11
togo,2008,0.2
togo,2009,0.25
togo,2010,0.27
togo,2011,0.25
togo,2012,0.27
togo,2013,0.29
trinidad_tobago,1990,0.31
trinidad_tobago,1991,0.29
trinidad_tobago,1992,0.37
trinidad_tobago,1993,0.34
trinidad_tobago,1994,0.31
trinidad_tobago,1995,0.34
trinidad_tobago,1996,0.2
trinidad_tobago,1997,0.22
trinidad_tobago,1998,0.22
trinidad_tobago,1999,1.33
trinidad_tobago,2000,1.54
trinidad_tobago,2001,1.57
trinidad_tobago,2002,2.12
trinidad_tobago,2003,2.19
trinidad_tobago,2004,3.2
trinidad_tobago,2005,2.7
trinidad_tobago,2006,2.65
trinidad_tobago,2007,2.69
trinidad_tobago,2008,2.64
trinidad_tobago,2009,2.57
trinidad_tobago,2010,1.92
trinidad_tobago,2011,2.14
trinidad_tobago,2012,1.98
trinidad_tobago,2013,2.62
tunisia,1990,0.64
tunisia,1991,0.51
tunisia,1992,0.67
tunisia,1993,0.75
tunisia,1994,0.86
tunisia,1995,0.81
tunisia,1996,0.83
tunisia,1997,0.94
tunisia,1998,0.99
tunisia,1999,1.05
tunisia,2000,0.92
tunisia,2001,0.86
tunisia,2002,0.72
tunisia,2003,0.67
tunisia,2004,0.76
tunisia,2005,0.71
tunisia,2006,0.71
tunisia,2007,0.75
tunisia,2008,0.82
tunisia,2009,0.64
tunisia,2010,0.8
tunisia,2011,0.77
tunisia,2012,0.91
tunisia,2013,0.92
turkey,1990,0.92
turkey,1991,1.12
turkey,1992,1.12
turkey,1993,1.26
turkey,1994,1.12
turkey,1995,1.37
turkey,1996,1.37
turkey,1997,1.83
turkey,1998,1.98
turkey,1999,2.36
turkey,2000,2.82
turkey,2001,2.29
turkey,2002,4.25
turkey,2003,4.64
turkey,2004,6.04
turkey,2005,6.59
turkey,2006,6.03
turkey,2007,6.11
turkey,2008,5.98
turkey,2009,5.12
turkey,2010,4.8
turkey,2011,3.96
turkey,2012,3.67
turkey,2013,6.89
turkmenistan,1990,0.76
turkmenistan,1991,1.03
turkmenistan,1992,0.93
turkmenistan,1993,0.68
turkmenistan,1994,0.67
turkmenistan,1995,0.62
turkmenistan,1996,0.69
turkmenistan,1997,0.79
turkmenistan,1998,0.92
turkmenistan,1999,1
turkmenistan,2000,0.98
turkmenistan,2001,0.99
turkmenistan,2002,1.13
turkmenistan,2003,1.29
turkmenistan,2004,1.29
turkmenistan,2005,1.35
turkmenistan,2006,1.26
turkmenistan,2007,1.35
turkmenistan,2008,1.41
turkmenistan,2009,1.48
turkmenistan,2010,1.63
turkmenistan,2011,1.48
turkmenistan,2012,1.28
turkmenistan,2013,1.4
ukraine,1990,6.18
ukraine,1991,5.57
ukraine,1992,2.18
ukraine,1993,0.93
ukraine,1994,0.57
ukraine,1995,0.48
ukraine,1996,0.88
ukraine,1997,0.87
ukraine,1998,0.66
ukraine,1999,0.88
ukraine,2000,0.78
ukraine,2001,0.75
ukraine,2002,0.9
ukraine,2003,1.11
ukraine,2004,1.13
ukraine,2005,1.12
ukraine,2006,1
ukraine,2007,0.85
ukraine,2008,0.79
ukraine,2009,0.73
ukraine,2010,0.83
ukraine,2011,0.74
ukraine,2012,0.92
ukraine,2013,0.38
united_arab_emirates,1990,29.08
united_arab_emirates,1991,39.96
united_arab_emirates,1992,39.82
united_arab_emirates,1993,40.65
united_arab_emirates,1994,43.78
united_arab_emirates,1995,43.69
united_arab_emirates,1996,43.04
united_arab_emirates,1997,43.73
united_arab_emirates,1998,43.54
united_arab_emirates,1999,41.72
united_arab_emirates,2000,39.65
united_arab_emirates,2001,37.41
united_arab_emirates,2002,35.32
united_arab_emirates,2003,39.86
united_arab_emirates,2004,45.07
united_arab_emirates,2005,46.62
united_arab_emirates,2006,51.1
united_arab_emirates,2007,55.98
united_arab_emirates,2008,58.67
united_arab_emirates,2009,52.46
united_arab_emirates,2010,55.72
united_arab_emirates,2011,59
united_arab_emirates,2012,58.59
united_arab_emirates,2013,60.33
united_kingdom,1990,26.97
united_kingdom,1991,25.63
united_kingdom,1992,27.23
united_kingdom,1993,28.29
united_kingdom,1994,28.27
united_kingdom,1995,29.84
united_kingdom,1996,31.58
united_kingdom,1997,33.54
united_kingdom,1998,36.33
united_kingdom,1999,36.01
united_kingdom,2000,37.74
united_kingdom,2001,37.63
united_kingdom,2002,36.39
united_kingdom,2003,36.63
united_kingdom,2004,40.05
united_kingdom,2005,42.42
united_kingdom,2006,43.75
united_kingdom,2007,43.74
united_kingdom,2008,46.11
united_kingdom,2009,43.62
united_kingdom,2010,40.88
united_kingdom,2011,43.19
united_kingdom,2012,40.74
united_kingdom,2013,40.08
united_states,1990,130.79
united_states,1991,137.05
united_states,1992,143.94
united_states,1993,132.43
united_states,1994,130.13
united_states,1995,137.85
united_states,1996,134.58
united_states,1997,126.7
united_states,1998,126.46
united_states,1999,140.46
united_states,2000,147.49
united_states,2001,114.25
united_states,2002,138.8
united_states,2003,123.06
united_states,2004,141.2
united_states,2005,151.48
united_states,2006,158.28
united_states,2007,168.05
united_states,2008,154.06
united_states,2009,141.12
united_states,2010,148.78
united_states,2011,149.68
united_states,2012,110.22
united_states,2013,116.5
uruguay,1990,0.37
uruguay,1991,0.45
uruguay,1992,0.65
uruguay,1993,0.98
uruguay,1994,0.59
uruguay,1995,1.22
uruguay,1996,0.96
uruguay,1997,0.89
uruguay,1998,0.84
uruguay,1999,0.89
uruguay,2000,1.05
uruguay,2001,1.23
uruguay,2002,1.19
uruguay,2003,1.12
uruguay,2004,1.21
uruguay,2005,1.26
uruguay,2006,0.95
uruguay,2007,1.28
uruguay,2008,1.63
uruguay,2009,1.83
uruguay,2010,1.66
uruguay,2011,1.48
uruguay,2012,1.27
uruguay,2013,0.95
uzbekistan,1990,0
uzbekistan,1991,0
uzbekistan,1992,0
uzbekistan,1993,0
uzbekistan,1994,0
uzbekistan,1995,0
uzbekistan,1996,0
uzbekistan,1997,0
uzbekistan,1998,0
uzbekistan,1999,0
uzbekistan,2000,0
uzbekistan,2001,0
uzbekistan,2002,0
uzbekistan,2003,0
uzbekistan,2004,0
uzbekistan,2005,0
uzbekistan,2006,0
uzbekistan,2007,0
uzbekistan,2008,0
uzbekistan,2009,0
uzbekistan,2010,0
uzbekistan,2011,0
uzbekistan,2012,0
uzbekistan,2013,0
venezuela,1990,3.56
venezuela,1991,4.17
venezuela,1992,3.93
venezuela,1993,3.9
venezuela,1994,3.48
venezuela,1995,3.33
venezuela,1996,3.23
venezuela,1997,3.01
venezuela,1998,2.56
venezuela,1999,2.57
venezuela,2000,3.03
venezuela,2001,3.03
venezuela,2002,2.81
venezuela,2003,2.54
venezuela,2004,4.09
venezuela,2005,4.4
venezuela,2006,3.23
venezuela,2007,3.46
venezuela,2008,3.4
venezuela,2009,3.35
venezuela,2010,4.67
venezuela,2011,3.35
venezuela,2012,4.98
venezuela,2013,4.95
vietnam,1990,0.09
vietnam,1991,0.1
vietnam,1992,0.11
vietnam,1993,0.15
vietnam,1994,0.16
vietnam,1995,0.34
vietnam,1996,0.36
vietnam,1997,0.3
vietnam,1998,0.42
vietnam,1999,0.62
vietnam,2000,0.76
vietnam,2001,0.95
vietnam,2002,1.08
vietnam,2003,1.18
vietnam,2004,1.72
vietnam,2005,1.75
vietnam,2006,1.84
vietnam,2007,1.97
vietnam,2008,2.22
vietnam,2009,2.45
vietnam,2010,3.06
vietnam,2011,2.42
vietnam,2012,2.52
vietnam,2013,2.73
world,1990,630.23
world,1991,637.52
world,1992,674.83
world,1993,670.18
world,1994,695.24
world,1995,718.09
world,1996,738.05
world,1997,765.41
world,1998,789.58
world,1999,826.9
world,2000,852.52
world,2001,820.29
world,2002,859.05
world,2003,868.06
world,2004,949.27
world,2005,996.64
world,2006,1048.34
world,2007,1098.64
world,2008,1107.82
world,2009,1056.96
world,2010,1126.06
world,2011,1147.01
world,2012,1088.82
world,2013,1105.33
yemen,1990,1.43
yemen,1991,1.18
yemen,1992,1.43
yemen,1993,0.61
yemen,1994,0.59
yemen,1995,0.59
yemen,1996,0.57
yemen,1997,0.59
yemen,1998,0.59
yemen,1999,0.52
yemen,2000,0.69
yemen,2001,0.61
yemen,2002,0.68
yemen,2003,0.66
yemen,2004,0.7
yemen,2005,0.72
yemen,2006,0.71
yemen,2007,0.75
yemen,2008,0.71
yemen,2009,0.75
yemen,2010,0.71
yemen,2011,0.5
yemen,2012,0.42
yemen,2013,0.62
zambia,1990,0.2
zambia,1991,0.11
zambia,1992,0.12
zambia,1993,0.11
zambia,1994,0.11
zambia,1995,0.1
zambia,1996,0.09
zambia,1997,0.07
zambia,1998,0.09
zambia,1999,0.11
zambia,2000,0.13
zambia,2001,0.14
zambia,2002,0.14
zambia,2003,0.15
zambia,2004,0.16
zambia,2005,0.17
zambia,2006,0.18
zambia,2007,0.1
zambia,2008,0.12
zambia,2009,0.09
zambia,2010,0.09
zambia,2011,0.1
zambia,2012,0.15
zambia,2013,0.15
zimbabwe,1990,0.25
zimbabwe,1991,0.44
zimbabwe,1992,0.25
zimbabwe,1993,0.23
zimbabwe,1994,0.31
zimbabwe,1995,0.35
zimbabwe,1996,0.38
zimbabwe,1997,0.38
zimbabwe,1998,0.38
zimbabwe,1999,0.28
zimbabwe,2000,0.36
zimbabwe,2001,0.28
zimbabwe,2002,0.19
zimbabwe,2003,0.11
zimbabwe,2004,0.03
zimbabwe,2005,0.03
zimbabwe,2006,0.03
zimbabwe,2007,0.03
zimbabwe,2008,0.02
zimbabwe,2009,0.02
zimbabwe,2010,0.03
zimbabwe,2011,0.03
zimbabwe,2012,0.03
zimbabwe,2013,0.03
